ADC,ADM,APH,APO,APP,ARES,AZO,BKNG,BRK-B,BTAL,BTE,BX,CASY,COST,CTA,CVX,CWST,CYA,DBMF,DECK,DOW,EGP,EXEL,FANG,FICO,FMF,FR,GILD,IVOL,KKR,KLAC,KMLM,LLY,LMT,MCK,MELI,META,MPC,MPWR,MSFT,NNN,O,ORLY,PFIX,PGR,PLD,PSA,REXR,RSBT,RSG,SCHD,SCHG,STAG,SVXY,TMUS,TRI,TRNO,TSLA,UNH,VOO,VRT,VRTX,WM,WMT,WPC,XLG,XME,XOM,GIC,date
0.0,0.0,0.0,0.0,0.0,0.0,0.0,0.0,0.0,0.0,0.0,0.0,0.0,0.0,0.0,0.0,0.0,0.0,0.0,0.0,0.0,0.0,0.0,0.0,0.0,0.0,0.0,0.0,0.0,0.0,0.0,0.0,0.0,0.0,0.0,0.0,0.0,0.0,0.0,0.0,0.0,0.0,0.0,0.0,0.0,0.0,0.0,0.0,0.0,0.0,0.0,0.0,0.0,0.0,0.0,0.0,0.0,0.0,0.0,0.0,0.0,0.0,0.0,0.0,0.0,0.0,0.0,0.0,408000.0,2008-01-21
0.0,0.0,0.0,2903.0,0.0,0.0,0.0,0.0,0.0,0.0,0.0,0.0,0.0,0.0,0.0,0.0,0.0,0.0,0.0,2991.0,0.0,0.0,0.0,0.0,0.0,0.0,0.0,0.0,0.0,0.0,0.0,0.0,0.0,0.0,0.0,0.0,0.0,0.0,0.0,0.0,0.0,0.0,0.0,0.0,0.0,0.0,0.0,0.0,0.0,0.0,0.0,0.0,0.0,0.0,0.0,0.0,0.0,0.0,0.0,0.0,0.0,0.0,0.0,0.0,0.0,0.0,0.0,0.0,367193.5347,2008-02-18
0.0,0.0,0.0,2894.0,0.0,0.0,0.0,0.0,0.0,0.0,1992.0,0.0,0.0,0.0,0.0,0.0,0.0,0.0,0.0,3197.0,0.0,0.0,0.0,0.0,0.0,0.0,0.0,0.0,0.0,0.0,0.0,0.0,0.0,0.0,0.0,0.0,0.0,0.0,0.0,0.0,0.0,0.0,0.0,0.0,1.0,0.0,0.0,0.0,0.0,0.0,0.0,0.0,0.0,0.0,0.0,0.0,0.0,0.0,0.0,0.0,0.0,0.0,0.0,0.0,0.0,0.0,0.0,0.0,345578.6533,2008-03-17
0.0,0.0,0.0,2897.0,0.0,0.0,0.0,0.0,0.0,0.0,1687.0,0.0,0.0,0.0,0.0,0.0,0.0,0.0,0.0,0.0,0.0,0.0,0.0,1.0,0.0,0.0,0.0,0.0,0.0,0.0,0.0,0.0,0.0,0.0,0.0,0.0,0.0,0.0,0.0,0.0,0.0,0.0,0.0,0.0,0.0,0.0,0.0,0.0,0.0,0.0,0.0,0.0,0.0,0.0,0.0,0.0,0.0,0.0,0.0,0.0,0.0,0.0,0.0,0.0,0.0,0.0,0.0,0.0,366457.8299,2008-04-14
0.0,0.0,0.0,2909.0,0.0,0.0,0.0,0.0,0.0,0.0,1572.0,0.0,0.0,0.0,0.0,0.0,0.0,0.0,0.0,3301.0,0.0,0.0,0.0,0.0,0.0,0.0,0.0,0.0,0.0,0.0,0.0,0.0,0.0,0.0,0.0,0.0,0.0,0.0,0.0,0.0,0.0,0.0,0.0,0.0,0.0,0.0,0.0,0.0,0.0,0.0,0.0,0.0,0.0,0.0,0.0,0.0,0.0,0.0,0.0,0.0,0.0,789.0,0.0,1607.0,0.0,0.0,0.0,0.0,306532.35199999996,2008-05-12
0.0,0.0,4121.0,2989.0,0.0,0.0,0.0,3850.0,0.0,0.0,1392.0,0.0,0.0,0.0,0.0,0.0,0.0,0.0,0.0,2680.0,0.0,0.0,0.0,0.0,0.0,0.0,0.0,0.0,0.0,0.0,0.0,0.0,0.0,0.0,0.0,0.0,0.0,0.0,1025.0,0.0,0.0,0.0,0.0,0.0,0.0,0.0,0.0,0.0,0.0,0.0,0.0,0.0,0.0,0.0,0.0,0.0,0.0,0.0,0.0,0.0,0.0,0.0,0.0,0.0,0.0,0.0,0.0,0.0,293856.3476,2008-06-09
0.0,0.0,0.0,2989.0,0.0,0.0,0.0,0.0,0.0,0.0,1197.0,0.0,0.0,0.0,0.0,0.0,0.0,0.0,0.0,0.0,0.0,0.0,0.0,0.0,0.0,0.0,0.0,0.0,0.0,0.0,0.0,0.0,0.0,0.0,0.0,0.0,0.0,0.0,0.0,0.0,0.0,0.0,0.0,0.0,0.0,0.0,0.0,0.0,0.0,0.0,0.0,0.0,0.0,0.0,0.0,0.0,0.0,0.0,0.0,0.0,0.0,0.0,0.0,0.0,0.0,0.0,0.0,0.0,378044.7734,2008-07-07
0.0,0.0,0.0,0.0,0.0,0.0,0.0,0.0,0.0,0.0,1192.0,0.0,0.0,0.0,0.0,0.0,0.0,0.0,0.0,0.0,0.0,0.0,0.0,0.0,0.0,0.0,0.0,0.0,0.0,0.0,0.0,0.0,0.0,0.0,0.0,0.0,0.0,0.0,0.0,0.0,0.0,0.0,0.0,0.0,0.0,0.0,0.0,0.0,0.0,0.0,0.0,0.0,0.0,0.0,0.0,0.0,0.0,0.0,0.0,0.0,0.0,0.0,0.0,0.0,0.0,0.0,0.0,0.0,399104.4606,2008-08-04
1953.0,0.0,4136.0,2981.0,0.0,0.0,0.0,0.0,0.0,0.0,1264.0,1.0,992.0,0.0,0.0,0.0,1662.0,0.0,0.0,0.0,0.0,0.0,2991.0,0.0,0.0,0.0,0.0,0.0,0.0,2799.0,0.0,0.0,0.0,0.0,0.0,393.0,0.0,1510.0,974.0,0.0,2380.0,2097.0,0.0,0.0,1811.0,0.0,493.0,0.0,0.0,959.0,0.0,0.0,0.0,0.0,0.0,0.0,0.0,0.0,0.0,0.0,0.0,0.0,0.0,0.0,0.0,0.0,0.0,0.0,92297.53499999997,2008-09-01
0.0,0.0,4040.0,2984.0,0.0,0.0,0.0,0.0,0.0,0.0,1202.0,3032.0,0.0,0.0,0.0,0.0,0.0,0.0,0.0,3319.0,0.0,0.0,0.0,0.0,0.0,0.0,0.0,1152.0,0.0,3021.0,0.0,0.0,0.0,309.0,0.0,0.0,0.0,0.0,0.0,0.0,0.0,0.0,0.0,0.0,1340.0,0.0,0.0,0.0,0.0,943.0,0.0,0.0,0.0,0.0,0.0,0.0,0.0,0.0,0.0,0.0,1.0,0.0,0.0,0.0,0.0,0.0,0.0,495.0,195296.92859999998,2008-09-29
0.0,0.0,0.0,2783.0,0.0,0.0,0.0,0.0,0.0,0.0,0.0,0.0,0.0,0.0,0.0,0.0,0.0,0.0,0.0,0.0,0.0,0.0,0.0,0.0,0.0,0.0,0.0,0.0,0.0,0.0,0.0,0.0,0.0,0.0,0.0,0.0,0.0,0.0,0.0,0.0,0.0,0.0,0.0,0.0,0.0,0.0,0.0,0.0,0.0,0.0,0.0,0.0,0.0,0.0,0.0,0.0,0.0,0.0,0.0,0.0,0.0,0.0,0.0,0.0,0.0,0.0,0.0,0.0,371521.9687,2008-10-27
0.0,0.0,0.0,2782.0,0.0,0.0,0.0,0.0,0.0,0.0,0.0,0.0,0.0,0.0,0.0,0.0,0.0,0.0,0.0,0.0,0.0,0.0,0.0,1.0,0.0,0.0,0.0,0.0,0.0,0.0,0.0,0.0,0.0,0.0,0.0,0.0,0.0,0.0,0.0,0.0,0.0,0.0,0.0,0.0,0.0,0.0,0.0,0.0,0.0,0.0,0.0,0.0,0.0,0.0,0.0,0.0,0.0,0.0,0.0,0.0,0.0,0.0,0.0,0.0,0.0,0.0,0.0,0.0,371494.9012,2008-11-24
0.0,1158.0,0.0,2783.0,0.0,0.0,0.0,0.0,0.0,0.0,0.0,0.0,0.0,0.0,0.0,0.0,0.0,0.0,0.0,0.0,0.0,0.0,0.0,0.0,0.0,0.0,0.0,0.0,0.0,0.0,0.0,0.0,0.0,0.0,0.0,0.0,0.0,0.0,0.0,0.0,0.0,0.0,0.0,0.0,0.0,0.0,0.0,0.0,0.0,0.0,0.0,0.0,0.0,0.0,0.0,0.0,0.0,0.0,0.0,0.0,0.0,0.0,0.0,0.0,0.0,0.0,0.0,0.0,351924.1917,2008-12-22
2938.0,0.0,0.0,2786.0,0.0,0.0,152.0,0.0,0.0,0.0,0.0,0.0,0.0,0.0,0.0,0.0,0.0,0.0,0.0,0.0,0.0,0.0,3852.0,0.0,1401.0,0.0,0.0,0.0,0.0,0.0,1710.0,0.0,844.0,0.0,605.0,0.0,0.0,0.0,0.0,0.0,2947.0,1993.0,0.0,0.0,0.0,1565.0,496.0,0.0,0.0,0.0,0.0,0.0,0.0,0.0,0.0,0.0,0.0,0.0,626.0,0.0,0.0,0.0,0.0,0.0,2576.0,0.0,0.0,0.0,124591.51860000001,2009-01-19
0.0,0.0,0.0,2745.0,0.0,0.0,0.0,0.0,0.0,0.0,0.0,0.0,0.0,0.0,0.0,0.0,0.0,0.0,0.0,0.0,0.0,0.0,0.0,0.0,0.0,0.0,0.0,0.0,0.0,0.0,0.0,0.0,0.0,0.0,0.0,0.0,0.0,0.0,0.0,0.0,0.0,0.0,0.0,0.0,0.0,0.0,0.0,0.0,0.0,0.0,0.0,0.0,0.0,0.0,0.0,0.0,0.0,0.0,0.0,0.0,0.0,0.0,0.0,0.0,3.0,0.0,0.0,0.0,366842.9665,2009-02-16
0.0,0.0,0.0,2749.0,0.0,0.0,0.0,0.0,0.0,0.0,0.0,0.0,0.0,0.0,0.0,0.0,0.0,0.0,0.0,0.0,0.0,0.0,0.0,0.0,0.0,0.0,0.0,0.0,0.0,0.0,0.0,0.0,0.0,0.0,0.0,0.0,0.0,0.0,0.0,0.0,0.0,0.0,0.0,0.0,0.0,0.0,0.0,0.0,0.0,0.0,0.0,0.0,0.0,0.0,0.0,0.0,0.0,0.0,0.0,0.0,0.0,0.0,0.0,0.0,0.0,0.0,0.0,0.0,366816.39489999996,2009-03-16
0.0,1079.0,0.0,2748.0,0.0,0.0,0.0,0.0,0.0,0.0,0.0,0.0,0.0,0.0,0.0,0.0,0.0,0.0,0.0,0.0,0.0,0.0,0.0,0.0,0.0,0.0,0.0,0.0,0.0,0.0,0.0,0.0,0.0,0.0,0.0,0.0,0.0,0.0,0.0,0.0,0.0,0.0,0.0,0.0,0.0,0.0,0.0,0.0,0.0,0.0,0.0,0.0,0.0,0.0,0.0,0.0,0.0,0.0,0.0,0.0,0.0,0.0,0.0,0.0,0.0,0.0,0.0,0.0,347510.32979999995,2009-04-13
2818.0,0.0,0.0,2742.0,0.0,0.0,0.0,0.0,0.0,0.0,0.0,0.0,819.0,0.0,0.0,558.0,0.0,0.0,0.0,0.0,0.0,0.0,0.0,0.0,603.0,0.0,0.0,1173.0,0.0,0.0,0.0,0.0,942.0,441.0,0.0,919.0,0.0,0.0,0.0,1341.0,2468.0,2109.0,0.0,0.0,2237.0,1777.0,276.0,0.0,0.0,1402.0,0.0,0.0,0.0,0.0,707.0,0.0,0.0,0.0,0.0,0.0,1.0,0.0,1121.0,1592.0,2339.0,0.0,792.0,0.0,-166.11060000007274,2009-05-11
2856.0,0.0,0.0,2805.0,0.0,1755.0,123.0,0.0,0.0,0.0,0.0,3843.0,381.0,0.0,0.0,571.0,0.0,0.0,0.0,0.0,0.0,0.0,0.0,0.0,1162.0,0.0,0.0,0.0,0.0,0.0,0.0,0.0,0.0,414.0,554.0,0.0,0.0,1422.0,1370.0,0.0,0.0,2181.0,0.0,0.0,0.0,0.0,0.0,0.0,0.0,1213.0,0.0,0.0,0.0,0.0,0.0,0.0,0.0,0.0,922.0,0.0,0.0,0.0,0.0,0.0,2306.0,0.0,0.0,529.0,70639.11359999987,2009-06-08
0.0,0.0,0.0,2878.0,0.0,1801.0,127.0,0.0,0.0,0.0,1885.0,0.0,900.0,2.0,0.0,564.0,0.0,0.0,0.0,0.0,0.0,0.0,0.0,0.0,0.0,0.0,0.0,0.0,0.0,0.0,0.0,0.0,2.0,0.0,555.0,0.0,0.0,1459.0,0.0,1243.0,0.0,2084.0,0.0,0.0,0.0,0.0,0.0,0.0,0.0,0.0,0.0,0.0,0.0,0.0,0.0,1034.0,0.0,0.0,1002.0,0.0,0.0,0.0,1108.0,42.0,0.0,0.0,0.0,513.0,120860.43399999983,2009-07-06
2652.0,1162.0,0.0,2828.0,0.0,1770.0,129.0,0.0,0.0,0.0,1932.0,0.0,0.0,23.0,0.0,1.0,0.0,0.0,0.0,0.0,0.0,0.0,0.0,0.0,0.0,0.0,0.0,1257.0,0.0,0.0,0.0,0.0,0.0,0.0,519.0,0.0,0.0,1433.0,1044.0,1161.0,0.0,2106.0,0.0,0.0,2324.0,0.0,556.0,0.0,0.0,0.0,0.0,0.0,0.0,0.0,0.0,1097.0,0.0,0.0,0.0,0.0,0.0,0.0,1114.0,1763.0,0.0,0.0,0.0,542.0,39022.60139999981,2009-08-03
0.0,0.0,0.0,3026.0,0.0,0.0,140.0,4047.0,0.0,0.0,0.0,10.0,0.0,0.0,0.0,0.0,0.0,0.0,0.0,0.0,0.0,0.0,0.0,6.0,0.0,0.0,0.0,0.0,0.0,0.0,1.0,0.0,0.0,0.0,0.0,0.0,0.0,1289.0,0.0,0.0,0.0,0.0,0.0,0.0,0.0,0.0,0.0,0.0,0.0,0.0,0.0,0.0,0.0,0.0,0.0,0.0,0.0,0.0,0.0,0.0,0.0,0.0,0.0,0.0,0.0,0.0,0.0,0.0,343340.7486999998,2009-08-31
852.0,0.0,0.0,3044.0,0.0,0.0,0.0,3536.0,0.0,0.0,0.0,0.0,0.0,0.0,0.0,0.0,0.0,0.0,0.0,0.0,0.0,0.0,0.0,0.0,0.0,0.0,0.0,0.0,0.0,0.0,0.0,0.0,0.0,0.0,0.0,0.0,0.0,1543.0,0.0,0.0,0.0,0.0,0.0,0.0,0.0,0.0,0.0,0.0,0.0,0.0,0.0,0.0,0.0,0.0,0.0,0.0,0.0,0.0,0.0,0.0,0.0,0.0,0.0,0.0,0.0,0.0,0.0,0.0,355934.22919999977,2009-09-28
0.0,0.0,0.0,3064.0,0.0,0.0,150.0,3323.0,0.0,0.0,0.0,2.0,0.0,0.0,0.0,0.0,0.0,0.0,0.0,0.0,0.0,0.0,0.0,1.0,0.0,0.0,0.0,1322.0,0.0,4236.0,0.0,0.0,0.0,0.0,412.0,0.0,0.0,1338.0,0.0,1123.0,0.0,0.0,0.0,0.0,0.0,0.0,0.0,0.0,0.0,0.0,0.0,0.0,0.0,0.0,0.0,0.0,0.0,0.0,0.0,0.0,0.0,0.0,0.0,0.0,0.0,0.0,0.0,0.0,261367.89379999976,2009-10-26
0.0,0.0,0.0,3095.0,0.0,1937.0,158.0,3093.0,0.0,0.0,0.0,3378.0,0.0,0.0,0.0,1.0,0.0,0.0,0.0,3990.0,0.0,0.0,0.0,2.0,994.0,0.0,0.0,1449.0,0.0,3875.0,0.0,0.0,0.0,0.0,408.0,552.0,0.0,1416.0,0.0,0.0,0.0,0.0,0.0,0.0,0.0,1559.0,535.0,0.0,0.0,1157.0,0.0,0.0,0.0,0.0,0.0,0.0,0.0,0.0,0.0,0.0,0.0,0.0,1077.0,1838.0,0.0,0.0,0.0,548.0,45580.90239999979,2009-11-23
1321.0,1.0,0.0,3207.0,0.0,2004.0,152.0,2707.0,0.0,0.0,0.0,3509.0,827.0,210.0,0.0,0.0,0.0,0.0,0.0,0.0,0.0,0.0,0.0,1.0,1180.0,0.0,0.0,1387.0,0.0,4246.0,1239.0,0.0,0.0,0.0,405.0,479.0,0.0,1625.0,1167.0,0.0,0.0,0.0,0.0,0.0,0.0,0.0,518.0,0.0,0.0,1149.0,0.0,0.0,0.0,0.0,0.0,1133.0,0.0,0.0,0.0,0.0,0.0,0.0,1027.0,0.0,0.0,0.0,0.0,546.0,-190.7931000002427,2009-12-21
0.0,0.0,0.0,3237.0,0.0,2026.0,142.0,2641.0,0.0,0.0,1272.0,523.0,865.0,0.0,0.0,0.0,0.0,0.0,0.0,0.0,0.0,0.0,0.0,0.0,1096.0,0.0,0.0,1525.0,0.0,4538.0,0.0,0.0,0.0,0.0,405.0,0.0,0.0,1641.0,0.0,1000.0,2430.0,1919.0,0.0,0.0,0.0,0.0,0.0,0.0,0.0,1006.0,0.0,0.0,0.0,0.0,0.0,1127.0,0.0,0.0,912.0,0.0,0.0,0.0,1037.0,1785.0,0.0,0.0,0.0,610.0,-199.01830000028713,2010-01-18
2254.0,1177.0,0.0,3303.0,0.0,2067.0,149.0,2830.0,0.0,0.0,1174.0,0.0,0.0,0.0,0.0,0.0,0.0,0.0,0.0,0.0,0.0,0.0,0.0,0.0,0.0,0.0,0.0,1475.0,0.0,4175.0,444.0,0.0,0.0,0.0,424.0,0.0,0.0,1088.0,0.0,1009.0,2492.0,1898.0,0.0,0.0,0.0,0.0,0.0,0.0,0.0,1154.0,0.0,0.0,0.0,0.0,0.0,1087.0,0.0,0.0,887.0,0.0,0.0,0.0,1049.0,1812.0,0.0,0.0,0.0,617.0,-164.5848000003025,2010-02-15
2429.0,1180.0,0.0,3228.0,0.0,2020.0,140.0,2779.0,0.0,0.0,1.0,3573.0,879.0,0.0,0.0,0.0,0.0,0.0,0.0,0.0,1.0,0.0,0.0,0.0,0.0,0.0,0.0,1396.0,0.0,4061.0,179.0,0.0,0.0,495.0,435.0,0.0,0.0,0.0,0.0,1089.0,2530.0,1880.0,0.0,0.0,0.0,0.0,0.0,0.0,0.0,0.0,0.0,0.0,0.0,0.0,0.0,1017.0,0.0,0.0,910.0,0.0,0.0,0.0,1071.0,1797.0,0.0,0.0,0.0,639.0,-178.54880000039702,2010-03-15
2410.0,1298.0,0.0,3429.0,0.0,2146.0,142.0,2568.0,0.0,0.0,1084.0,504.0,0.0,0.0,0.0,0.0,0.0,0.0,0.0,3311.0,0.0,0.0,0.0,0.0,0.0,0.0,0.0,1467.0,0.0,3571.0,1322.0,0.0,0.0,469.0,448.0,0.0,0.0,0.0,0.0,1098.0,2312.0,1831.0,0.0,0.0,0.0,0.0,0.0,0.0,0.0,1171.0,0.0,0.0,0.0,0.0,0.0,0.0,0.0,0.0,956.0,0.0,0.0,0.0,0.0,1812.0,0.0,0.0,0.0,663.0,-176.0734000004013,2010-04-12
0.0,1348.0,0.0,3530.0,0.0,2210.0,141.0,2426.0,0.0,0.0,1095.0,0.0,0.0,0.0,0.0,0.0,0.0,0.0,0.0,0.0,0.0,0.0,0.0,0.0,0.0,0.0,0.0,1565.0,0.0,3785.0,1379.0,0.0,0.0,489.0,0.0,0.0,0.0,838.0,0.0,1092.0,2332.0,1750.0,0.0,0.0,2204.0,0.0,0.0,0.0,0.0,626.0,0.0,0.0,0.0,0.0,0.0,1066.0,0.0,0.0,991.0,0.0,0.0,0.0,1058.0,1879.0,0.0,0.0,0.0,659.0,-175.55450000043493,2010-05-10
0.0,1408.0,0.0,3460.0,0.0,2166.0,132.0,2478.0,0.0,0.0,1159.0,4148.0,750.0,0.0,0.0,1.0,0.0,0.0,0.0,0.0,0.0,0.0,0.0,307.0,0.0,0.0,0.0,1833.0,0.0,3707.0,1309.0,0.0,0.0,476.0,0.0,0.0,0.0,1489.0,0.0,1122.0,2304.0,1682.0,0.0,0.0,0.0,0.0,0.0,0.0,0.0,0.0,0.0,0.0,0.0,0.0,0.0,1002.0,0.0,0.0,0.0,0.0,0.0,0.0,1065.0,1927.0,0.0,0.0,0.0,680.0,-179.74780000041937,2010-06-07
0.0,1392.0,0.0,3168.0,0.0,1983.0,119.0,3212.0,0.0,0.0,1132.0,0.0,719.0,0.0,0.0,0.0,0.0,0.0,0.0,1646.0,0.0,0.0,0.0,0.0,0.0,0.0,0.0,0.0,0.0,3963.0,0.0,0.0,0.0,473.0,365.0,0.0,0.0,0.0,0.0,498.0,2320.0,1646.0,0.0,0.0,2036.0,0.0,0.0,0.0,0.0,1111.0,0.0,0.0,0.0,0.0,0.0,985.0,0.0,0.0,938.0,0.0,0.0,0.0,1046.0,1818.0,0.0,0.0,0.0,680.0,-181.0306000004639,2010-07-05
0.0,1332.0,0.0,3153.0,0.0,1974.0,113.0,3197.0,0.0,0.0,1096.0,0.0,715.0,0.0,0.0,1.0,0.0,0.0,0.0,1751.0,0.0,0.0,0.0,0.0,1007.0,0.0,0.0,1.0,0.0,4295.0,1427.0,0.0,0.0,483.0,372.0,0.0,0.0,0.0,0.0,1266.0,2244.0,1598.0,0.0,0.0,0.0,0.0,0.0,0.0,0.0,1055.0,0.0,0.0,0.0,0.0,644.0,950.0,0.0,0.0,0.0,0.0,0.0,0.0,1027.0,0.0,0.0,0.0,0.0,710.0,-118.59030000044731,2010-08-02
1.0,1301.0,0.0,3421.0,0.0,2141.0,113.0,2691.0,0.0,0.0,1094.0,0.0,722.0,184.0,0.0,1.0,0.0,0.0,0.0,2776.0,0.0,0.0,0.0,0.0,0.0,0.0,0.0,0.0,0.0,4441.0,0.0,0.0,0.0,514.0,0.0,0.0,0.0,1213.0,0.0,1213.0,2198.0,1578.0,0.0,0.0,0.0,0.0,0.0,0.0,0.0,1031.0,0.0,0.0,0.0,0.0,1653.0,972.0,0.0,0.0,0.0,0.0,0.0,0.0,1028.0,1937.0,0.0,0.0,0.0,703.0,-172.39170000050217,2010-08-30
0.0,1192.0,0.0,3400.0,0.0,2128.0,113.0,2099.0,0.0,0.0,1035.0,0.0,721.0,593.0,0.0,1.0,0.0,0.0,0.0,0.0,0.0,0.0,0.0,0.0,0.0,0.0,0.0,0.0,0.0,4120.0,1461.0,0.0,0.0,547.0,334.0,0.0,0.0,475.0,0.0,0.0,2137.0,1605.0,0.0,0.0,0.0,0.0,0.0,0.0,0.0,1116.0,0.0,0.0,0.0,0.0,1684.0,1047.0,0.0,0.0,0.0,0.0,0.0,0.0,1054.0,0.0,2156.0,0.0,0.0,728.0,-164.58300000050804,2010-09-27
0.0,0.0,4822.0,3646.0,0.0,2282.0,113.0,1889.0,0.0,0.0,1036.0,4855.0,691.0,502.0,0.0,0.0,0.0,0.0,0.0,366.0,0.0,0.0,0.0,0.0,0.0,0.0,0.0,0.0,0.0,4154.0,0.0,0.0,0.0,570.0,0.0,0.0,0.0,1848.0,0.0,1370.0,2183.0,1657.0,0.0,0.0,0.0,0.0,0.0,0.0,0.0,1194.0,0.0,0.0,0.0,0.0,0.0,1038.0,0.0,0.0,0.0,0.0,0.0,0.0,1055.0,1973.0,0.0,0.0,0.0,747.0,-185.0135000004666,2010-10-25
0.0,0.0,4864.0,3798.0,0.0,2377.0,113.0,1826.0,0.0,0.0,1016.0,4355.0,737.0,0.0,0.0,0.0,0.0,0.0,0.0,2972.0,0.0,0.0,0.0,0.0,1098.0,0.0,0.0,1953.0,0.0,3864.0,0.0,0.0,0.0,0.0,0.0,376.0,0.0,1925.0,0.0,1401.0,0.0,0.0,0.0,0.0,0.0,0.0,0.0,0.0,0.0,1198.0,0.0,0.0,0.0,0.0,0.0,1060.0,0.0,0.0,0.0,0.0,0.0,0.0,1057.0,2038.0,271.0,0.0,0.0,725.0,-165.20010000048205,2010-11-22
1334.0,0.0,4875.0,3886.0,0.0,2431.0,0.0,1653.0,0.0,0.0,0.0,4524.0,792.0,0.0,0.0,0.0,0.0,0.0,0.0,2400.0,0.0,0.0,1709.0,0.0,1162.0,0.0,0.0,2096.0,0.0,3657.0,0.0,0.0,0.0,0.0,471.0,434.0,0.0,1970.0,0.0,1395.0,0.0,1733.0,0.0,0.0,0.0,0.0,0.0,0.0,0.0,1342.0,0.0,0.0,0.0,0.0,0.0,1127.0,0.0,0.0,0.0,0.0,0.0,0.0,1135.0,2068.0,0.0,0.0,0.0,0.0,-179.74820000049658,2010-12-20
0.0,0.0,4935.0,4059.0,0.0,2541.0,97.0,1791.0,0.0,0.0,0.0,4617.0,756.0,0.0,0.0,47.0,0.0,0.0,0.0,1978.0,0.0,0.0,0.0,2.0,1217.0,0.0,0.0,0.0,0.0,3597.0,1242.0,0.0,0.0,0.0,460.0,0.0,0.0,2057.0,0.0,0.0,2304.0,1787.0,0.0,0.0,0.0,0.0,0.0,0.0,0.0,1301.0,0.0,0.0,0.0,0.0,1404.0,1187.0,0.0,0.0,0.0,0.0,0.0,0.0,1137.0,2173.0,0.0,0.0,0.0,0.0,-195.01870000059716,2011-01-17
1.0,1.0,5085.0,4149.0,0.0,2595.0,0.0,1694.0,0.0,0.0,864.0,4009.0,0.0,0.0,0.0,108.0,4069.0,0.0,0.0,2139.0,0.0,0.0,0.0,0.0,0.0,0.0,0.0,2207.0,0.0,3182.0,0.0,0.0,0.0,0.0,440.0,0.0,0.0,2103.0,0.0,1354.0,2479.0,1842.0,0.0,0.0,0.0,0.0,0.0,0.0,0.0,1342.0,0.0,0.0,0.0,0.0,1400.0,1151.0,0.0,0.0,0.0,0.0,0.0,0.0,934.0,2179.0,0.0,0.0,0.0,0.0,-199.3233000006294,2011-02-14
0.0,0.0,4728.0,4289.0,0.0,2685.0,0.0,1678.0,0.0,0.0,807.0,3783.0,0.0,0.0,0.0,138.0,4049.0,0.0,0.0,2090.0,0.0,0.0,0.0,0.0,1190.0,0.0,0.0,2262.0,0.0,3171.0,0.0,0.0,0.0,0.0,425.0,0.0,0.0,2174.0,0.0,0.0,2545.0,1822.0,0.0,0.0,0.0,0.0,0.0,0.0,0.0,1382.0,0.0,0.0,0.0,0.0,1420.0,1145.0,0.0,0.0,0.0,0.0,0.0,0.0,872.0,2253.0,0.0,0.0,0.0,0.0,-150.6682000006549,2011-03-14
2714.0,0.0,4926.0,4332.0,0.0,0.0,0.0,1671.0,361.0,0.0,0.0,3863.0,957.0,588.0,0.0,517.0,4255.0,0.0,0.0,2193.0,839.0,1195.0,3.0,1.0,0.0,0.0,0.0,0.0,0.0,2965.0,1140.0,0.0,0.0,0.0,0.0,464.0,0.0,2196.0,81.0,0.0,0.0,0.0,0.0,0.0,0.0,1408.0,485.0,0.0,0.0,0.0,0.0,0.0,0.0,0.0,0.0,0.0,0.0,0.0,0.0,0.0,2.0,0.0,0.0,0.0,0.0,4229.0,0.0,0.0,1036.3225999993738,2011-04-11
0.0,0.0,0.0,4453.0,0.0,2786.0,47.0,1554.0,0.0,0.0,727.0,3746.0,0.0,0.0,0.0,0.0,4682.0,0.0,0.0,1270.0,0.0,0.0,2820.0,0.0,0.0,0.0,3706.0,2196.0,0.0,3027.0,0.0,0.0,0.0,0.0,0.0,0.0,0.0,2257.0,0.0,1574.0,2539.0,1903.0,0.0,0.0,2333.0,0.0,0.0,0.0,0.0,1431.0,0.0,0.0,0.0,0.0,1169.0,0.0,0.0,0.0,0.0,0.0,0.0,0.0,0.0,2410.0,2160.0,0.0,0.0,0.0,-258.51380000065546,2011-05-09
0.0,0.0,0.0,4406.0,0.0,2825.0,111.0,1525.0,0.0,0.0,768.0,3783.0,929.0,0.0,0.0,139.0,0.0,0.0,0.0,2129.0,0.0,0.0,0.0,1.0,831.0,0.0,0.0,2225.0,0.0,3001.0,0.0,0.0,0.0,0.0,0.0,0.0,0.0,2288.0,0.0,1604.0,2500.0,1881.0,0.0,0.0,2349.0,0.0,0.0,0.0,0.0,1357.0,0.0,0.0,0.0,0.0,0.0,0.0,0.0,0.0,799.0,0.0,0.0,0.0,0.0,2342.0,2154.0,0.0,0.0,0.0,-111.30350000062026,2011-06-06
0.0,1.0,0.0,4468.0,0.0,2727.0,14.0,1550.0,0.0,0.0,784.0,4039.0,875.0,0.0,0.0,490.0,5278.0,0.0,0.0,0.0,0.0,0.0,0.0,1.0,1091.0,0.0,0.0,2166.0,0.0,3109.0,0.0,0.0,0.0,0.0,0.0,0.0,0.0,2210.0,0.0,1656.0,2537.0,1894.0,0.0,0.0,2371.0,0.0,0.0,0.0,0.0,1373.0,0.0,0.0,0.0,0.0,1126.0,0.0,0.0,0.0,0.0,0.0,0.0,0.0,0.0,2302.0,2018.0,0.0,0.0,0.0,-172.4178000005195,2011-07-04
0.0,0.0,5278.0,0.0,0.0,2831.0,0.0,1541.0,0.0,0.0,806.0,3899.0,813.0,0.0,0.0,94.0,5182.0,0.0,0.0,0.0,0.0,0.0,3464.0,0.0,1050.0,0.0,3841.0,2190.0,0.0,0.0,0.0,0.0,0.0,605.0,0.0,0.0,0.0,2293.0,0.0,1585.0,2619.0,1626.0,0.0,0.0,2378.0,0.0,0.0,0.0,0.0,0.0,0.0,0.0,0.0,0.0,1122.0,0.0,0.0,0.0,0.0,0.0,0.0,0.0,0.0,2400.0,1889.0,0.0,0.0,0.0,-186.9612000004854,2011-08-01
2742.0,0.0,0.0,0.0,0.0,0.0,0.0,1464.0,0.0,0.0,0.0,0.0,0.0,0.0,0.0,535.0,4967.0,0.0,0.0,1826.0,855.0,1154.0,3928.0,0.0,0.0,0.0,3758.0,0.0,0.0,0.0,1326.0,0.0,910.0,0.0,0.0,0.0,0.0,2099.0,0.0,0.0,0.0,0.0,0.0,0.0,0.0,1411.0,452.0,0.0,0.0,0.0,0.0,0.0,0.0,0.0,0.0,0.0,0.0,0.0,0.0,0.0,4.0,0.0,0.0,0.0,1931.0,0.0,0.0,689.0,130368.6278999995,2011-08-29
0.0,0.0,0.0,0.0,0.0,2580.0,94.0,1415.0,0.0,0.0,0.0,0.0,1.0,0.0,0.0,0.0,0.0,0.0,0.0,1903.0,0.0,0.0,0.0,0.0,0.0,0.0,0.0,2106.0,0.0,0.0,1328.0,0.0,0.0,0.0,413.0,0.0,0.0,0.0,0.0,1444.0,2197.0,0.0,0.0,0.0,0.0,0.0,410.0,0.0,0.0,0.0,0.0,0.0,0.0,0.0,0.0,0.0,0.0,0.0,0.0,0.0,0.0,0.0,1215.0,0.0,1702.0,0.0,0.0,0.0,232549.42489999952,2011-09-26
0.0,0.0,0.0,0.0,0.0,2583.0,88.0,1437.0,0.0,0.0,0.0,0.0,0.0,0.0,0.0,0.0,0.0,0.0,0.0,1738.0,0.0,0.0,0.0,0.0,0.0,0.0,0.0,2121.0,0.0,0.0,0.0,0.0,0.0,607.0,0.0,0.0,0.0,0.0,0.0,1470.0,0.0,0.0,0.0,0.0,0.0,0.0,0.0,0.0,0.0,0.0,0.0,0.0,0.0,0.0,0.0,0.0,0.0,0.0,0.0,0.0,0.0,592.0,0.0,0.0,1465.0,0.0,0.0,710.0,295752.3236999996,2011-10-24
2157.0,0.0,0.0,0.0,0.0,2628.0,16.0,1444.0,0.0,0.0,0.0,4373.0,0.0,481.0,0.0,500.0,4764.0,0.0,0.0,1659.0,0.0,1104.0,3963.0,0.0,1.0,0.0,4276.0,0.0,0.0,3687.0,1113.0,0.0,0.0,0.0,426.0,0.0,0.0,2492.0,0.0,0.0,0.0,0.0,0.0,0.0,0.0,0.0,412.0,0.0,0.0,1347.0,0.0,0.0,0.0,0.0,0.0,0.0,0.0,0.0,0.0,0.0,0.0,0.0,1209.0,2085.0,1742.0,0.0,0.0,0.0,-187.4655000003986,2011-11-21
2235.0,1444.0,0.0,0.0,0.0,2449.0,84.0,1465.0,0.0,0.0,0.0,0.0,0.0,465.0,0.0,0.0,0.0,0.0,0.0,1679.0,0.0,0.0,0.0,0.0,822.0,0.0,0.0,0.0,0.0,0.0,0.0,0.0,0.0,0.0,389.0,344.0,0.0,0.0,0.0,1408.0,0.0,1698.0,5440.0,0.0,0.0,0.0,384.0,0.0,0.0,0.0,0.0,0.0,0.0,0.0,0.0,0.0,0.0,0.0,781.0,0.0,0.0,0.0,0.0,0.0,1203.0,0.0,0.0,0.0,117469.67449999962,2011-12-19
2231.0,0.0,0.0,0.0,0.0,2470.0,85.0,1535.0,374.0,0.0,711.0,0.0,647.0,464.0,0.0,384.0,0.0,0.0,0.0,1860.0,0.0,0.0,0.0,0.0,1.0,0.0,0.0,2139.0,0.0,0.0,0.0,0.0,932.0,0.0,401.0,0.0,0.0,0.0,0.0,0.0,0.0,0.0,5264.0,0.0,0.0,0.0,370.0,0.0,0.0,0.0,0.0,0.0,0.0,0.0,0.0,0.0,0.0,0.0,0.0,0.0,0.0,0.0,0.0,0.0,1582.0,0.0,0.0,0.0,117351.48359999963,2012-01-16
2241.0,0.0,5403.0,0.0,0.0,2545.0,82.0,1507.0,254.0,0.0,711.0,0.0,0.0,0.0,0.0,0.0,4193.0,0.0,0.0,662.0,0.0,1019.0,0.0,1.0,0.0,0.0,0.0,1841.0,0.0,0.0,1001.0,0.0,0.0,0.0,410.0,0.0,0.0,0.0,2191.0,0.0,0.0,0.0,5249.0,0.0,0.0,0.0,361.0,0.0,0.0,1376.0,0.0,0.0,5164.0,1956.0,0.0,0.0,0.0,0.0,0.0,0.0,0.0,0.0,0.0,1913.0,1522.0,0.0,0.0,0.0,-182.54660000023432,2012-02-13
2365.0,1.0,5064.0,0.0,0.0,0.0,85.0,1367.0,385.0,0.0,744.0,3997.0,0.0,501.0,0.0,0.0,0.0,0.0,0.0,0.0,0.0,0.0,0.0,0.0,0.0,0.0,3633.0,1616.0,0.0,3339.0,0.0,0.0,0.0,0.0,417.0,329.0,0.0,2122.0,2043.0,0.0,0.0,0.0,5525.0,0.0,2220.0,0.0,373.0,0.0,0.0,0.0,0.0,0.0,5201.0,1418.0,0.0,0.0,0.0,0.0,0.0,0.0,0.0,0.0,0.0,0.0,0.0,0.0,0.0,0.0,6331.503199999686,2012-03-12
0.0,0.0,4983.0,0.0,0.0,0.0,81.0,1215.0,390.0,0.0,767.0,0.0,0.0,476.0,0.0,0.0,0.0,0.0,0.0,2703.0,0.0,0.0,0.0,0.0,744.0,0.0,3707.0,0.0,0.0,3484.0,0.0,0.0,0.0,0.0,0.0,334.0,0.0,2124.0,1998.0,0.0,0.0,0.0,5176.0,0.0,2237.0,0.0,0.0,0.0,0.0,0.0,0.0,0.0,4879.0,1603.0,0.0,0.0,0.0,0.0,0.0,0.0,1.0,425.0,1226.0,0.0,702.0,3892.0,0.0,0.0,-200.57750000036322,2012-04-09
0.0,0.0,4889.0,0.0,0.0,0.0,82.0,1047.0,0.0,0.0,0.0,0.0,659.0,491.0,0.0,540.0,0.0,0.0,0.0,0.0,0.0,1006.0,0.0,0.0,0.0,0.0,4.0,0.0,0.0,3555.0,984.0,0.0,0.0,0.0,0.0,0.0,0.0,2217.0,1927.0,0.0,0.0,0.0,5073.0,0.0,2167.0,0.0,0.0,0.0,0.0,0.0,0.0,0.0,0.0,1455.0,0.0,1629.0,0.0,0.0,0.0,0.0,0.0,0.0,1240.0,0.0,1182.0,0.0,0.0,0.0,102127.52969999972,2012-05-07
2701.0,0.0,5232.0,0.0,0.0,2808.0,81.0,1088.0,382.0,0.0,826.0,0.0,0.0,467.0,0.0,0.0,0.0,0.0,0.0,0.0,0.0,0.0,0.0,1.0,0.0,0.0,3593.0,1829.0,0.0,3752.0,0.0,0.0,0.0,0.0,390.0,0.0,0.0,2379.0,1782.0,0.0,0.0,0.0,4543.0,0.0,0.0,0.0,0.0,0.0,0.0,0.0,0.0,0.0,4751.0,1365.0,0.0,0.0,3290.0,0.0,0.0,0.0,0.0,542.0,1278.0,0.0,183.0,0.0,0.0,0.0,-202.37060000025667,2012-06-04
0.0,1395.0,5099.0,0.0,0.0,2610.0,0.0,1209.0,0.0,1387.0,0.0,0.0,569.0,462.0,0.0,0.0,0.0,0.0,0.0,0.0,0.0,282.0,0.0,2.0,764.0,0.0,0.0,1244.0,0.0,0.0,1086.0,0.0,975.0,539.0,371.0,0.0,0.0,0.0,0.0,0.0,2157.0,1541.0,4673.0,0.0,0.0,0.0,0.0,0.0,0.0,0.0,0.0,0.0,4438.0,0.0,0.0,0.0,0.0,0.0,0.0,0.0,0.0,0.0,0.0,1747.0,1554.0,0.0,0.0,649.0,-244.56290000013541,2012-07-02
0.0,0.0,5151.0,5670.0,0.0,1379.0,0.0,1161.0,0.0,0.0,0.0,0.0,584.0,449.0,0.0,0.0,0.0,0.0,0.0,0.0,0.0,0.0,5156.0,0.0,0.0,0.0,3399.0,0.0,0.0,3732.0,0.0,0.0,0.0,0.0,361.0,0.0,0.0,2002.0,1822.0,0.0,0.0,0.0,0.0,0.0,2361.0,0.0,0.0,0.0,0.0,0.0,5217.0,0.0,4229.0,1300.0,0.0,1541.0,0.0,0.0,690.0,0.0,0.0,558.0,1272.0,0.0,0.0,1943.0,0.0,0.0,-258.7924999999814,2012-07-30
0.0,0.0,4744.0,2093.0,0.0,2780.0,0.0,1164.0,0.0,1495.0,0.0,0.0,584.0,442.0,0.0,1.0,0.0,0.0,0.0,0.0,0.0,0.0,0.0,5.0,727.0,0.0,3484.0,0.0,0.0,3385.0,0.0,0.0,0.0,0.0,235.0,0.0,0.0,1953.0,0.0,0.0,0.0,0.0,5438.0,0.0,0.0,0.0,0.0,0.0,0.0,0.0,5096.0,0.0,4326.0,1271.0,2200.0,1539.0,0.0,0.0,0.0,0.0,0.0,0.0,1229.0,1637.0,1546.0,0.0,0.0,0.0,-200.69370000017807,2012-08-27
0.0,0.0,4623.0,5401.0,0.0,2798.0,85.0,1358.0,0.0,0.0,0.0,0.0,619.0,443.0,0.0,0.0,0.0,0.0,0.0,0.0,0.0,923.0,0.0,0.0,0.0,0.0,3494.0,1589.0,0.0,3464.0,0.0,0.0,0.0,0.0,396.0,0.0,0.0,1868.0,1629.0,0.0,0.0,0.0,4912.0,0.0,0.0,155.0,0.0,0.0,0.0,0.0,0.0,0.0,4099.0,1119.0,0.0,1525.0,0.0,0.0,0.0,0.0,0.0,586.0,0.0,0.0,1542.0,0.0,0.0,0.0,-195.02900000009686,2012-09-24
0.0,0.0,2267.0,5096.0,0.0,2950.0,0.0,1335.0,0.0,0.0,882.0,4532.0,638.0,439.0,0.0,0.0,0.0,0.0,0.0,0.0,0.0,955.0,6085.0,0.0,0.0,0.0,3539.0,1426.0,0.0,3462.0,1154.0,0.0,0.0,0.0,419.0,0.0,0.0,1827.0,0.0,0.0,0.0,0.0,0.0,0.0,0.0,0.0,0.0,0.0,0.0,0.0,0.0,0.0,4098.0,924.0,1763.0,0.0,0.0,0.0,0.0,0.0,0.0,563.0,0.0,0.0,0.0,0.0,0.0,0.0,18068.698800000013,2012-10-22
2290.0,0.0,4669.0,4882.0,0.0,2878.0,88.0,1449.0,364.0,0.0,0.0,4160.0,0.0,463.0,0.0,0.0,0.0,0.0,0.0,0.0,0.0,939.0,0.0,0.0,0.0,0.0,0.0,1408.0,0.0,3350.0,0.0,0.0,0.0,0.0,392.0,0.0,0.0,1748.0,0.0,0.0,0.0,1545.0,0.0,0.0,0.0,0.0,0.0,0.0,0.0,0.0,0.0,0.0,3777.0,932.0,1821.0,1596.0,0.0,0.0,0.0,0.0,0.0,0.0,1337.0,0.0,0.0,0.0,0.0,0.0,782.8242999999784,2012-11-19
0.0,0.0,4848.0,4964.0,0.0,2885.0,0.0,1318.0,0.0,0.0,0.0,736.0,0.0,455.0,0.0,0.0,0.0,0.0,0.0,0.0,0.0,0.0,0.0,0.0,659.0,0.0,0.0,1252.0,0.0,3560.0,1191.0,0.0,0.0,0.0,385.0,0.0,0.0,1678.0,0.0,0.0,0.0,0.0,5308.0,0.0,0.0,0.0,372.0,0.0,0.0,1545.0,0.0,0.0,3634.0,906.0,1847.0,1653.0,3217.0,0.0,762.0,0.0,1.0,0.0,0.0,0.0,0.0,0.0,0.0,0.0,-202.6382000000449,2012-12-17
0.0,0.0,4766.0,4484.0,0.0,2994.0,0.0,1387.0,373.0,0.0,0.0,4516.0,0.0,431.0,0.0,0.0,0.0,0.0,0.0,0.0,0.0,979.0,0.0,0.0,803.0,0.0,3469.0,1289.0,0.0,3705.0,0.0,0.0,0.0,0.0,374.0,0.0,1265.0,1564.0,370.0,1545.0,0.0,0.0,0.0,0.0,0.0,0.0,0.0,0.0,0.0,0.0,0.0,0.0,3702.0,884.0,2110.0,0.0,0.0,0.0,0.0,0.0,0.0,0.0,0.0,0.0,0.0,0.0,0.0,0.0,26789.112300000037,2013-01-14
1456.0,0.0,4698.0,3949.0,0.0,0.0,0.0,1360.0,0.0,0.0,0.0,4240.0,0.0,0.0,0.0,0.0,0.0,0.0,0.0,5569.0,0.0,0.0,0.0,2113.0,0.0,0.0,0.0,0.0,0.0,3354.0,0.0,0.0,0.0,0.0,0.0,0.0,0.0,1658.0,0.0,0.0,0.0,0.0,0.0,0.0,0.0,0.0,0.0,0.0,0.0,0.0,0.0,0.0,3656.0,0.0,0.0,0.0,0.0,0.0,0.0,0.0,4.0,0.0,0.0,2019.0,0.0,0.0,0.0,0.0,331208.4301,2013-02-11
0.0,0.0,1171.0,3719.0,0.0,0.0,0.0,1356.0,0.0,0.0,0.0,4050.0,0.0,0.0,0.0,0.0,0.0,0.0,0.0,5012.0,0.0,0.0,0.0,0.0,0.0,0.0,3268.0,0.0,0.0,3230.0,0.0,0.0,0.0,0.0,0.0,0.0,0.0,1331.0,0.0,0.0,0.0,0.0,5433.0,0.0,0.0,0.0,0.0,0.0,0.0,0.0,0.0,0.0,3574.0,0.0,0.0,0.0,0.0,0.0,0.0,0.0,0.0,0.0,0.0,0.0,0.0,0.0,0.0,0.0,398856.9364,2013-03-11
0.0,0.0,4740.0,3388.0,0.0,0.0,98.0,1348.0,367.0,0.0,0.0,3797.0,742.0,474.0,0.0,0.0,0.0,0.0,0.0,4736.0,0.0,0.0,0.0,2039.0,848.0,0.0,9.0,181.0,0.0,2959.0,0.0,0.0,0.0,0.0,384.0,0.0,1374.0,1275.0,0.0,1702.0,0.0,0.0,5520.0,0.0,0.0,0.0,0.0,0.0,0.0,0.0,0.0,0.0,3450.0,0.0,0.0,0.0,0.0,0.0,0.0,0.0,0.0,0.0,0.0,0.0,0.0,0.0,0.0,0.0,71508.7124999999,2013-04-08
2307.0,0.0,4777.0,3262.0,0.0,0.0,97.0,1412.0,367.0,0.0,0.0,3769.0,770.0,457.0,0.0,0.0,0.0,0.0,0.0,4121.0,0.0,980.0,0.0,1929.0,0.0,0.0,443.0,0.0,0.0,2947.0,0.0,0.0,0.0,0.0,396.0,0.0,1450.0,1353.0,0.0,0.0,0.0,0.0,5577.0,0.0,0.0,0.0,404.0,0.0,0.0,0.0,0.0,0.0,3451.0,0.0,0.0,0.0,0.0,0.0,0.0,0.0,0.0,0.0,0.0,0.0,0.0,0.0,0.0,0.0,33743.565299999784,2013-05-06
0.0,0.0,4722.0,3225.0,0.0,3595.0,97.0,1413.0,366.0,0.0,0.0,3495.0,0.0,468.0,0.0,0.0,0.0,0.0,0.0,4508.0,0.0,0.0,0.0,1824.0,0.0,0.0,3095.0,0.0,0.0,2789.0,0.0,0.0,0.0,0.0,409.0,181.0,1474.0,1466.0,0.0,0.0,0.0,0.0,5488.0,0.0,0.0,0.0,0.0,0.0,0.0,0.0,5568.0,0.0,3504.0,0.0,2378.0,0.0,1688.0,0.0,0.0,0.0,7.0,0.0,0.0,0.0,0.0,0.0,0.0,0.0,-176.00900000019465,2013-06-03
22.0,0.0,4688.0,3622.0,0.0,0.0,98.0,1295.0,0.0,0.0,0.0,3644.0,0.0,0.0,0.0,0.0,0.0,0.0,0.0,4504.0,0.0,0.0,0.0,1536.0,0.0,0.0,0.0,0.0,0.0,3138.0,0.0,0.0,0.0,0.0,0.0,0.0,0.0,1447.0,0.0,0.0,0.0,0.0,3326.0,0.0,0.0,0.0,0.0,0.0,0.0,0.0,0.0,0.0,0.0,0.0,0.0,0.0,0.0,6619.0,0.0,0.0,0.0,0.0,0.0,0.0,0.0,0.0,0.0,0.0,384243.16119999986,2013-07-01
2475.0,1720.0,0.0,3609.0,0.0,3673.0,0.0,1248.0,0.0,0.0,0.0,3826.0,427.0,0.0,0.0,0.0,0.0,0.0,0.0,0.0,0.0,0.0,0.0,0.0,0.0,0.0,0.0,0.0,0.0,1307.0,1197.0,0.0,1056.0,0.0,0.0,0.0,0.0,0.0,0.0,1472.0,2216.0,0.0,0.0,0.0,0.0,0.0,0.0,0.0,0.0,1539.0,5675.0,0.0,3905.0,0.0,0.0,1718.0,0.0,5276.0,773.0,0.0,0.0,0.0,1327.0,0.0,1341.0,0.0,0.0,768.0,-189.39950000017416,2013-07-29
2398.0,1720.0,0.0,2533.0,0.0,3887.0,0.0,1250.0,0.0,0.0,0.0,0.0,716.0,0.0,0.0,589.0,0.0,0.0,0.0,0.0,0.0,0.0,0.0,1506.0,0.0,0.0,0.0,1017.0,0.0,0.0,1212.0,0.0,1046.0,517.0,0.0,0.0,0.0,1755.0,1875.0,1697.0,0.0,0.0,0.0,0.0,2495.0,0.0,0.0,0.0,0.0,0.0,0.0,0.0,0.0,0.0,0.0,1676.0,0.0,4859.0,737.0,0.0,5.0,0.0,354.0,0.0,0.0,0.0,0.0,780.0,-173.61210000002757,2013-08-26
2826.0,1824.0,5165.0,1121.0,0.0,3932.0,70.0,1183.0,0.0,0.0,0.0,2.0,0.0,0.0,0.0,627.0,0.0,0.0,0.0,0.0,0.0,0.0,0.0,1434.0,0.0,0.0,0.0,1057.0,0.0,0.0,1246.0,0.0,1079.0,501.0,0.0,0.0,0.0,1703.0,0.0,1574.0,0.0,0.0,5339.0,0.0,2568.0,0.0,0.0,0.0,0.0,0.0,0.0,0.0,0.0,0.0,0.0,1774.0,0.0,4029.0,750.0,1.0,0.0,0.0,0.0,0.0,0.0,0.0,0.0,846.0,-192.26170000003185,2013-09-23
0.0,0.0,5270.0,3206.0,0.0,0.0,0.0,1158.0,0.0,0.0,1.0,3628.0,0.0,0.0,0.0,610.0,8026.0,0.0,0.0,0.0,0.0,1144.0,0.0,0.0,0.0,0.0,0.0,0.0,0.0,3310.0,0.0,0.0,0.0,0.0,0.0,358.0,0.0,0.0,0.0,0.0,0.0,0.0,5448.0,0.0,0.0,0.0,0.0,0.0,0.0,0.0,0.0,0.0,0.0,816.0,0.0,0.0,0.0,3755.0,0.0,0.0,27.0,0.0,0.0,2268.0,0.0,4604.0,0.0,283.0,256985.24959999986,2013-10-21
0.0,0.0,5187.0,2803.0,0.0,0.0,0.0,1112.0,0.0,0.0,1366.0,3291.0,0.0,0.0,0.0,0.0,0.0,0.0,0.0,4903.0,0.0,1095.0,0.0,0.0,0.0,0.0,0.0,0.0,0.0,2963.0,0.0,0.0,0.0,0.0,0.0,0.0,0.0,18.0,0.0,0.0,0.0,2148.0,5287.0,0.0,0.0,0.0,0.0,0.0,0.0,0.0,0.0,0.0,0.0,835.0,0.0,0.0,3686.0,4126.0,0.0,0.0,1.0,0.0,0.0,2415.0,0.0,4717.0,0.0,0.0,237011.8975999999,2013-11-18
0.0,0.0,5027.0,3087.0,0.0,0.0,0.0,1069.0,0.0,0.0,0.0,3316.0,0.0,0.0,0.0,356.0,0.0,0.0,0.0,3674.0,0.0,1143.0,0.0,0.0,0.0,0.0,0.0,0.0,0.0,2951.0,0.0,0.0,0.0,0.0,0.0,0.0,0.0,1758.0,0.0,0.0,0.0,0.0,0.0,0.0,0.0,0.0,0.0,0.0,0.0,0.0,0.0,0.0,0.0,0.0,1896.0,0.0,3863.0,5846.0,0.0,0.0,25.0,0.0,0.0,2286.0,0.0,0.0,0.0,0.0,353219.87439999986,2013-12-16
0.0,0.0,5088.0,3050.0,0.0,0.0,0.0,1058.0,0.0,0.0,1518.0,3193.0,0.0,0.0,0.0,405.0,0.0,0.0,0.0,3519.0,0.0,0.0,0.0,0.0,0.0,0.0,0.0,0.0,0.0,2758.0,0.0,0.0,0.0,0.0,0.0,0.0,0.0,1623.0,0.0,0.0,0.0,0.0,0.0,0.0,0.0,0.0,0.0,0.0,0.0,0.0,0.0,0.0,0.0,0.0,1922.0,0.0,0.0,4946.0,0.0,0.0,0.0,0.0,0.0,2384.0,0.0,4680.0,0.0,0.0,361242.1597999998,2014-01-13
0.0,0.0,5024.0,2671.0,0.0,4450.0,0.0,1115.0,0.0,0.0,0.0,2978.0,0.0,0.0,0.0,702.0,0.0,0.0,0.0,3513.0,0.0,1292.0,0.0,0.0,0.0,0.0,0.0,0.0,0.0,2786.0,0.0,0.0,0.0,0.0,0.0,536.0,0.0,1295.0,0.0,0.0,0.0,0.0,0.0,0.0,0.0,0.0,0.0,0.0,0.0,0.0,0.0,0.0,4577.0,736.0,1598.0,0.0,3933.0,5375.0,0.0,0.0,0.0,0.0,0.0,2448.0,0.0,4714.0,0.0,840.0,60320.21559999965,2014-02-10
2970.0,0.0,0.0,2928.0,0.0,0.0,0.0,1052.0,0.0,0.0,0.0,2972.0,0.0,0.0,0.0,0.0,0.0,0.0,0.0,3677.0,1377.0,0.0,0.0,0.0,0.0,0.0,1076.0,0.0,0.0,2106.0,1266.0,0.0,1166.0,453.0,0.0,0.0,0.0,1738.0,1637.0,1640.0,2689.0,0.0,0.0,0.0,3005.0,0.0,0.0,0.0,0.0,1892.0,0.0,0.0,0.0,0.0,0.0,1845.0,0.0,3809.0,874.0,0.0,0.0,0.0,1507.0,0.0,0.0,0.0,0.0,0.0,-220.62770000041928,2014-03-10
0.0,0.0,5222.0,2990.0,0.0,0.0,0.0,1000.0,0.0,0.0,1640.0,2818.0,852.0,577.0,0.0,757.0,0.0,0.0,0.0,4160.0,0.0,1258.0,0.0,0.0,0.0,0.0,0.0,776.0,0.0,3015.0,0.0,0.0,0.0,0.0,0.0,102.0,0.0,0.0,0.0,0.0,0.0,0.0,5246.0,0.0,0.0,0.0,0.0,5094.0,0.0,0.0,0.0,0.0,0.0,0.0,0.0,0.0,3996.0,3314.0,0.0,0.0,0.0,0.0,0.0,2677.0,1778.0,4893.0,0.0,910.0,-235.67710000043735,2014-04-07
2842.0,0.0,0.0,1847.0,0.0,0.0,0.0,1114.0,0.0,0.0,0.0,3086.0,0.0,0.0,0.0,0.0,0.0,0.0,0.0,3917.0,1413.0,0.0,0.0,1021.0,0.0,0.0,0.0,0.0,0.0,0.0,1168.0,0.0,470.0,449.0,0.0,0.0,0.0,0.0,1558.0,1544.0,0.0,0.0,5369.0,0.0,2963.0,0.0,0.0,0.0,0.0,1857.0,0.0,9981.0,0.0,0.0,0.0,1938.0,0.0,3700.0,768.0,0.0,0.0,0.0,1570.0,2500.0,0.0,0.0,0.0,0.0,-227.63070000032894,2014-05-05
2942.0,0.0,0.0,3506.0,0.0,0.0,0.0,1103.0,0.0,0.0,0.0,3255.0,0.0,0.0,0.0,0.0,0.0,0.0,0.0,3848.0,1425.0,0.0,0.0,912.0,0.0,0.0,0.0,0.0,0.0,0.0,1293.0,0.0,161.0,433.0,0.0,0.0,0.0,0.0,1571.0,1572.0,0.0,0.0,0.0,0.0,2899.0,0.0,0.0,0.0,0.0,1840.0,0.0,9805.0,0.0,0.0,1685.0,1937.0,0.0,3575.0,835.0,0.0,0.0,0.0,1493.0,2132.0,0.0,0.0,0.0,0.0,-151.6416000003228,2014-06-02
0.0,0.0,4877.0,3760.0,0.0,0.0,0.0,1050.0,0.0,0.0,1458.0,3140.0,0.0,569.0,0.0,711.0,0.0,0.0,0.0,4034.0,0.0,705.0,0.0,0.0,903.0,0.0,0.0,936.0,0.0,3141.0,0.0,0.0,0.0,0.0,0.0,638.0,0.0,1673.0,0.0,0.0,0.0,2184.0,0.0,0.0,0.0,0.0,486.0,0.0,0.0,0.0,0.0,0.0,0.0,685.0,0.0,0.0,0.0,3864.0,0.0,0.0,0.0,0.0,0.0,2578.0,0.0,4717.0,0.0,365.0,-256.53570000012405,2014-06-30
3032.0,1.0,1.0,3541.0,0.0,0.0,0.0,1167.0,0.0,0.0,0.0,3064.0,0.0,0.0,0.0,0.0,0.0,0.0,0.0,0.0,1521.0,0.0,0.0,0.0,0.0,0.0,0.0,0.0,0.0,3091.0,1183.0,0.0,0.0,471.0,0.0,0.0,0.0,62.0,1450.0,1576.0,2606.0,0.0,0.0,0.0,3034.0,0.0,0.0,0.0,0.0,1797.0,0.0,0.0,0.0,0.0,1705.0,1987.0,0.0,3445.0,817.0,0.0,0.0,0.0,1519.0,2756.0,1752.0,0.0,0.0,0.0,-252.85920000029728,2014-07-28
0.0,1.0,5049.0,3679.0,0.0,0.0,107.0,1133.0,428.0,0.0,0.0,2939.0,0.0,586.0,0.0,490.0,0.0,0.0,0.0,0.0,0.0,0.0,0.0,0.0,950.0,0.0,0.0,872.0,0.0,3079.0,0.0,0.0,0.0,0.0,0.0,0.0,0.0,2018.0,0.0,0.0,0.0,2210.0,0.0,0.0,0.0,0.0,494.0,0.0,0.0,0.0,0.0,9855.0,4139.0,0.0,1841.0,0.0,1191.0,3680.0,0.0,0.0,0.0,0.0,0.0,2733.0,0.0,4781.0,0.0,1.0,-186.74550000019372,2014-08-25
3193.0,1602.0,0.0,4085.0,0.0,4206.0,0.0,1131.0,0.0,0.0,0.0,3147.0,0.0,0.0,0.0,725.0,0.0,0.0,0.0,3570.0,0.0,0.0,0.0,906.0,0.0,0.0,0.0,0.0,0.0,0.0,0.0,0.0,0.0,441.0,0.0,0.0,0.0,0.0,1380.0,1487.0,2647.0,0.0,0.0,0.0,3168.0,0.0,0.0,0.0,0.0,1785.0,0.0,0.0,0.0,0.0,0.0,1957.0,0.0,3240.0,815.0,0.0,0.0,0.0,1543.0,537.0,0.0,0.0,0.0,933.0,-255.6121000002604,2014-09-22
0.0,0.0,4802.0,0.0,0.0,0.0,109.0,1218.0,400.0,0.0,1667.0,3136.0,0.0,552.0,0.0,1.0,0.0,0.0,0.0,3395.0,0.0,0.0,0.0,0.0,976.0,1.0,0.0,619.0,0.0,3319.0,0.0,0.0,1038.0,0.0,312.0,0.0,732.0,1834.0,0.0,0.0,0.0,505.0,0.0,0.0,0.0,0.0,532.0,0.0,0.0,0.0,0.0,0.0,0.0,0.0,0.0,0.0,0.0,3347.0,0.0,0.0,0.0,0.0,0.0,2725.0,1700.0,4729.0,0.0,0.0,-268.3496000005398,2014-10-20
0.0,0.0,0.0,0.0,0.0,0.0,0.0,1239.0,326.0,0.0,0.0,3341.0,0.0,0.0,0.0,0.0,0.0,0.0,0.0,3664.0,1482.0,1174.0,0.0,0.0,0.0,0.0,0.0,760.0,0.0,3388.0,1195.0,0.0,1046.0,0.0,302.0,0.0,703.0,0.0,1556.0,0.0,0.0,0.0,5197.0,0.0,0.0,0.0,0.0,5116.0,0.0,0.0,0.0,0.0,4151.0,0.0,0.0,1956.0,623.0,3494.0,0.0,0.0,0.0,0.0,0.0,2664.0,1657.0,0.0,0.0,0.0,-224.3907000005711,2014-11-17
3076.0,0.0,0.0,4265.0,0.0,0.0,0.0,1249.0,0.0,0.0,0.0,3223.0,0.0,0.0,0.0,0.0,0.0,0.0,0.0,0.0,0.0,0.0,0.0,0.0,0.0,0.0,4059.0,0.0,0.0,0.0,1114.0,0.0,0.0,420.0,0.0,0.0,0.0,0.0,1411.0,1370.0,2613.0,0.0,4756.0,0.0,0.0,0.0,0.0,0.0,0.0,1766.0,6262.0,0.0,0.0,0.0,0.0,1930.0,3638.0,3378.0,715.0,0.0,0.0,0.0,1462.0,2552.0,0.0,119.0,0.0,970.0,-236.09860000037588,2014-12-15
3051.0,0.0,0.0,0.0,0.0,0.0,0.0,1333.0,0.0,0.0,0.0,3123.0,715.0,0.0,0.0,906.0,0.0,0.0,0.0,0.0,0.0,0.0,0.0,0.0,0.0,0.0,0.0,0.0,0.0,0.0,1037.0,0.0,989.0,414.0,0.0,0.0,0.0,0.0,0.0,1424.0,0.0,2135.0,4407.0,0.0,0.0,1907.0,0.0,5062.0,0.0,0.0,0.0,0.0,4082.0,0.0,0.0,1879.0,0.0,4151.0,690.0,0.0,0.0,0.0,1432.0,2017.0,1638.0,0.0,0.0,209.0,-203.7371000002604,2015-01-12
0.0,1690.0,4921.0,0.0,0.0,0.0,0.0,1435.0,0.0,1.0,0.0,3078.0,0.0,0.0,0.0,896.0,0.0,0.0,0.0,0.0,0.0,1271.0,0.0,0.0,369.0,0.0,3599.0,0.0,0.0,0.0,1081.0,0.0,1030.0,407.0,0.0,0.0,0.0,0.0,1376.0,0.0,1329.0,0.0,4736.0,0.0,0.0,0.0,0.0,4895.0,0.0,0.0,0.0,10013.0,3890.0,0.0,0.0,1949.0,3567.0,0.0,0.0,0.0,0.0,0.0,0.0,2413.0,0.0,4936.0,0.0,0.0,-225.78300000005402,2015-02-09
2846.0,0.0,4772.0,0.0,0.0,5140.0,0.0,1449.0,0.0,0.0,0.0,2862.0,711.0,479.0,0.0,688.0,0.0,0.0,0.0,0.0,0.0,0.0,0.0,1091.0,0.0,0.0,3703.0,878.0,0.0,3060.0,0.0,0.0,1031.0,412.0,0.0,0.0,0.0,1652.0,1374.0,0.0,0.0,0.0,4302.0,0.0,0.0,0.0,0.0,0.0,0.0,0.0,0.0,9793.0,0.0,0.0,1968.0,1.0,0.0,4056.0,0.0,0.0,0.0,0.0,0.0,527.0,0.0,0.0,0.0,0.0,-217.286600000225,2015-03-09
0.0,1782.0,4598.0,0.0,0.0,4933.0,0.0,1251.0,0.0,0.0,0.0,2758.0,716.0,0.0,0.0,922.0,0.0,0.0,0.0,0.0,1650.0,0.0,0.0,0.0,0.0,0.0,0.0,0.0,0.0,3292.0,0.0,0.0,1041.0,402.0,239.0,0.0,0.0,295.0,0.0,1631.0,0.0,0.0,4343.0,0.0,0.0,2012.0,0.0,0.0,0.0,0.0,6520.0,9632.0,0.0,0.0,1883.0,0.0,4.0,0.0,0.0,0.0,0.0,0.0,0.0,2675.0,0.0,4910.0,0.0,0.0,-175.59120000014082,2015-04-06
2367.0,0.0,4515.0,3.0,0.0,5350.0,0.0,1289.0,0.0,0.0,0.0,2749.0,721.0,0.0,0.0,899.0,9726.0,0.0,0.0,0.0,1656.0,0.0,0.0,0.0,0.0,0.0,3752.0,0.0,0.0,0.0,0.0,0.0,0.0,402.0,52.0,0.0,733.0,0.0,0.0,0.0,0.0,0.0,4163.0,0.0,0.0,0.0,462.0,0.0,0.0,0.0,0.0,9635.0,0.0,845.0,0.0,0.0,3480.0,4432.0,0.0,0.0,0.0,0.0,0.0,2730.0,0.0,4985.0,0.0,0.0,-201.4479000000283,2015-05-04
3070.0,0.0,4688.0,0.0,0.0,5186.0,0.0,1206.0,0.0,0.0,0.0,2439.0,0.0,0.0,0.0,888.0,0.0,0.0,0.0,0.0,1657.0,0.0,0.0,941.0,674.0,0.0,0.0,822.0,0.0,475.0,1223.0,0.0,0.0,425.0,288.0,0.0,0.0,1661.0,0.0,0.0,2254.0,0.0,4043.0,0.0,0.0,0.0,0.0,0.0,0.0,0.0,6470.0,9566.0,0.0,0.0,0.0,0.0,0.0,0.0,0.0,0.0,0.0,0.0,0.0,2795.0,0.0,0.0,0.0,1079.0,-223.19470000010915,2015-06-01
0.0,0.0,4651.0,0.0,0.0,4786.0,0.0,1308.0,0.0,0.0,0.0,2382.0,729.0,0.0,0.0,927.0,10902.0,0.0,0.0,0.0,0.0,0.0,0.0,987.0,515.0,0.0,0.0,0.0,0.0,831.0,1220.0,0.0,0.0,0.0,273.0,0.0,0.0,1614.0,0.0,1474.0,2673.0,0.0,4042.0,0.0,0.0,0.0,0.0,0.0,0.0,0.0,0.0,9510.0,0.0,0.0,0.0,0.0,0.0,3605.0,0.0,0.0,0.0,0.0,1491.0,0.0,0.0,4834.0,0.0,1119.0,-194.8027000001166,2015-06-29
3122.0,0.0,4550.0,1.0,0.0,0.0,88.0,1342.0,427.0,0.0,0.0,2484.0,0.0,0.0,0.0,959.0,10430.0,0.0,0.0,0.0,0.0,0.0,0.0,107.0,641.0,0.0,0.0,729.0,0.0,3218.0,1275.0,0.0,0.0,0.0,282.0,0.0,686.0,1601.0,0.0,1528.0,0.0,0.0,3869.0,0.0,0.0,0.0,486.0,0.0,0.0,0.0,0.0,0.0,0.0,0.0,0.0,0.0,0.0,3027.0,0.0,0.0,0.0,0.0,1546.0,0.0,0.0,0.0,0.0,0.0,-194.73610000009649,2015-07-27
0.0,1728.0,0.0,0.0,0.0,4.0,0.0,1275.0,0.0,1.0,0.0,0.0,656.0,0.0,0.0,0.0,8599.0,0.0,0.0,0.0,1639.0,0.0,10916.0,0.0,0.0,0.0,0.0,0.0,0.0,0.0,0.0,0.0,849.0,393.0,0.0,0.0,0.0,0.0,0.0,1520.0,0.0,0.0,0.0,0.0,0.0,0.0,0.0,0.0,0.0,0.0,0.0,0.0,0.0,0.0,0.0,0.0,0.0,3520.0,601.0,0.0,0.0,0.0,1485.0,0.0,0.0,0.0,0.0,0.0,483638.27139999985,2015-08-24
0.0,0.0,0.0,0.0,0.0,0.0,84.0,1261.0,0.0,3205.0,0.0,0.0,613.0,0.0,0.0,0.0,9725.0,0.0,0.0,0.0,1605.0,0.0,11449.0,0.0,0.0,0.0,0.0,833.0,0.0,0.0,0.0,0.0,862.0,392.0,319.0,0.0,0.0,1758.0,0.0,0.0,0.0,0.0,3762.0,0.0,2749.0,0.0,438.0,0.0,0.0,1743.0,0.0,0.0,0.0,0.0,128.0,1955.0,0.0,0.0,628.0,0.0,0.0,0.0,1442.0,0.0,0.0,0.0,0.0,0.0,54306.636699999915,2015-09-21
0.0,0.0,5242.0,0.0,0.0,5078.0,0.0,1202.0,0.0,0.0,0.0,3056.0,349.0,0.0,0.0,0.0,9648.0,0.0,0.0,0.0,1704.0,0.0,9648.0,0.0,0.0,0.0,0.0,0.0,0.0,0.0,0.0,0.0,0.0,399.0,0.0,0.0,651.0,0.0,1347.0,1615.0,0.0,2198.0,0.0,0.0,0.0,0.0,445.0,0.0,0.0,1809.0,0.0,0.0,0.0,0.0,0.0,0.0,0.0,3505.0,591.0,0.0,0.0,0.0,0.0,0.0,0.0,0.0,0.0,0.0,211560.85199999996,2015-10-19
2.0,1846.0,0.0,0.0,0.0,0.0,0.0,1149.0,0.0,3433.0,0.0,0.0,0.0,0.0,0.0,0.0,10129.0,0.0,0.0,0.0,222.0,0.0,10705.0,0.0,692.0,0.0,0.0,0.0,0.0,0.0,1409.0,0.0,0.0,390.0,0.0,0.0,635.0,0.0,0.0,1504.0,2700.0,2147.0,3692.0,0.0,2264.0,0.0,415.0,0.0,0.0,0.0,6922.0,0.0,0.0,0.0,0.0,0.0,0.0,0.0,610.0,0.0,0.0,0.0,0.0,0.0,1892.0,5096.0,0.0,1206.0,-197.33199999993667,2015-11-16
0.0,0.0,0.0,0.0,0.0,0.0,0.0,1260.0,0.0,0.0,0.0,0.0,0.0,0.0,0.0,0.0,8721.0,0.0,0.0,0.0,1729.0,0.0,11441.0,1023.0,0.0,0.0,0.0,0.0,0.0,0.0,0.0,0.0,917.0,375.0,0.0,0.0,607.0,0.0,0.0,0.0,0.0,2190.0,0.0,0.0,0.0,2033.0,0.0,0.0,0.0,0.0,0.0,0.0,0.0,0.0,0.0,0.0,0.0,0.0,0.0,0.0,0.0,0.0,1452.0,0.0,0.0,0.0,0.0,0.0,567575.9911999998,2015-12-14
2933.0,0.0,0.0,0.0,0.0,0.0,0.0,1217.0,0.0,1061.0,0.0,0.0,0.0,456.0,0.0,0.0,0.0,0.0,0.0,0.0,1711.0,0.0,0.0,0.0,0.0,0.0,3816.0,882.0,0.0,0.0,0.0,0.0,870.0,375.0,0.0,0.0,597.0,0.0,0.0,0.0,0.0,0.0,0.0,0.0,2739.0,0.0,373.0,5157.0,0.0,1720.0,0.0,0.0,0.0,0.0,0.0,0.0,0.0,0.0,0.0,0.0,0.0,0.0,1446.0,3704.0,0.0,0.0,0.0,0.0,291398.57999999996,2016-01-11
2822.0,0.0,0.0,0.0,0.0,0.0,0.0,1377.0,0.0,3208.0,0.0,0.0,564.0,0.0,0.0,0.0,0.0,0.0,0.0,0.0,1696.0,0.0,0.0,0.0,0.0,0.0,3850.0,911.0,0.0,0.0,1122.0,0.0,0.0,374.0,0.0,0.0,0.0,0.0,1147.0,1347.0,0.0,0.0,0.0,0.0,0.0,0.0,369.0,5071.0,0.0,1639.0,0.0,0.0,0.0,0.0,1611.0,0.0,0.0,0.0,0.0,0.0,0.0,0.0,1406.0,3453.0,0.0,0.0,0.0,0.0,184829.92850000015,2016-02-08
2505.0,0.0,3308.0,0.0,0.0,0.0,0.0,1567.0,0.0,2945.0,0.0,0.0,575.0,0.0,0.0,0.0,0.0,0.0,0.0,0.0,653.0,0.0,0.0,0.0,649.0,0.0,0.0,0.0,0.0,0.0,0.0,0.0,0.0,366.0,0.0,0.0,605.0,0.0,0.0,1390.0,2233.0,1776.0,3849.0,0.0,2574.0,0.0,0.0,4759.0,0.0,1637.0,0.0,0.0,0.0,0.0,0.0,2075.0,3641.0,0.0,644.0,0.0,0.0,0.0,1374.0,3231.0,0.0,0.0,0.0,0.0,-188.7738000000827,2016-03-07
0.0,2295.0,4922.0,5609.0,0.0,0.0,0.0,1250.0,457.0,0.0,0.0,0.0,0.0,0.0,0.0,0.0,9215.0,0.0,0.0,6535.0,1749.0,0.0,0.0,0.0,633.0,0.0,3785.0,0.0,0.0,0.0,0.0,0.0,0.0,0.0,0.0,0.0,604.0,0.0,0.0,0.0,0.0,0.0,347.0,0.0,0.0,0.0,379.0,4807.0,0.0,0.0,6828.0,10755.0,5251.0,0.0,0.0,1914.0,0.0,4632.0,615.0,0.0,0.0,0.0,0.0,0.0,0.0,0.0,3591.0,0.0,-236.22850000020117,2016-04-04
2568.0,0.0,4964.0,0.0,0.0,6602.0,0.0,1307.0,0.0,4.0,0.0,0.0,636.0,0.0,0.0,0.0,0.0,0.0,0.0,0.0,1815.0,1463.0,0.0,0.0,66.0,0.0,0.0,0.0,0.0,0.0,0.0,0.0,0.0,382.0,0.0,0.0,589.0,0.0,1126.0,0.0,0.0,1584.0,3626.0,0.0,2469.0,0.0,354.0,4741.0,0.0,1676.0,0.0,0.0,0.0,0.0,0.0,0.0,0.0,3995.0,598.0,0.0,0.0,0.0,0.0,3409.0,1958.0,0.0,1.0,0.0,-216.59990000003017,2016-05-02
2509.0,0.0,5146.0,0.0,0.0,0.0,0.0,1237.0,0.0,0.0,0.0,0.0,619.0,0.0,0.0,0.0,9285.0,0.0,0.0,6744.0,0.0,0.0,0.0,978.0,605.0,0.0,428.0,0.0,0.0,0.0,0.0,0.0,0.0,368.0,422.0,0.0,560.0,0.0,0.0,0.0,0.0,0.0,0.0,0.0,0.0,0.0,0.0,4452.0,0.0,0.0,0.0,0.0,4604.0,0.0,1714.0,0.0,3689.0,4089.0,0.0,0.0,0.0,0.0,0.0,3492.0,1962.0,0.0,3040.0,1143.0,-229.74949999991804,2016-05-30
2377.0,0.0,0.0,0.0,0.0,7064.0,0.0,1338.0,0.0,0.0,0.0,0.0,0.0,0.0,0.0,0.0,9332.0,0.0,0.0,0.0,0.0,0.0,10553.0,0.0,0.0,0.0,217.0,1109.0,0.0,0.0,1078.0,0.0,0.0,0.0,0.0,0.0,0.0,0.0,1061.0,0.0,0.0,0.0,0.0,0.0,0.0,0.0,0.0,4364.0,0.0,1632.0,0.0,0.0,0.0,0.0,1635.0,1928.0,0.0,0.0,0.0,0.0,0.0,0.0,1309.0,3361.0,1915.0,0.0,3568.0,0.0,263711.6114000003,2016-06-27
2158.0,0.0,1.0,0.0,0.0,0.0,87.0,1439.0,0.0,0.0,0.0,0.0,581.0,514.0,0.0,1011.0,8893.0,0.0,0.0,0.0,1850.0,0.0,9001.0,1041.0,263.0,0.0,3320.0,0.0,0.0,0.0,0.0,0.0,0.0,362.0,0.0,0.0,0.0,0.0,0.0,0.0,2201.0,980.0,0.0,0.0,0.0,0.0,0.0,4258.0,0.0,0.0,0.0,0.0,4652.0,0.0,0.0,0.0,3458.0,0.0,573.0,0.0,0.0,0.0,0.0,0.0,0.0,0.0,3404.0,1157.0,-202.54089999990538,2016-07-25
0.0,1.0,0.0,6539.0,0.0,6539.0,0.0,1396.0,0.0,0.0,0.0,0.0,577.0,461.0,0.0,0.0,8206.0,0.0,0.0,7157.0,2000.0,0.0,8319.0,1104.0,615.0,0.0,3300.0,0.0,0.0,0.0,0.0,0.0,0.0,367.0,0.0,0.0,600.0,0.0,0.0,0.0,0.0,0.0,0.0,0.0,0.0,0.0,0.0,4214.0,0.0,0.0,712.0,11371.0,4542.0,0.0,0.0,0.0,0.0,4725.0,0.0,0.0,0.0,0.0,0.0,0.0,0.0,0.0,3088.0,1205.0,-169.11409999988973,2016-08-22
0.0,0.0,3651.0,6049.0,0.0,6352.0,0.0,1357.0,0.0,0.0,0.0,0.0,0.0,0.0,0.0,0.0,8196.0,0.0,0.0,6713.0,0.0,0.0,6634.0,0.0,0.0,0.0,3437.0,0.0,0.0,0.0,0.0,0.0,0.0,0.0,0.0,0.0,0.0,0.0,0.0,0.0,0.0,0.0,0.0,0.0,0.0,0.0,0.0,4432.0,0.0,0.0,0.0,11660.0,0.0,0.0,0.0,0.0,0.0,0.0,626.0,0.0,0.0,0.0,0.0,0.0,0.0,0.0,0.0,0.0,707752.1542000002,2016-09-19
1.0,2393.0,2161.0,0.0,0.0,5915.0,0.0,1340.0,0.0,0.0,0.0,0.0,0.0,0.0,0.0,0.0,8506.0,0.0,0.0,0.0,0.0,0.0,5588.0,0.0,0.0,0.0,0.0,0.0,0.0,0.0,1278.0,0.0,0.0,0.0,0.0,0.0,0.0,0.0,1087.0,0.0,0.0,0.0,0.0,0.0,0.0,0.0,0.0,4473.0,0.0,1761.0,7571.0,0.0,0.0,0.0,0.0,0.0,0.0,0.0,0.0,0.0,2.0,0.0,0.0,0.0,2121.0,0.0,0.0,0.0,654468.3748000003,2016-10-17
0.0,0.0,0.0,0.0,0.0,4320.0,0.0,1347.0,0.0,0.0,0.0,0.0,0.0,0.0,0.0,0.0,7043.0,0.0,0.0,0.0,2099.0,1438.0,6608.0,984.0,0.0,0.0,0.0,1473.0,0.0,0.0,0.0,0.0,0.0,0.0,0.0,0.0,0.0,2434.0,1074.0,1492.0,2574.0,0.0,0.0,0.0,3093.0,1942.0,0.0,0.0,0.0,1766.0,7585.0,11958.0,0.0,0.0,1700.0,0.0,0.0,0.0,0.0,0.0,0.0,0.0,0.0,0.0,0.0,0.0,0.0,0.0,176730.10730000027,2016-11-14
0.0,2416.0,0.0,6028.0,0.0,0.0,0.0,1346.0,0.0,0.0,0.0,0.0,0.0,0.0,0.0,0.0,6621.0,0.0,0.0,7697.0,2173.0,0.0,4697.0,0.0,0.0,0.0,3971.0,0.0,0.0,1721.0,1210.0,0.0,0.0,378.0,0.0,0.0,0.0,0.0,1065.0,1521.0,0.0,0.0,0.0,0.0,3112.0,0.0,0.0,4796.0,0.0,0.0,0.0,12336.0,0.0,0.0,0.0,2288.0,0.0,0.0,603.0,0.0,0.0,0.0,1377.0,0.0,0.0,0.0,2965.0,0.0,56534.95090000029,2016-12-12
0.0,0.0,5290.0,5821.0,0.0,7051.0,0.0,1359.0,0.0,0.0,0.0,4210.0,721.0,602.0,0.0,1038.0,6606.0,0.0,0.0,8188.0,0.0,0.0,4990.0,0.0,672.0,0.0,0.0,1541.0,0.0,5588.0,0.0,0.0,1405.0,0.0,0.0,535.0,702.0,0.0,0.0,0.0,0.0,2355.0,0.0,0.0,0.0,0.0,548.0,0.0,0.0,0.0,0.0,0.0,0.0,0.0,0.0,0.0,0.0,0.0,0.0,0.0,1.0,0.0,0.0,0.0,0.0,0.0,0.0,0.0,83775.82830000017,2017-01-09
2686.0,2489.0,1.0,5685.0,0.0,952.0,0.0,1409.0,0.0,0.0,0.0,0.0,0.0,0.0,0.0,0.0,6675.0,0.0,0.0,0.0,2336.0,0.0,4815.0,0.0,0.0,0.0,3882.0,0.0,0.0,0.0,1234.0,0.0,0.0,0.0,619.0,0.0,0.0,0.0,0.0,1507.0,0.0,0.0,4544.0,0.0,3128.0,2044.0,0.0,4503.0,0.0,0.0,0.0,0.0,0.0,0.0,0.0,2275.0,0.0,1.0,607.0,0.0,0.0,0.0,0.0,4318.0,2459.0,0.0,2626.0,0.0,-258.7017999999225,2017-02-06
2628.0,2531.0,5.0,5476.0,0.0,5952.0,0.0,1358.0,0.0,0.0,0.0,0.0,0.0,0.0,0.0,0.0,0.0,0.0,0.0,0.0,2337.0,0.0,4227.0,0.0,0.0,0.0,0.0,0.0,0.0,0.0,1129.0,0.0,0.0,26.0,650.0,0.0,0.0,0.0,0.0,1484.0,0.0,0.0,0.0,0.0,2965.0,2223.0,0.0,0.0,0.0,1709.0,0.0,12385.0,5390.0,0.0,0.0,2276.0,0.0,0.0,613.0,0.0,0.0,0.0,0.0,4470.0,2388.0,0.0,2803.0,0.0,-181.3570999999065,2017-03-06
2650.0,2564.0,0.0,5387.0,0.0,0.0,0.0,1293.0,0.0,0.0,0.0,0.0,0.0,0.0,0.0,0.0,6712.0,0.0,0.0,9732.0,0.0,0.0,3865.0,0.0,0.0,0.0,4188.0,0.0,0.0,3410.0,1115.0,0.0,0.0,0.0,627.0,0.0,0.0,0.0,0.0,1515.0,0.0,0.0,0.0,0.0,0.0,2252.0,0.0,0.0,0.0,1643.0,0.0,12358.0,5188.0,0.0,0.0,2442.0,0.0,0.0,605.0,0.0,0.0,0.0,0.0,4407.0,2479.0,0.0,0.0,624.0,-185.6640999999363,2017-04-03
2693.0,2547.0,0.0,5088.0,0.0,0.0,0.0,1281.0,0.0,0.0,0.0,0.0,0.0,0.0,0.0,0.0,0.0,0.0,0.0,0.0,0.0,0.0,4206.0,0.0,0.0,0.0,4229.0,879.0,0.0,5699.0,1073.0,0.0,0.0,0.0,655.0,0.0,0.0,2358.0,0.0,1510.0,0.0,0.0,0.0,0.0,2946.0,2197.0,0.0,5000.0,0.0,870.0,0.0,0.0,0.0,0.0,0.0,2460.0,0.0,0.0,624.0,0.0,0.0,0.0,0.0,4326.0,2493.0,0.0,0.0,1625.0,-174.86710000014864,2017-05-01
2758.0,2643.0,0.0,4843.0,0.0,2.0,0.0,1261.0,0.0,0.0,0.0,0.0,0.0,0.0,0.0,0.0,6022.0,0.0,0.0,0.0,0.0,0.0,4001.0,0.0,0.0,0.0,4170.0,0.0,0.0,4696.0,1077.0,0.0,0.0,0.0,717.0,0.0,0.0,2401.0,0.0,1479.0,0.0,0.0,0.0,0.0,0.0,2174.0,0.0,0.0,0.0,0.0,0.0,12676.0,5201.0,0.0,0.0,2491.0,3745.0,4303.0,103.0,0.0,0.0,0.0,0.0,4284.0,2528.0,0.0,0.0,0.0,-179.88529999996535,2017-05-29
0.0,2.0,5428.0,4669.0,0.0,7212.0,0.0,1275.0,563.0,1.0,0.0,4122.0,858.0,0.0,0.0,0.0,6709.0,0.0,0.0,8331.0,1592.0,0.0,4823.0,0.0,698.0,0.0,0.0,2007.0,0.0,5671.0,0.0,0.0,0.0,0.0,0.0,0.0,618.0,0.0,1024.0,0.0,0.0,2680.0,5634.0,0.0,0.0,0.0,621.0,0.0,0.0,0.0,0.0,0.0,0.0,0.0,0.0,0.0,0.0,0.0,0.0,0.0,0.0,0.0,0.0,0.0,0.0,0.0,0.0,0.0,129356.81889999984,2017-06-26
0.0,0.0,3771.0,5007.0,0.0,7544.0,1.0,1292.0,568.0,0.0,0.0,4135.0,950.0,668.0,0.0,1330.0,5755.0,0.0,0.0,0.0,0.0,0.0,3825.0,0.0,696.0,0.0,0.0,1840.0,0.0,5927.0,0.0,0.0,0.0,0.0,0.0,0.0,625.0,0.0,1029.0,0.0,3716.0,853.0,0.0,0.0,0.0,0.0,639.0,0.0,0.0,0.0,0.0,0.0,5176.0,0.0,1568.0,0.0,0.0,0.0,0.0,0.0,0.0,0.0,0.0,0.0,0.0,0.0,0.0,0.0,-189.39709999994375,2017-07-24
0.0,0.0,0.0,4837.0,0.0,7529.0,0.0,1249.0,0.0,0.0,0.0,0.0,980.0,0.0,0.0,1384.0,5778.0,0.0,0.0,0.0,0.0,1491.0,2837.0,0.0,681.0,0.0,0.0,1817.0,0.0,5774.0,0.0,0.0,0.0,426.0,0.0,0.0,116.0,0.0,1005.0,0.0,3787.0,0.0,0.0,0.0,0.0,2078.0,670.0,4454.0,0.0,1745.0,0.0,0.0,0.0,0.0,1632.0,0.0,0.0,0.0,0.0,0.0,0.0,0.0,1523.0,0.0,0.0,0.0,0.0,0.0,-66.91379999974743,2017-08-21
0.0,0.0,0.0,4542.0,0.0,7673.0,0.0,1374.0,0.0,2.0,0.0,2.0,1001.0,693.0,0.0,1323.0,5852.0,0.0,0.0,0.0,2682.0,1448.0,3686.0,0.0,698.0,0.0,0.0,1843.0,0.0,5450.0,0.0,0.0,0.0,405.0,0.0,0.0,0.0,0.0,110.0,0.0,3617.0,0.0,0.0,0.0,0.0,1997.0,692.0,0.0,0.0,1737.0,0.0,0.0,0.0,0.0,1609.0,0.0,0.0,0.0,0.0,0.0,0.0,0.0,1498.0,0.0,0.0,0.0,0.0,0.0,-179.84609999950044,2017-09-18
0.0,2961.0,0.0,4571.0,0.0,5129.0,0.0,1394.0,0.0,0.0,0.0,0.0,996.0,707.0,0.0,1268.0,5676.0,0.0,0.0,9691.0,0.0,0.0,0.0,0.0,0.0,0.0,0.0,1673.0,0.0,0.0,0.0,0.0,1396.0,418.0,0.0,0.0,0.0,2461.0,0.0,1480.0,3618.0,0.0,0.0,0.0,0.0,1977.0,0.0,4294.0,0.0,1738.0,0.0,0.0,0.0,0.0,586.0,0.0,0.0,0.0,588.0,0.0,0.0,0.0,1502.0,0.0,0.0,0.0,0.0,0.0,-214.77039999957196,2017-10-16
0.0,0.0,2.0,4430.0,0.0,7713.0,0.0,1350.0,0.0,0.0,0.0,4373.0,958.0,723.0,0.0,0.0,54.0,0.0,0.0,0.0,2833.0,0.0,3538.0,0.0,0.0,0.0,4154.0,1756.0,0.0,5715.0,0.0,0.0,1356.0,403.0,0.0,0.0,591.0,0.0,0.0,0.0,0.0,0.0,0.0,0.0,0.0,2001.0,667.0,4235.0,0.0,1865.0,0.0,0.0,0.0,0.0,1751.0,0.0,0.0,0.0,0.0,0.0,0.0,0.0,1549.0,0.0,0.0,0.0,0.0,0.0,-147.02409999934025,2017-11-13
0.0,0.0,4956.0,4693.0,0.0,7442.0,0.0,1496.0,547.0,0.0,0.0,4454.0,0.0,0.0,0.0,0.0,5205.0,0.0,0.0,8767.0,2792.0,0.0,3884.0,0.0,0.0,0.0,0.0,1899.0,0.0,5866.0,0.0,0.0,0.0,0.0,0.0,379.0,0.0,1950.0,0.0,0.0,0.0,0.0,0.0,0.0,0.0,0.0,0.0,0.0,0.0,0.0,0.0,0.0,0.0,486.0,0.0,0.0,0.0,0.0,0.0,0.0,10346.0,683.0,0.0,0.0,0.0,6135.0,3666.0,0.0,109513.6083000009,2017-12-11
0.0,0.0,5125.0,4354.0,0.0,7818.0,0.0,1566.0,536.0,0.0,0.0,4587.0,921.0,1.0,0.0,0.0,5025.0,0.0,0.0,8219.0,2912.0,0.0,3994.0,0.0,0.0,0.0,0.0,1902.0,0.0,5830.0,0.0,0.0,0.0,0.0,0.0,365.0,0.0,327.0,0.0,0.0,0.0,2938.0,0.0,0.0,0.0,0.0,0.0,0.0,0.0,0.0,0.0,0.0,0.0,430.0,0.0,0.0,0.0,0.0,0.0,0.0,0.0,742.0,0.0,0.0,0.0,6192.0,3562.0,0.0,90051.30900000106,2018-01-08
0.0,0.0,5372.0,4309.0,0.0,7457.0,0.0,1548.0,1.0,0.0,0.0,4732.0,0.0,0.0,0.0,0.0,1185.0,0.0,0.0,8346.0,3108.0,0.0,3844.0,0.0,0.0,0.0,0.0,2056.0,0.0,5700.0,0.0,0.0,0.0,0.0,0.0,0.0,0.0,0.0,0.0,0.0,0.0,0.0,0.0,0.0,2621.0,0.0,0.0,0.0,0.0,0.0,0.0,0.0,0.0,0.0,0.0,0.0,0.0,0.0,0.0,0.0,3.0,0.0,0.0,0.0,0.0,0.0,0.0,0.0,985462.9865000013,2018-02-05
0.0,0.0,5551.0,4459.0,0.0,7218.0,0.0,1582.0,0.0,0.0,0.0,4634.0,0.0,0.0,0.0,0.0,4720.0,0.0,0.0,7175.0,3132.0,0.0,3987.0,0.0,0.0,0.0,0.0,1534.0,0.0,5767.0,0.0,0.0,0.0,0.0,0.0,0.0,0.0,0.0,0.0,0.0,0.0,0.0,0.0,0.0,0.0,0.0,0.0,0.0,0.0,0.0,0.0,0.0,0.0,0.0,0.0,0.0,0.0,0.0,0.0,0.0,0.0,0.0,0.0,0.0,0.0,0.0,0.0,0.0,1046498.9651000008,2018-03-05
0.0,0.0,5557.0,0.0,0.0,6116.0,1.0,1408.0,560.0,0.0,0.0,4672.0,137.0,0.0,0.0,0.0,4141.0,0.0,0.0,7261.0,3162.0,1770.0,4615.0,0.0,660.0,0.0,0.0,1997.0,0.0,5768.0,0.0,0.0,0.0,0.0,0.0,0.0,0.0,0.0,1035.0,0.0,0.0,3472.0,0.0,0.0,2474.0,0.0,0.0,0.0,0.0,0.0,9026.0,0.0,7064.0,0.0,0.0,0.0,0.0,0.0,0.0,0.0,0.0,0.0,0.0,0.0,0.0,6507.0,3448.0,0.0,-151.58059999905527,2018-04-02
0.0,0.0,5587.0,0.0,0.0,6918.0,0.0,1364.0,0.0,0.0,0.0,4713.0,0.0,0.0,0.0,0.0,4618.0,0.0,0.0,7541.0,3003.0,1683.0,5063.0,0.0,0.0,0.0,0.0,2007.0,0.0,6053.0,0.0,0.0,0.0,0.0,0.0,0.0,0.0,1943.0,1047.0,0.0,0.0,3227.0,0.0,0.0,2309.0,0.0,0.0,0.0,0.0,0.0,0.0,0.0,6637.0,0.0,0.0,3231.0,0.0,0.0,0.0,0.0,0.0,696.0,0.0,0.0,1683.0,0.0,0.0,0.0,154593.35430000117,2018-04-30
0.0,3119.0,5761.0,0.0,0.0,6817.0,0.0,1306.0,0.0,0.0,0.0,4867.0,0.0,0.0,0.0,0.0,0.0,0.0,0.0,0.0,3084.0,0.0,5367.0,0.0,0.0,2.0,0.0,2087.0,0.0,5905.0,117.0,0.0,0.0,0.0,0.0,0.0,0.0,1913.0,0.0,0.0,0.0,0.0,0.0,0.0,2352.0,0.0,0.0,0.0,0.0,0.0,0.0,0.0,0.0,0.0,0.0,3191.0,0.0,0.0,0.0,0.0,0.0,0.0,0.0,0.0,0.0,0.0,0.0,0.0,883562.1509000012,2018-05-28
0.0,3164.0,5545.0,0.0,0.0,7032.0,0.0,1353.0,0.0,0.0,0.0,4736.0,0.0,0.0,0.0,0.0,2.0,0.0,0.0,0.0,3095.0,0.0,5381.0,0.0,0.0,0.0,0.0,2245.0,0.0,5483.0,472.0,0.0,0.0,0.0,0.0,0.0,0.0,1857.0,0.0,0.0,0.0,0.0,0.0,0.0,2282.0,0.0,0.0,4428.0,0.0,0.0,0.0,0.0,0.0,0.0,0.0,3300.0,0.0,0.0,0.0,0.0,0.0,712.0,0.0,0.0,0.0,0.0,0.0,0.0,624632.9005000014,2018-06-25
0.0,3039.0,5485.0,0.0,0.0,7103.0,164.0,1389.0,1.0,0.0,0.0,4713.0,0.0,0.0,0.0,0.0,0.0,0.0,0.0,2339.0,3087.0,0.0,3449.0,0.0,0.0,0.0,0.0,2104.0,0.0,5005.0,1201.0,0.0,0.0,0.0,0.0,0.0,0.0,2038.0,0.0,0.0,0.0,0.0,0.0,0.0,2359.0,0.0,0.0,4467.0,0.0,0.0,8867.0,0.0,0.0,0.0,0.0,3164.0,0.0,0.0,0.0,0.0,11437.0,722.0,0.0,0.0,0.0,6398.0,3456.0,0.0,-159.34979999857023,2018-07-23
0.0,0.0,5688.0,4210.0,0.0,0.0,0.0,1483.0,0.0,0.0,0.0,4355.0,0.0,590.0,0.0,872.0,0.0,0.0,0.0,0.0,3209.0,1564.0,2.0,0.0,562.0,0.0,0.0,2011.0,0.0,4670.0,0.0,0.0,0.0,0.0,930.0,0.0,555.0,2031.0,874.0,0.0,0.0,3142.0,0.0,0.0,2477.0,0.0,0.0,0.0,0.0,0.0,0.0,0.0,0.0,0.0,0.0,0.0,3829.0,0.0,0.0,0.0,3.0,0.0,0.0,0.0,0.0,0.0,0.0,0.0,273764.5122000016,2018-08-20
2855.0,0.0,0.0,4371.0,0.0,0.0,0.0,1604.0,0.0,0.0,0.0,4219.0,0.0,572.0,0.0,937.0,0.0,0.0,0.0,0.0,3231.0,0.0,0.0,0.0,538.0,0.0,4309.0,2165.0,0.0,5000.0,0.0,0.0,0.0,0.0,950.0,0.0,684.0,1884.0,287.0,1180.0,0.0,2974.0,0.0,0.0,0.0,2142.0,722.0,0.0,0.0,1764.0,0.0,0.0,0.0,0.0,0.0,0.0,3725.0,0.0,0.0,0.0,0.0,0.0,0.0,0.0,0.0,0.0,0.0,0.0,-178.56669999845326,2018-09-17
2909.0,0.0,0.0,4417.0,0.0,0.0,0.0,1587.0,544.0,0.0,0.0,4212.0,0.0,563.0,0.0,1390.0,0.0,0.0,0.0,0.0,3252.0,0.0,0.0,0.0,0.0,0.0,4515.0,2149.0,0.0,4655.0,0.0,0.0,0.0,0.0,229.0,0.0,739.0,1782.0,946.0,1131.0,3801.0,2298.0,0.0,0.0,0.0,2148.0,769.0,0.0,0.0,1761.0,0.0,0.0,0.0,0.0,0.0,0.0,0.0,0.0,0.0,0.0,0.0,0.0,0.0,0.0,0.0,0.0,0.0,0.0,-50.575499998405576,2018-10-15
0.0,0.0,5693.0,0.0,0.0,2961.0,0.0,1572.0,0.0,0.0,0.0,0.0,0.0,0.0,0.0,0.0,0.0,0.0,0.0,6335.0,3087.0,0.0,0.0,0.0,0.0,0.0,0.0,2040.0,0.0,4917.0,1364.0,0.0,0.0,0.0,900.0,0.0,0.0,1823.0,0.0,0.0,0.0,0.0,0.0,0.0,2143.0,0.0,0.0,4523.0,0.0,0.0,0.0,0.0,0.0,0.0,0.0,2771.0,0.0,0.0,0.0,0.0,0.0,0.0,0.0,0.0,2769.0,0.0,0.0,0.0,736367.779000002,2018-11-12
0.0,0.0,5533.0,0.0,0.0,6851.0,0.0,1522.0,0.0,4.0,0.0,1.0,0.0,0.0,0.0,0.0,0.0,0.0,0.0,5153.0,3145.0,1426.0,0.0,0.0,0.0,0.0,0.0,2146.0,0.0,5424.0,1372.0,0.0,0.0,0.0,923.0,0.0,0.0,2192.0,0.0,0.0,0.0,2675.0,0.0,0.0,0.0,0.0,0.0,4269.0,0.0,0.0,0.0,12748.0,0.0,0.0,0.0,2684.0,0.0,0.0,0.0,0.0,11652.0,658.0,0.0,0.0,2712.0,0.0,0.0,1054.0,167898.2741000019,2018-12-10
0.0,0.0,5666.0,0.0,0.0,6764.0,0.0,1568.0,0.0,0.0,0.0,0.0,0.0,0.0,0.0,0.0,0.0,0.0,0.0,5412.0,3104.0,1380.0,0.0,0.0,607.0,0.0,0.0,2212.0,0.0,5784.0,1343.0,0.0,0.0,0.0,963.0,0.0,0.0,2321.0,0.0,0.0,0.0,2520.0,0.0,0.0,1451.0,0.0,0.0,4331.0,0.0,0.0,0.0,12932.0,1.0,0.0,0.0,2522.0,0.0,0.0,0.0,0.0,11442.0,647.0,0.0,0.0,2529.0,0.0,0.0,0.0,40137.08630000241,2019-01-07
0.0,0.0,5970.0,5209.0,0.0,7592.0,0.0,1620.0,0.0,0.0,0.0,0.0,0.0,0.0,0.0,0.0,2022.0,0.0,0.0,5222.0,1469.0,1467.0,0.0,0.0,562.0,0.0,0.0,2091.0,0.0,5714.0,1296.0,0.0,0.0,493.0,995.0,0.0,0.0,0.0,993.0,0.0,0.0,2563.0,0.0,0.0,2301.0,0.0,0.0,4545.0,0.0,0.0,0.0,0.0,5993.0,0.0,0.0,2586.0,0.0,0.0,0.0,0.0,0.0,619.0,0.0,0.0,0.0,3.0,0.0,0.0,-178.38629999756813,2019-02-04
0.0,0.0,5926.0,0.0,0.0,7293.0,0.0,1676.0,0.0,0.0,0.0,0.0,992.0,0.0,0.0,166.0,3975.0,0.0,0.0,5266.0,3380.0,0.0,0.0,0.0,532.0,0.0,0.0,2302.0,0.0,5608.0,1261.0,0.0,0.0,497.0,976.0,0.0,0.0,2338.0,987.0,0.0,0.0,0.0,0.0,0.0,2266.0,0.0,0.0,4417.0,0.0,0.0,0.0,0.0,5998.0,0.0,0.0,0.0,0.0,0.0,0.0,0.0,11088.0,651.0,0.0,0.0,0.0,0.0,0.0,0.0,79.7435000021942,2019-03-04
0.0,0.0,5663.0,539.0,0.0,6963.0,0.0,1862.0,0.0,1.0,0.0,0.0,979.0,0.0,0.0,0.0,3256.0,0.0,0.0,5170.0,3448.0,0.0,0.0,0.0,503.0,0.0,0.0,2513.0,0.0,5845.0,1171.0,0.0,0.0,494.0,1093.0,0.0,0.0,2514.0,969.0,0.0,0.0,0.0,0.0,0.0,2099.0,0.0,0.0,4457.0,0.0,0.0,0.0,0.0,6122.0,0.0,0.0,0.0,0.0,0.0,598.0,0.0,0.0,657.0,0.0,0.0,0.0,0.0,0.0,0.0,-100.01469999784604,2019-04-01
0.0,0.0,5582.0,5500.0,0.0,7.0,0.0,1850.0,0.0,0.0,0.0,2047.0,1032.0,0.0,0.0,0.0,0.0,0.0,0.0,0.0,3527.0,0.0,0.0,1596.0,0.0,0.0,0.0,2530.0,0.0,0.0,0.0,0.0,0.0,506.0,1130.0,0.0,0.0,2613.0,961.0,0.0,0.0,2551.0,0.0,0.0,2146.0,0.0,0.0,4301.0,0.0,0.0,0.0,0.0,5812.0,0.0,0.0,2416.0,3649.0,0.0,0.0,0.0,0.0,686.0,0.0,0.0,0.0,0.0,0.0,0.0,199362.27910000226,2019-04-29
0.0,0.0,5679.0,4887.0,0.0,271.0,0.0,1784.0,0.0,0.0,0.0,0.0,1044.0,0.0,0.0,1518.0,0.0,0.0,0.0,5005.0,3498.0,0.0,0.0,1593.0,0.0,2.0,0.0,2641.0,0.0,0.0,0.0,0.0,0.0,482.0,1167.0,0.0,0.0,2691.0,900.0,0.0,0.0,0.0,0.0,0.0,2080.0,0.0,0.0,4290.0,0.0,0.0,0.0,0.0,6175.0,0.0,0.0,2410.0,3558.0,0.0,0.0,0.0,13085.0,0.0,0.0,0.0,0.0,0.0,0.0,0.0,126915.18660000246,2019-05-27
0.0,0.0,6151.0,4925.0,0.0,0.0,0.0,1898.0,0.0,0.0,0.0,0.0,0.0,0.0,0.0,1461.0,0.0,0.0,0.0,5038.0,3867.0,1383.0,0.0,1600.0,435.0,0.0,0.0,2512.0,0.0,0.0,0.0,0.0,0.0,0.0,1042.0,0.0,0.0,3166.0,1140.0,0.0,0.0,2644.0,0.0,0.0,1960.0,0.0,0.0,4172.0,0.0,0.0,0.0,0.0,5834.0,0.0,0.0,2213.0,0.0,0.0,0.0,0.0,0.0,750.0,0.0,7.0,2360.0,0.0,0.0,0.0,2018.1799000026658,2019-06-24
0.0,0.0,5998.0,4909.0,0.0,0.0,0.0,1831.0,0.0,0.0,0.0,0.0,0.0,0.0,0.0,1450.0,0.0,0.0,7.0,0.0,3950.0,1411.0,0.0,1616.0,0.0,0.0,0.0,2525.0,0.0,399.0,0.0,0.0,0.0,0.0,1075.0,0.0,0.0,3222.0,1114.0,0.0,0.0,2704.0,0.0,0.0,2043.0,0.0,0.0,4009.0,0.0,0.0,0.0,0.0,5822.0,0.0,0.0,2278.0,3353.0,0.0,0.0,0.0,0.0,743.0,0.0,0.0,2402.0,0.0,0.0,0.0,126235.34750000248,2019-07-22
0.0,4118.0,5986.0,3.0,0.0,0.0,0.0,1835.0,0.0,0.0,0.0,0.0,0.0,0.0,0.0,0.0,0.0,0.0,6.0,0.0,3903.0,1409.0,0.0,0.0,398.0,0.0,0.0,2715.0,0.0,0.0,0.0,0.0,0.0,0.0,1030.0,0.0,0.0,3053.0,0.0,0.0,0.0,2864.0,0.0,0.0,1329.0,0.0,0.0,0.0,0.0,0.0,0.0,0.0,0.0,0.0,0.0,2231.0,3326.0,0.0,0.0,0.0,0.0,783.0,0.0,0.0,0.0,0.0,0.0,0.0,867430.3576000025,2019-08-19
2453.0,0.0,3885.0,0.0,0.0,1.0,0.0,1779.0,0.0,0.0,0.0,0.0,0.0,542.0,0.0,0.0,2985.0,0.0,0.0,0.0,4335.0,0.0,0.0,0.0,0.0,0.0,0.0,2737.0,0.0,0.0,0.0,0.0,0.0,0.0,975.0,0.0,735.0,3509.0,931.0,1039.0,3452.0,2652.0,0.0,0.0,0.0,1951.0,689.0,0.0,0.0,1655.0,0.0,0.0,0.0,0.0,0.0,0.0,1316.0,0.0,0.0,0.0,0.0,0.0,1263.0,0.0,2315.0,0.0,0.0,2633.0,-211.14269999740645,2019-09-16
2513.0,0.0,1.0,0.0,0.0,1.0,0.0,1685.0,0.0,0.0,0.0,0.0,0.0,521.0,0.0,0.0,3318.0,0.0,1.0,0.0,4006.0,0.0,0.0,0.0,385.0,0.0,0.0,2664.0,0.0,0.0,0.0,0.0,0.0,0.0,994.0,0.0,742.0,3197.0,900.0,1065.0,3590.0,2649.0,0.0,0.0,312.0,1939.0,728.0,0.0,0.0,1779.0,0.0,0.0,0.0,0.0,0.0,0.0,0.0,0.0,0.0,0.0,0.0,0.0,1363.0,0.0,2362.0,0.0,0.0,2504.0,-169.7990999976173,2019-10-14
2416.0,0.0,1.0,4289.0,0.0,6551.0,0.0,1774.0,666.0,0.0,0.0,0.0,0.0,0.0,0.0,0.0,0.0,0.0,0.0,5421.0,0.0,1314.0,8460.0,1489.0,0.0,0.0,0.0,2749.0,0.0,0.0,0.0,0.0,0.0,0.0,1079.0,0.0,0.0,2681.0,0.0,1051.0,0.0,2531.0,0.0,0.0,0.0,1923.0,742.0,0.0,0.0,1764.0,0.0,0.0,0.0,0.0,0.0,0.0,955.0,0.0,0.0,0.0,0.0,798.0,0.0,0.0,2289.0,0.0,0.0,2697.0,-220.17289999779314,2019-11-11
2494.0,0.0,1.0,3994.0,0.0,5529.0,1.0,1902.0,641.0,0.0,0.0,0.0,879.0,0.0,0.0,0.0,3403.0,0.0,0.0,5166.0,0.0,1302.0,9107.0,2380.0,0.0,0.0,0.0,2804.0,0.0,0.0,0.0,0.0,0.0,0.0,152.0,0.0,0.0,2633.0,0.0,1026.0,3552.0,0.0,0.0,0.0,0.0,1942.0,879.0,0.0,0.0,1805.0,0.0,0.0,0.0,0.0,0.0,0.0,0.0,0.0,0.0,0.0,0.0,0.0,1425.0,0.0,0.0,0.0,0.0,2305.0,-184.0056999977678,2019-12-09
2612.0,0.0,0.0,3920.0,0.0,5493.0,0.0,1941.0,656.0,0.0,0.0,0.0,861.0,0.0,0.0,0.0,0.0,0.0,0.0,5335.0,0.0,1283.0,0.0,2231.0,0.0,0.0,3454.0,2777.0,0.0,0.0,0.0,0.0,0.0,0.0,1059.0,0.0,0.0,3012.0,0.0,1013.0,3705.0,2715.0,0.0,0.0,0.0,1903.0,894.0,3724.0,0.0,0.0,0.0,13335.0,0.0,0.0,0.0,0.0,487.0,0.0,0.0,0.0,17.0,0.0,0.0,0.0,0.0,0.0,0.0,0.0,-206.45799999777228,2020-01-06
0.0,0.0,0.0,0.0,0.0,0.0,0.0,1836.0,0.0,0.0,0.0,3282.0,0.0,0.0,0.0,1615.0,0.0,0.0,0.0,3465.0,0.0,0.0,0.0,0.0,0.0,0.0,4228.0,0.0,0.0,0.0,907.0,0.0,1201.0,422.0,0.0,0.0,0.0,3072.0,0.0,0.0,0.0,0.0,5094.0,0.0,0.0,0.0,0.0,0.0,0.0,0.0,0.0,0.0,6088.0,0.0,1953.0,0.0,0.0,0.0,562.0,0.0,0.0,0.0,0.0,4105.0,0.0,0.0,0.0,0.0,933336.3491000023,2020-02-03
0.0,3890.0,6194.0,0.0,0.0,3.0,0.0,2022.0,0.0,0.0,0.0,2999.0,0.0,0.0,0.0,1813.0,0.0,0.0,0.0,0.0,4417.0,0.0,0.0,0.0,0.0,0.0,4030.0,0.0,0.0,4899.0,925.0,0.0,1115.0,407.0,0.0,0.0,0.0,0.0,0.0,0.0,0.0,0.0,5394.0,0.0,0.0,0.0,0.0,0.0,0.0,0.0,0.0,0.0,5871.0,0.0,1582.0,0.0,0.0,0.0,592.0,0.0,0.0,0.0,0.0,0.0,0.0,0.0,0.0,0.0,756222.9683000026,2020-03-02
0.0,4279.0,6251.0,1.0,0.0,4723.0,0.0,2061.0,0.0,0.0,0.0,0.0,0.0,0.0,0.0,1889.0,0.0,0.0,0.0,4692.0,4697.0,0.0,0.0,0.0,0.0,0.0,4121.0,2353.0,0.0,0.0,943.0,0.0,1128.0,431.0,966.0,0.0,0.0,0.0,0.0,0.0,0.0,0.0,0.0,0.0,0.0,0.0,0.0,0.0,0.0,0.0,0.0,0.0,0.0,0.0,0.0,0.0,0.0,2822.0,569.0,0.0,0.0,0.0,0.0,3214.0,0.0,0.0,0.0,0.0,586392.8726000027,2020-03-30
0.0,0.0,0.0,0.0,0.0,0.0,0.0,0.0,0.0,5467.0,0.0,0.0,0.0,0.0,0.0,0.0,0.0,0.0,0.0,0.0,0.0,0.0,0.0,0.0,0.0,0.0,0.0,0.0,0.0,0.0,0.0,0.0,0.0,0.0,0.0,0.0,0.0,0.0,0.0,0.0,0.0,0.0,0.0,0.0,0.0,0.0,0.0,0.0,0.0,0.0,0.0,0.0,0.0,0.0,0.0,0.0,0.0,0.0,0.0,0.0,0.0,0.0,0.0,1.0,0.0,0.0,0.0,0.0,2371762.146500003,2020-04-27
0.0,0.0,0.0,0.0,0.0,0.0,0.0,0.0,0.0,0.0,0.0,2.0,0.0,0.0,0.0,0.0,0.0,0.0,0.0,0.0,0.0,0.0,4553.0,4402.0,0.0,0.0,0.0,0.0,0.0,0.0,0.0,0.0,0.0,0.0,0.0,0.0,0.0,0.0,0.0,0.0,0.0,0.0,3610.0,0.0,0.0,0.0,0.0,0.0,0.0,0.0,0.0,11427.0,0.0,0.0,0.0,0.0,0.0,2340.0,0.0,0.0,12078.0,0.0,0.0,0.0,0.0,0.0,0.0,0.0,1775456.231600003,2020-05-25
0.0,0.0,4.0,3227.0,0.0,0.0,0.0,1982.0,0.0,5767.0,0.0,2.0,0.0,0.0,0.0,0.0,2493.0,0.0,0.0,4250.0,0.0,0.0,5157.0,0.0,306.0,0.0,0.0,0.0,5883.0,4989.0,782.0,0.0,0.0,0.0,882.0,0.0,544.0,4211.0,656.0,726.0,0.0,0.0,0.0,0.0,0.0,0.0,0.0,0.0,0.0,0.0,0.0,10922.0,0.0,0.0,1378.0,0.0,0.0,2331.0,0.0,0.0,10573.0,445.0,0.0,0.0,0.0,0.0,0.0,0.0,8323.637100003194,2020-06-22
0.0,0.0,0.0,3025.0,0.0,4083.0,0.0,0.0,0.0,0.0,0.0,0.0,0.0,0.0,0.0,0.0,0.0,0.0,0.0,4066.0,1415.0,1347.0,5628.0,0.0,0.0,1.0,4145.0,0.0,0.0,4579.0,755.0,0.0,0.0,0.0,910.0,0.0,0.0,0.0,626.0,712.0,0.0,0.0,0.0,0.0,0.0,1723.0,0.0,0.0,0.0,0.0,0.0,10973.0,5925.0,0.0,0.0,0.0,0.0,2052.0,353.0,0.0,10143.0,463.0,0.0,0.0,2869.0,6037.0,0.0,0.0,-227.96079999674112,2020-07-20
0.0,0.0,0.0,0.0,0.0,0.0,0.0,0.0,0.0,0.0,0.0,0.0,0.0,0.0,0.0,0.0,0.0,0.0,0.0,0.0,0.0,0.0,5667.0,0.0,0.0,0.0,0.0,1.0,6622.0,4371.0,760.0,0.0,925.0,0.0,306.0,0.0,0.0,0.0,598.0,719.0,0.0,0.0,4967.0,0.0,0.0,0.0,0.0,0.0,0.0,0.0,0.0,10973.0,0.0,0.0,1421.0,0.0,0.0,1324.0,0.0,0.0,10424.0,0.0,0.0,0.0,0.0,0.0,0.0,0.0,1116212.789600003,2020-08-17
0.0,3938.0,5703.0,0.0,0.0,0.0,0.0,0.0,0.0,0.0,0.0,0.0,869.0,0.0,0.0,0.0,0.0,0.0,0.0,4204.0,0.0,1307.0,0.0,0.0,0.0,0.0,0.0,0.0,0.0,2797.0,728.0,0.0,0.0,446.0,988.0,0.0,573.0,0.0,550.0,271.0,0.0,0.0,4749.0,0.0,0.0,0.0,0.0,0.0,0.0,0.0,9564.0,10771.0,5693.0,0.0,0.0,2156.0,0.0,1214.0,510.0,0.0,9486.0,0.0,0.0,0.0,0.0,1.0,6226.0,0.0,-192.94069999689236,2020-09-14
0.0,0.0,5838.0,0.0,0.0,1.0,0.0,0.0,0.0,0.0,0.0,3413.0,869.0,0.0,0.0,0.0,0.0,0.0,2.0,4271.0,3980.0,0.0,5992.0,0.0,0.0,0.0,0.0,0.0,6604.0,0.0,0.0,0.0,0.0,0.0,1014.0,0.0,440.0,0.0,0.0,0.0,0.0,0.0,4649.0,0.0,0.0,0.0,0.0,3737.0,0.0,0.0,9565.0,10712.0,5809.0,0.0,1372.0,2076.0,0.0,1059.0,0.0,0.0,8492.0,0.0,1389.0,0.0,0.0,1308.0,6315.0,0.0,-201.73609999660403,2020-10-12
0.0,0.0,5662.0,1.0,0.0,0.0,0.0,2131.0,0.0,0.0,0.0,3410.0,0.0,0.0,0.0,0.0,2524.0,0.0,0.0,3658.0,4277.0,1226.0,0.0,0.0,0.0,0.0,4037.0,0.0,0.0,4475.0,111.0,0.0,0.0,0.0,0.0,0.0,0.0,0.0,0.0,0.0,0.0,0.0,5054.0,0.0,1790.0,0.0,0.0,3493.0,0.0,0.0,8202.0,10370.0,0.0,8192.0,1338.0,0.0,2907.0,1047.0,0.0,0.0,8635.0,0.0,0.0,3458.0,0.0,0.0,0.0,0.0,-243.00729999691248,2020-11-09
0.0,413.0,5299.0,0.0,0.0,4122.0,0.0,0.0,0.0,0.0,0.0,0.0,830.0,0.0,0.0,0.0,2607.0,0.0,0.0,3607.0,3953.0,0.0,0.0,0.0,0.0,0.0,0.0,0.0,6789.0,4234.0,0.0,0.0,0.0,0.0,0.0,0.0,0.0,1.0,503.0,0.0,5239.0,3375.0,0.0,0.0,1991.0,0.0,0.0,0.0,0.0,0.0,9178.0,10440.0,6281.0,0.0,0.0,0.0,0.0,1090.0,480.0,0.0,9110.0,0.0,0.0,0.0,2868.0,0.0,5984.0,0.0,-236.04279999714345,2020-12-07
0.0,0.0,5210.0,0.0,0.0,3791.0,141.0,0.0,0.0,0.0,0.0,0.0,901.0,0.0,0.0,0.0,0.0,0.0,0.0,3406.0,0.0,0.0,0.0,4466.0,0.0,0.0,0.0,3323.0,0.0,4307.0,0.0,0.0,104.0,522.0,0.0,0.0,0.0,0.0,0.0,0.0,5489.0,0.0,5485.0,0.0,0.0,0.0,0.0,0.0,0.0,0.0,9237.0,10736.0,0.0,7935.0,0.0,2196.0,3298.0,766.0,0.0,0.0,8499.0,0.0,0.0,0.0,3310.0,0.0,5299.0,1.0,-216.27269999682903,2021-01-04
2074.0,3810.0,5357.0,0.0,0.0,4155.0,0.0,0.0,718.0,0.0,0.0,0.0,954.0,0.0,0.0,0.0,0.0,0.0,0.0,3472.0,4033.0,0.0,8.0,4165.0,0.0,0.0,0.0,0.0,0.0,4331.0,0.0,0.0,0.0,0.0,0.0,0.0,614.0,0.0,0.0,787.0,0.0,0.0,0.0,0.0,689.0,0.0,932.0,0.0,0.0,0.0,9363.0,10612.0,0.0,0.0,0.0,0.0,0.0,674.0,513.0,0.0,8898.0,0.0,1551.0,0.0,0.0,0.0,5114.0,0.0,-228.89129999652505,2021-02-01
0.0,3875.0,5643.0,0.0,0.0,0.0,0.0,0.0,0.0,0.0,0.0,2929.0,939.0,0.0,0.0,0.0,0.0,0.0,0.0,3385.0,4254.0,0.0,0.0,3620.0,0.0,0.0,0.0,3161.0,0.0,515.0,0.0,0.0,0.0,0.0,0.0,0.0,576.0,0.0,0.0,736.0,0.0,0.0,0.0,0.0,0.0,1849.0,908.0,0.0,0.0,0.0,9490.0,10590.0,6749.0,0.0,1368.0,0.0,0.0,603.0,0.0,0.0,8425.0,0.0,0.0,3902.0,0.0,0.0,5249.0,0.0,-193.94749999744818,2021-03-01
3.0,3531.0,5682.0,0.0,0.0,3963.0,0.0,0.0,705.0,0.0,0.0,1.0,776.0,0.0,0.0,0.0,2901.0,0.0,8981.0,3184.0,3756.0,0.0,0.0,2968.0,0.0,0.0,0.0,463.0,0.0,3967.0,0.0,0.0,0.0,0.0,0.0,0.0,669.0,0.0,0.0,0.0,0.0,0.0,0.0,0.0,0.0,0.0,0.0,0.0,0.0,0.0,9188.0,10958.0,0.0,0.0,0.0,2161.0,0.0,0.0,574.0,0.0,8290.0,0.0,0.0,0.0,3567.0,0.0,4912.0,3779.0,-203.92649999726564,2021-03-29
0.0,3645.0,5723.0,0.0,0.0,2120.0,0.0,0.0,0.0,0.0,0.0,2889.0,0.0,0.0,0.0,0.0,1340.0,0.0,9080.0,3389.0,3721.0,0.0,3.0,3011.0,0.0,0.0,0.0,3294.0,0.0,3892.0,0.0,3.0,0.0,0.0,0.0,0.0,0.0,0.0,0.0,801.0,0.0,3765.0,5343.0,0.0,0.0,0.0,906.0,0.0,0.0,0.0,8817.0,0.0,0.0,0.0,0.0,2205.0,0.0,0.0,0.0,0.0,9429.0,835.0,0.0,0.0,0.0,0.0,4871.0,3819.0,-208.4592999969609,2021-04-26
3336.0,3668.0,5807.0,3900.0,0.0,0.0,0.0,0.0,0.0,0.0,0.0,2605.0,0.0,0.0,0.0,2320.0,0.0,0.0,1.0,3386.0,4041.0,0.0,0.0,3052.0,0.0,0.0,0.0,3505.0,4.0,3594.0,0.0,0.0,1074.0,0.0,0.0,0.0,636.0,0.0,0.0,0.0,0.0,3673.0,0.0,0.0,0.0,0.0,0.0,0.0,0.0,1949.0,4194.0,11098.0,0.0,0.0,0.0,0.0,0.0,0.0,287.0,0.0,8580.0,0.0,0.0,4445.0,0.0,0.0,4771.0,0.0,-232.17519999714568,2021-05-24
0.0,3412.0,6139.0,3813.0,2822.0,0.0,0.0,0.0,1.0,0.0,0.0,2560.0,925.0,546.0,0.0,0.0,2902.0,0.0,0.0,0.0,3755.0,1453.0,0.0,3161.0,0.0,0.0,0.0,3551.0,0.0,3741.0,0.0,0.0,0.0,0.0,1024.0,0.0,0.0,0.0,0.0,824.0,0.0,0.0,0.0,0.0,0.0,0.0,0.0,0.0,0.0,0.0,9244.0,0.0,6783.0,0.0,22.0,0.0,0.0,0.0,0.0,0.0,8207.0,0.0,0.0,0.0,0.0,0.0,4589.0,3981.0,-218.74169999733567,2021-06-21
0.0,3758.0,6333.0,0.0,0.0,4065.0,0.0,0.0,0.0,0.0,0.0,2429.0,0.0,552.0,0.0,0.0,3156.0,0.0,0.0,0.0,4188.0,1388.0,8936.0,2730.0,0.0,0.0,0.0,3597.0,4.0,3654.0,0.0,0.0,0.0,0.0,1105.0,0.0,0.0,0.0,360.0,0.0,0.0,0.0,0.0,0.0,0.0,0.0,0.0,0.0,0.0,0.0,3859.0,11661.0,6347.0,7625.0,1451.0,0.0,0.0,0.0,0.0,0.0,7663.0,0.0,0.0,0.0,0.0,0.0,0.0,3876.0,30.82860000245273,2021-07-19
0.0,3928.0,6117.0,0.0,0.0,3733.0,0.0,2430.0,0.0,0.0,0.0,0.0,0.0,0.0,0.0,0.0,3068.0,0.0,9837.0,3158.0,4441.0,1331.0,0.0,3314.0,377.0,0.0,0.0,3448.0,20.0,3581.0,0.0,0.0,0.0,0.0,0.0,0.0,0.0,0.0,0.0,0.0,0.0,0.0,4978.0,0.0,0.0,0.0,0.0,0.0,0.0,0.0,9456.0,11019.0,0.0,7829.0,1419.0,0.0,0.0,0.0,0.0,0.0,7443.0,0.0,0.0,0.0,0.0,0.0,0.0,4256.0,320.5755000025965,2021-08-16
0.0,2877.0,5845.0,0.0,0.0,3258.0,127.0,2491.0,0.0,0.0,0.0,0.0,0.0,0.0,0.0,0.0,0.0,0.0,0.0,0.0,4281.0,0.0,0.0,3512.0,0.0,0.0,0.0,3465.0,0.0,3311.0,663.0,0.0,0.0,657.0,0.0,0.0,0.0,0.0,0.0,0.0,0.0,3771.0,0.0,0.0,0.0,0.0,0.0,3941.0,0.0,1818.0,0.0,11171.0,5995.0,7266.0,0.0,1932.0,0.0,0.0,0.0,0.0,7778.0,0.0,372.0,0.0,3545.0,0.0,0.0,0.0,-197.33699999703094,2021-09-13
0.0,0.0,0.0,3673.0,1.0,3079.0,134.0,2286.0,0.0,0.0,0.0,1884.0,0.0,0.0,0.0,0.0,2714.0,0.0,0.0,0.0,4417.0,0.0,0.0,3275.0,0.0,0.0,4392.0,3493.0,0.0,3420.0,614.0,0.0,0.0,679.0,0.0,0.0,0.0,0.0,0.0,0.0,5754.0,0.0,0.0,0.0,0.0,0.0,0.0,4011.0,0.0,321.0,9707.0,11001.0,0.0,0.0,0.0,1870.0,0.0,0.0,0.0,0.0,7197.0,0.0,0.0,0.0,0.0,6339.0,0.0,0.0,-192.98529999749735,2021-10-11
0.0,3739.0,5843.0,3513.0,0.0,3179.0,0.0,2171.0,0.0,0.0,0.0,0.0,0.0,0.0,0.0,2357.0,2.0,0.0,0.0,0.0,4649.0,0.0,0.0,2322.0,0.0,0.0,0.0,3648.0,0.0,3340.0,0.0,0.0,0.0,0.0,55.0,0.0,0.0,3619.0,0.0,0.0,0.0,0.0,5214.0,0.0,0.0,0.0,0.0,0.0,0.0,0.0,0.0,0.0,0.0,0.0,0.0,0.0,0.0,0.0,0.0,0.0,0.0,0.0,0.0,0.0,0.0,0.0,0.0,4019.0,1461879.389200002,2021-11-08
0.0,0.0,5614.0,3117.0,0.0,2951.0,0.0,2120.0,0.0,0.0,0.0,1793.0,0.0,1.0,0.0,2094.0,0.0,0.0,0.0,3157.0,4829.0,0.0,0.0,2322.0,0.0,5441.0,0.0,0.0,0.0,2893.0,0.0,9093.0,0.0,0.0,0.0,0.0,0.0,0.0,0.0,0.0,0.0,0.0,0.0,0.0,0.0,0.0,0.0,0.0,0.0,0.0,0.0,10865.0,6225.0,7060.0,1891.0,0.0,0.0,0.0,0.0,543.0,8018.0,0.0,0.0,0.0,0.0,0.0,0.0,3934.0,238917.47810000274,2021-12-06
0.0,0.0,5275.0,1968.0,2330.0,2999.0,0.0,2393.0,0.0,1.0,0.0,1800.0,0.0,0.0,0.0,2137.0,0.0,0.0,0.0,0.0,4939.0,0.0,0.0,2354.0,0.0,0.0,3787.0,3555.0,0.0,2917.0,0.0,0.0,0.0,0.0,0.0,0.0,0.0,0.0,0.0,0.0,0.0,0.0,4747.0,0.0,0.0,0.0,0.0,3327.0,0.0,0.0,0.0,0.0,5596.0,0.0,0.0,0.0,0.0,0.0,0.0,529.0,0.0,0.0,0.0,4789.0,0.0,0.0,0.0,3945.0,501419.39370000316,2022-01-03
0.0,3604.0,5203.0,3282.0,0.0,0.0,0.0,2238.0,0.0,0.0,0.0,0.0,0.0,0.0,0.0,68.0,0.0,0.0,1.0,0.0,4836.0,0.0,11281.0,2354.0,0.0,0.0,0.0,0.0,0.0,3051.0,0.0,0.0,0.0,0.0,0.0,0.0,0.0,3627.0,0.0,0.0,0.0,0.0,4663.0,0.0,0.0,0.0,0.0,0.0,0.0,0.0,9376.0,10682.0,5498.0,6916.0,0.0,0.0,0.0,0.0,0.0,0.0,0.0,0.0,0.0,0.0,0.0,0.0,0.0,3952.0,1075417.8548000026,2022-01-31
0.0,3263.0,5656.0,0.0,0.0,0.0,108.0,2244.0,691.0,13167.0,0.0,0.0,0.0,0.0,0.0,1668.0,0.0,0.0,0.0,0.0,4605.0,0.0,0.0,2087.0,0.0,0.0,4016.0,3682.0,0.0,0.0,580.0,0.0,0.0,622.0,0.0,0.0,0.0,3320.0,0.0,0.0,0.0,0.0,4981.0,11661.0,0.0,1568.0,735.0,3418.0,0.0,0.0,1564.0,0.0,0.0,0.0,0.0,0.0,0.0,0.0,0.0,0.0,0.0,0.0,0.0,0.0,0.0,0.0,0.0,3306.0,-192.65219999663532,2022-02-28
0.0,3087.0,0.0,0.0,0.0,3051.0,0.0,2524.0,669.0,0.0,0.0,1936.0,0.0,0.0,0.0,0.0,0.0,0.0,0.0,0.0,4587.0,0.0,10489.0,1897.0,0.0,5342.0,0.0,0.0,0.0,0.0,0.0,0.0,0.0,552.0,798.0,0.0,0.0,3021.0,0.0,0.0,0.0,0.0,4975.0,11069.0,2235.0,0.0,4.0,3549.0,0.0,0.0,0.0,0.0,0.0,0.0,1817.0,0.0,0.0,0.0,0.0,0.0,0.0,0.0,0.0,0.0,3641.0,0.0,4261.0,3152.0,-159.78609999641776,2022-03-28
4203.0,2815.0,2.0,3944.0,0.0,0.0,0.0,2585.0,0.0,14376.0,0.0,0.0,0.0,428.0,0.0,1631.0,0.0,0.0,9868.0,0.0,4528.0,0.0,0.0,0.0,0.0,0.0,0.0,0.0,0.0,0.0,0.0,8224.0,0.0,0.0,0.0,0.0,0.0,3081.0,254.0,768.0,0.0,0.0,5049.0,9910.0,0.0,0.0,0.0,3631.0,0.0,0.0,4798.0,12502.0,0.0,0.0,1900.0,0.0,0.0,0.0,0.0,0.0,0.0,0.0,0.0,0.0,0.0,0.0,3885.0,3203.0,-145.0060999970883,2022-04-25
0.0,2862.0,0.0,0.0,0.0,0.0,0.0,2624.0,0.0,13404.0,0.0,0.0,1117.0,0.0,11407.0,0.0,0.0,0.0,9382.0,0.0,4271.0,1277.0,10136.0,0.0,0.0,0.0,0.0,0.0,0.0,0.0,0.0,7827.0,840.0,581.0,0.0,0.0,0.0,3002.0,0.0,0.0,0.0,0.0,0.0,9072.0,2300.0,0.0,703.0,2594.0,0.0,391.0,0.0,0.0,0.0,0.0,0.0,0.0,0.0,0.0,474.0,0.0,0.0,0.0,0.0,0.0,0.0,0.0,4203.0,3230.0,-215.23229999653995,2022-05-23
0.0,0.0,0.0,4340.0,0.0,0.0,124.0,2706.0,721.0,12540.0,0.0,2337.0,0.0,0.0,4.0,1162.0,0.0,0.0,8885.0,0.0,4166.0,0.0,0.0,1946.0,0.0,5002.0,0.0,0.0,0.0,0.0,681.0,7165.0,763.0,0.0,0.0,0.0,0.0,2509.0,0.0,0.0,0.0,0.0,0.0,0.0,0.0,0.0,0.0,0.0,0.0,0.0,0.0,0.0,0.0,0.0,0.0,0.0,0.0,0.0,489.0,0.0,0.0,0.0,0.0,0.0,3550.0,0.0,0.0,2709.0,500726.54100000346,2022-06-20
0.0,0.0,0.0,26.0,0.0,0.0,104.0,2841.0,0.0,11004.0,0.0,0.0,0.0,0.0,0.0,0.0,0.0,0.0,285.0,0.0,0.0,0.0,0.0,2058.0,0.0,0.0,0.0,0.0,0.0,0.0,0.0,4087.0,0.0,0.0,0.0,0.0,0.0,2646.0,0.0,0.0,3.0,0.0,0.0,7770.0,0.0,0.0,0.0,0.0,0.0,0.0,0.0,0.0,0.0,0.0,0.0,0.0,0.0,0.0,0.0,0.0,0.0,0.0,0.0,0.0,0.0,0.0,0.0,2806.0,2633593.2189000044,2022-07-18
0.0,0.0,0.0,2.0,0.0,3914.0,95.0,3077.0,760.0,0.0,0.0,2553.0,1090.0,0.0,0.0,0.0,0.0,0.0,8044.0,0.0,1540.0,0.0,0.0,2209.0,0.0,0.0,5000.0,0.0,0.0,4448.0,662.0,0.0,0.0,599.0,0.0,0.0,0.0,2677.0,0.0,0.0,5750.0,0.0,4685.0,8423.0,0.0,0.0,0.0,0.0,0.0,0.0,0.0,0.0,0.0,0.0,0.0,0.0,0.0,0.0,0.0,0.0,0.0,734.0,0.0,3676.0,3225.0,0.0,0.0,2773.0,-161.9539999961853,2022-08-15
0.0,1219.0,0.0,0.0,0.0,0.0,0.0,2780.0,0.0,0.0,0.0,0.0,0.0,0.0,0.0,1727.0,0.0,0.0,0.0,0.0,5223.0,0.0,0.0,2101.0,0.0,2.0,0.0,4002.0,0.0,0.0,0.0,0.0,0.0,0.0,0.0,0.0,0.0,2636.0,0.0,0.0,0.0,0.0,0.0,0.0,0.0,0.0,0.0,0.0,0.0,0.0,0.0,0.0,0.0,0.0,0.0,0.0,0.0,0.0,0.0,0.0,0.0,0.0,0.0,0.0,0.0,0.0,0.0,2834.0,2929684.2122000037,2022-09-12
3622.0,0.0,0.0,0.0,0.0,1.0,0.0,2962.0,0.0,0.0,0.0,0.0,0.0,453.0,0.0,1663.0,2786.0,0.0,0.0,0.0,5641.0,1529.0,0.0,1971.0,0.0,0.0,0.0,3924.0,0.0,0.0,0.0,7335.0,764.0,0.0,0.0,0.0,0.0,2530.0,0.0,0.0,0.0,4208.0,0.0,1225.0,1991.0,0.0,0.0,4092.0,0.0,0.0,30.0,0.0,0.0,0.0,1678.0,2148.0,0.0,769.0,0.0,0.0,0.0,0.0,0.0,4526.0,0.0,0.0,0.0,2700.0,-176.8046999964863,2022-10-10
0.0,2650.0,0.0,4704.0,0.0,0.0,0.0,3272.0,1.0,0.0,0.0,0.0,0.0,481.0,0.0,1577.0,2989.0,0.0,0.0,3890.0,0.0,1731.0,0.0,1769.0,0.0,0.0,0.0,3754.0,0.0,0.0,0.0,0.0,681.0,0.0,0.0,246.0,0.0,2185.0,0.0,0.0,0.0,4528.0,0.0,0.0,0.0,0.0,0.0,4824.0,0.0,0.0,0.0,0.0,0.0,0.0,1621.0,2224.0,0.0,963.0,0.0,0.0,0.0,0.0,0.0,5197.0,0.0,0.0,0.0,2444.0,9977.669700003229,2022-11-07
4070.0,0.0,3.0,1804.0,0.0,0.0,0.0,3308.0,1.0,0.0,45977.0,0.0,0.0,506.0,0.0,1481.0,0.0,0.0,0.0,4177.0,0.0,1731.0,0.0,1684.0,0.0,0.0,0.0,0.0,0.0,0.0,0.0,0.0,671.0,0.0,0.0,141.0,0.0,2152.0,0.0,0.0,0.0,4545.0,0.0,0.0,0.0,2440.0,0.0,5033.0,0.0,0.0,0.0,0.0,8634.0,0.0,1654.0,2378.0,0.0,1208.0,0.0,0.0,0.0,0.0,0.0,5234.0,0.0,0.0,0.0,2358.0,-8.767999996431172,2022-12-05
3921.0,2916.0,2.0,3909.0,0.0,0.0,0.0,2953.0,0.0,0.0,0.0,0.0,0.0,509.0,0.0,1547.0,0.0,0.0,0.0,3795.0,0.0,1740.0,0.0,1915.0,389.0,0.0,0.0,1787.0,0.0,0.0,0.0,0.0,0.0,0.0,0.0,0.0,0.0,2275.0,0.0,0.0,0.0,4598.0,0.0,0.0,0.0,980.0,0.0,0.0,0.0,0.0,0.0,0.0,8464.0,0.0,1647.0,2143.0,0.0,1307.0,0.0,0.0,0.0,0.0,1495.0,4923.0,0.0,1.0,0.0,2491.0,-174.7214999953285,2023-01-02
3781.0,2774.0,6270.0,3846.0,1.0,0.0,0.0,2933.0,0.0,1.0,0.0,0.0,0.0,530.0,0.0,1481.0,0.0,0.0,0.0,0.0,0.0,0.0,12645.0,1935.0,0.0,0.0,0.0,393.0,0.0,0.0,0.0,0.0,0.0,0.0,628.0,0.0,0.0,2139.0,0.0,0.0,0.0,4373.0,0.0,0.0,1962.0,0.0,0.0,4805.0,0.0,0.0,0.0,0.0,0.0,0.0,0.0,2134.0,4513.0,1884.0,0.0,0.0,0.0,0.0,0.0,5104.0,3685.0,0.0,0.0,2348.0,-208.26739999558777,2023-01-30
3866.0,3358.0,1825.0,3799.0,0.0,0.0,0.0,2601.0,0.0,0.0,0.0,0.0,0.0,516.0,0.0,1636.0,0.0,0.0,0.0,0.0,0.0,1657.0,14313.0,1953.0,0.0,0.0,0.0,3337.0,0.0,0.0,0.0,0.0,0.0,0.0,667.0,0.0,0.0,2067.0,0.0,0.0,0.0,4390.0,0.0,0.0,2014.0,0.0,0.0,4521.0,0.0,0.0,0.0,0.0,0.0,0.0,0.0,2216.0,3156.0,0.0,0.0,0.0,1.0,0.0,0.0,5460.0,3643.0,0.0,0.0,2446.0,-174.43469999637455,2023-02-27
1.0,3341.0,1084.0,3669.0,14.0,0.0,0.0,2483.0,0.0,0.0,0.0,0.0,0.0,524.0,0.0,1714.0,0.0,0.0,0.0,0.0,0.0,1668.0,14086.0,1941.0,0.0,0.0,0.0,3396.0,0.0,0.0,0.0,0.0,793.0,0.0,702.0,0.0,0.0,2071.0,518.0,0.0,0.0,4520.0,0.0,0.0,1599.0,0.0,0.0,4576.0,0.0,0.0,0.0,0.0,0.0,0.0,0.0,0.0,4312.0,0.0,0.0,0.0,0.0,0.0,0.0,5419.0,3732.0,6.0,0.0,2462.0,-170.67529999557883,2023-03-27
0.0,3410.0,2598.0,4284.0,0.0,0.0,0.0,2439.0,0.0,0.0,0.0,0.0,0.0,0.0,0.0,1730.0,0.0,0.0,0.0,0.0,0.0,0.0,12875.0,2087.0,348.0,0.0,0.0,3342.0,0.0,0.0,0.0,0.0,734.0,0.0,697.0,0.0,0.0,1988.0,510.0,0.0,0.0,4694.0,0.0,0.0,1107.0,0.0,0.0,4811.0,0.0,0.0,0.0,0.0,0.0,0.0,0.0,1967.0,4276.0,0.0,0.0,0.0,0.0,0.0,0.0,5175.0,3856.0,0.0,0.0,2515.0,-173.94409999530762,2023-04-24
4293.0,3419.0,1.0,4157.0,0.0,0.0,0.0,2379.0,0.0,0.0,0.0,0.0,1123.0,0.0,0.0,1560.0,0.0,0.0,0.0,202.0,0.0,1656.0,0.0,1949.0,350.0,0.0,0.0,3196.0,0.0,0.0,0.0,0.0,667.0,0.0,0.0,0.0,0.0,2110.0,541.0,0.0,0.0,4762.0,0.0,0.0,2024.0,0.0,0.0,5003.0,0.0,0.0,0.0,0.0,0.0,0.0,0.0,1970.0,0.0,1539.0,0.0,0.0,19731.0,0.0,0.0,5088.0,0.0,0.0,0.0,0.0,-190.69919999595731,2023-05-22
4363.0,3753.0,1.0,3974.0,6.0,0.0,0.0,2373.0,0.0,4.0,0.0,0.0,0.0,0.0,0.0,1461.0,0.0,0.0,0.0,3304.0,0.0,1697.0,0.0,2105.0,323.0,0.0,0.0,3537.0,0.0,0.0,0.0,0.0,127.0,0.0,0.0,0.0,0.0,2405.0,573.0,798.0,0.0,4898.0,0.0,0.0,2028.0,0.0,0.0,5196.0,0.0,0.0,0.0,0.0,0.0,0.0,0.0,2073.0,4502.0,0.0,0.0,0.0,15268.0,0.0,0.0,5230.0,0.0,0.0,0.0,0.0,-171.41359999589622,2023-06-19
4557.0,3841.0,0.0,3580.0,11023.0,0.0,0.0,2548.0,0.0,0.0,0.0,0.0,542.0,0.0,0.0,1889.0,0.0,0.0,0.0,0.0,0.0,1664.0,0.0,2279.0,330.0,0.0,5474.0,3674.0,0.0,0.0,0.0,0.0,0.0,0.0,0.0,0.0,0.0,2471.0,522.0,788.0,0.0,2835.0,0.0,0.0,2226.0,0.0,0.0,0.0,0.0,0.0,0.0,0.0,8114.0,0.0,0.0,2119.0,4919.0,0.0,0.0,0.0,0.0,0.0,0.0,5257.0,0.0,0.0,0.0,0.0,-195.1385999955237,2023-07-17
4740.0,0.0,0.0,0.0,0.0,2970.0,0.0,2377.0,0.0,24.0,0.0,0.0,0.0,517.0,0.0,0.0,0.0,0.0,0.0,0.0,0.0,1619.0,14352.0,2257.0,328.0,0.0,0.0,3897.0,0.0,0.0,0.0,0.0,0.0,0.0,0.0,233.0,0.0,2469.0,56.0,813.0,0.0,5241.0,0.0,0.0,0.0,2351.0,0.0,5669.0,0.0,0.0,0.0,0.0,8120.0,0.0,0.0,2167.0,5033.0,0.0,0.0,0.0,0.0,0.0,0.0,5502.0,0.0,0.0,0.0,2658.0,-195.69879999570549,2023-08-14
5089.0,0.0,0.0,2721.0,7127.0,0.0,0.0,2230.0,0.0,0.0,0.0,0.0,0.0,0.0,0.0,0.0,3517.0,0.0,0.0,0.0,0.0,1741.0,13170.0,2099.0,323.0,0.0,0.0,3890.0,0.0,0.0,0.0,0.0,0.0,0.0,0.0,218.0,0.0,2020.0,551.0,0.0,0.0,5679.0,0.0,0.0,0.0,2506.0,0.0,6024.0,0.0,0.0,0.0,0.0,0.0,0.0,0.0,2221.0,5210.0,299.0,0.0,0.0,0.0,0.0,0.0,5458.0,0.0,0.0,0.0,2779.0,-177.61129999533296,2023-09-11
5336.0,3971.0,0.0,0.0,6758.0,0.0,0.0,2292.0,0.0,0.0,0.0,0.0,0.0,531.0,0.0,0.0,2774.0,0.0,0.0,0.0,0.0,1752.0,13030.0,2073.0,316.0,0.0,0.0,4078.0,0.0,0.0,0.0,0.0,0.0,0.0,0.0,201.0,0.0,1960.0,601.0,0.0,0.0,6005.0,0.0,0.0,0.0,2562.0,0.0,6029.0,0.0,0.0,0.0,0.0,0.0,0.0,0.0,2309.0,5105.0,0.0,0.0,0.0,0.0,0.0,0.0,5375.0,0.0,0.0,0.0,670.0,-50.29509999509901,2023-10-09
5549.0,0.0,0.0,3061.0,0.0,0.0,0.0,2316.0,0.0,0.0,0.0,0.0,0.0,508.0,0.0,1828.0,0.0,0.0,0.0,3287.0,0.0,1755.0,0.0,1931.0,307.0,0.0,0.0,3960.0,0.0,0.0,0.0,0.0,23.0,0.0,0.0,0.0,0.0,1968.0,585.0,0.0,0.0,6229.0,0.0,0.0,2089.0,2712.0,0.0,6193.0,0.0,0.0,0.0,0.0,8777.0,0.0,0.0,2247.0,0.0,0.0,0.0,0.0,0.0,0.0,0.0,5414.0,0.0,2.0,0.0,2687.0,-184.2555999951437,2023-11-06
5285.0,0.0,0.0,3477.0,0.0,0.0,0.0,2385.0,0.0,2.0,0.0,0.0,1031.0,0.0,0.0,2109.0,0.0,0.0,0.0,2725.0,6563.0,1807.0,0.0,1919.0,0.0,0.0,0.0,2663.0,0.0,0.0,0.0,0.0,0.0,0.0,0.0,0.0,0.0,1957.0,0.0,795.0,0.0,0.0,4367.0,0.0,0.0,2878.0,1241.0,1965.0,0.0,1851.0,0.0,0.0,8933.0,0.0,0.0,2246.0,0.0,0.0,0.0,0.0,0.0,0.0,0.0,5204.0,0.0,0.0,0.0,2863.0,-193.21229999605566,2023-12-04
5247.0,4234.0,0.0,3350.0,0.0,0.0,0.0,2367.0,0.0,0.0,0.0,0.0,0.0,503.0,0.0,2216.0,0.0,0.0,0.0,2519.0,0.0,0.0,0.0,2046.0,233.0,0.0,0.0,4038.0,0.0,0.0,0.0,0.0,0.0,0.0,0.0,0.0,0.0,2017.0,530.0,802.0,0.0,5973.0,0.0,8.0,205.0,2626.0,0.0,6142.0,0.0,0.0,0.0,0.0,8699.0,0.0,0.0,2134.0,0.0,0.0,0.0,0.0,0.0,0.0,0.0,5820.0,0.0,6.0,0.0,3069.0,-198.07719999644905,2024-01-01
0.0,4556.0,3648.0,3364.0,7612.0,2738.0,0.0,2178.0,0.0,4.0,0.0,0.0,0.0,465.0,0.0,2241.0,0.0,0.0,0.0,0.0,0.0,1779.0,0.0,2113.0,260.0,0.0,0.0,0.0,0.0,0.0,0.0,0.0,0.0,0.0,0.0,0.0,0.0,2143.0,205.0,0.0,0.0,0.0,0.0,0.0,2082.0,2453.0,0.0,5945.0,0.0,0.0,14.0,0.0,8474.0,0.0,0.0,2149.0,5203.0,0.0,0.0,0.0,0.0,0.0,0.0,5910.0,0.0,0.0,0.0,3274.0,-197.67479999735951,2024-01-29
0.0,6078.0,4338.0,3143.0,6611.0,2695.0,0.0,2206.0,0.0,1.0,0.0,0.0,0.0,449.0,0.0,2276.0,0.0,0.0,0.0,2384.0,0.0,1845.0,0.0,2148.0,76.0,0.0,0.0,0.0,0.0,0.0,0.0,4.0,0.0,0.0,0.0,0.0,0.0,2015.0,0.0,764.0,0.0,0.0,0.0,0.0,1884.0,2595.0,0.0,6227.0,0.0,0.0,0.0,0.0,8846.0,0.0,0.0,0.0,5475.0,0.0,0.0,0.0,0.0,0.0,0.0,5730.0,0.0,0.0,0.0,3222.0,-156.3156999964267,2024-02-26
0.0,6572.0,6126.0,3019.0,5513.0,2659.0,0.0,2366.0,0.0,0.0,0.0,0.0,0.0,0.0,0.0,2295.0,0.0,0.0,0.0,2244.0,0.0,1953.0,0.0,1984.0,0.0,0.0,0.0,0.0,0.0,0.0,0.0,2.0,0.0,804.0,0.0,0.0,0.0,1967.0,0.0,810.0,0.0,0.0,0.0,0.0,1827.0,0.0,0.0,5623.0,0.0,0.0,0.0,0.0,9390.0,0.0,0.0,2110.0,5581.0,0.0,0.0,0.0,4918.0,0.0,0.0,0.0,1365.0,0.0,0.0,3335.0,-181.92029999569058,2024-03-25
0.0,5983.0,0.0,3159.0,0.0,2774.0,0.0,2438.0,0.0,1.0,0.0,0.0,0.0,0.0,0.0,2425.0,0.0,0.0,0.0,1888.0,0.0,2092.0,0.0,1881.0,0.0,0.0,0.0,0.0,0.0,0.0,0.0,0.0,0.0,822.0,0.0,0.0,0.0,0.0,0.0,835.0,0.0,0.0,0.0,0.0,1838.0,0.0,0.0,7568.0,0.0,0.0,0.0,0.0,10023.0,0.0,0.0,0.0,5849.0,0.0,748.0,0.0,4257.0,0.0,0.0,0.0,0.0,0.0,0.0,3246.0,1100410.4071000041,2024-04-22
0.0,5822.0,6152.0,0.0,0.0,2735.0,0.0,2484.0,0.0,0.0,0.0,2944.0,1090.0,0.0,0.0,2280.0,0.0,0.0,0.0,1425.0,0.0,2215.0,14809.0,1776.0,0.0,0.0,0.0,5388.0,0.0,0.0,0.0,0.0,0.0,339.0,0.0,247.0,0.0,1782.0,0.0,857.0,0.0,0.0,0.0,0.0,0.0,0.0,0.0,8583.0,0.0,1805.0,0.0,0.0,0.0,0.0,0.0,2285.0,6563.0,0.0,0.0,0.0,0.0,0.0,0.0,0.0,0.0,0.0,0.0,3003.0,-72.21719999518245,2024-05-20
0.0,6210.0,5405.0,0.0,0.0,2616.0,0.0,2391.0,0.0,0.0,0.0,2976.0,0.0,0.0,0.0,2376.0,0.0,0.0,3.0,0.0,0.0,2283.0,16844.0,1886.0,0.0,0.0,0.0,5564.0,0.0,0.0,465.0,0.0,0.0,9.0,0.0,198.0,0.0,2091.0,0.0,845.0,0.0,7135.0,0.0,0.0,0.0,3387.0,0.0,8366.0,0.0,0.0,0.0,0.0,0.0,0.0,0.0,0.0,6538.0,0.0,0.0,0.0,3580.0,0.0,0.0,0.0,0.0,0.0,0.0,3170.0,-118.37149999476969,2024-06-17
0.0,6174.0,5116.0,0.0,1.0,2753.0,0.0,2234.0,0.0,0.0,0.0,3008.0,0.0,405.0,0.0,2455.0,0.0,0.0,4.0,0.0,0.0,2235.0,16003.0,1955.0,0.0,0.0,0.0,5706.0,0.0,0.0,416.0,0.0,0.0,461.0,0.0,223.0,0.0,2107.0,0.0,787.0,0.0,7267.0,0.0,0.0,0.0,0.0,0.0,0.0,0.0,0.0,0.0,0.0,0.0,0.0,0.0,920.0,6344.0,0.0,0.0,0.0,3901.0,0.0,0.0,0.0,0.0,0.0,0.0,3411.0,-177.77839999459684,2024-07-15
6031.0,6157.0,5330.0,0.0,0.0,2656.0,0.0,2270.0,0.0,0.0,0.0,2917.0,0.0,435.0,0.0,0.0,0.0,0.0,0.0,0.0,0.0,2103.0,16242.0,773.0,0.0,3.0,0.0,5442.0,0.0,0.0,0.0,0.0,0.0,0.0,0.0,0.0,0.0,0.0,0.0,817.0,0.0,7204.0,0.0,0.0,1833.0,0.0,1299.0,7913.0,0.0,0.0,0.0,0.0,10318.0,0.0,0.0,1336.0,5829.0,0.0,0.0,0.0,0.0,746.0,0.0,0.0,0.0,0.0,0.0,3372.0,-186.31179999466985,2024-08-12
5447.0,6702.0,5876.0,911.0,4885.0,2755.0,0.0,2691.0,0.0,0.0,0.0,2961.0,0.0,426.0,0.0,2718.0,0.0,0.0,0.0,0.0,0.0,2154.0,0.0,0.0,0.0,0.0,0.0,5264.0,0.0,0.0,0.0,0.0,0.0,0.0,0.0,0.0,0.0,0.0,338.0,909.0,0.0,6637.0,0.0,0.0,0.0,0.0,1245.0,8031.0,0.0,0.0,0.0,0.0,10002.0,0.0,0.0,2339.0,5753.0,0.0,0.0,0.0,0.0,786.0,0.0,0.0,0.0,0.0,0.0,0.0,-39.50639999471605,2024-09-09
5325.0,6758.0,0.0,3611.0,1612.0,0.0,0.0,2530.0,0.0,0.0,0.0,0.0,0.0,427.0,0.0,2895.0,3611.0,0.0,0.0,0.0,0.0,2168.0,0.0,2207.0,214.0,4.0,0.0,5057.0,0.0,0.0,0.0,0.0,272.0,0.0,0.0,187.0,0.0,0.0,461.0,0.0,0.0,6607.0,0.0,0.0,0.0,0.0,0.0,0.0,0.0,0.0,0.0,0.0,10277.0,0.0,0.0,2315.0,5903.0,1759.0,0.0,0.0,0.0,0.0,0.0,0.0,0.0,0.0,0.0,3481.0,-197.1515999948606,2024-10-07
3410.0,7143.0,1.0,3026.0,1.0,2606.0,0.0,2412.0,0.0,0.0,0.0,1.0,0.0,0.0,0.0,0.0,0.0,0.0,0.0,2505.0,0.0,2353.0,15122.0,2073.0,0.0,0.0,0.0,4912.0,0.0,0.0,0.0,0.0,0.0,0.0,344.0,202.0,0.0,0.0,0.0,982.0,0.0,0.0,5183.0,0.0,1760.0,0.0,1219.0,8979.0,0.0,2036.0,0.0,0.0,11307.0,0.0,0.0,2466.0,0.0,0.0,0.0,0.0,0.0,0.0,0.0,5099.0,0.0,0.0,0.0,0.0,-246.0932999951765,2024-11-04
0.0,7737.0,1.0,2965.0,0.0,2667.0,0.0,2143.0,0.0,0.0,0.0,0.0,1068.0,0.0,0.0,0.0,0.0,0.0,0.0,2495.0,0.0,2494.0,11808.0,2341.0,0.0,0.0,0.0,4698.0,0.0,0.0,0.0,0.0,507.0,0.0,774.0,0.0,0.0,0.0,0.0,1002.0,0.0,0.0,0.0,0.0,1821.0,0.0,1293.0,10043.0,0.0,2051.0,0.0,0.0,11668.0,0.0,0.0,2173.0,0.0,0.0,0.0,0.0,0.0,0.0,0.0,0.0,0.0,0.0,0.0,0.0,462564.03730000556,2024-12-02
0.0,8290.0,0.0,0.0,1261.0,2599.0,0.0,2080.0,0.0,0.0,0.0,0.0,0.0,0.0,0.0,0.0,0.0,0.0,0.0,0.0,0.0,2650.0,12076.0,2528.0,0.0,0.0,0.0,4765.0,0.0,0.0,0.0,0.0,542.0,0.0,0.0,220.0,0.0,0.0,749.0,0.0,0.0,1.0,0.0,0.0,1768.0,0.0,0.0,10924.0,0.0,2032.0,0.0,0.0,1314.0,0.0,0.0,0.0,0.0,0.0,0.0,0.0,0.0,0.0,0.0,4703.0,0.0,0.0,0.0,0.0,2105364.0509000057,2024-12-30
0.0,8678.0,0.0,0.0,0.0,2426.0,0.0,2099.0,0.0,0.0,0.0,0.0,0.0,0.0,0.0,3065.0,0.0,0.0,0.0,0.0,0.0,2711.0,12317.0,2667.0,0.0,0.0,0.0,4663.0,0.0,0.0,0.0,0.0,541.0,888.0,0.0,241.0,0.0,0.0,696.0,986.0,0.0,0.0,0.0,0.0,1882.0,0.0,0.0,11482.0,0.0,2096.0,0.0,0.0,13002.0,0.0,0.0,266.0,0.0,0.0,0.0,0.0,0.0,0.0,0.0,4636.0,0.0,0.0,0.0,4095.0,375016.0662000058,2025-01-27
6120.0,8669.0,0.0,0.0,0.0,2380.0,0.0,2332.0,0.0,42.0,0.0,0.0,1034.0,0.0,1.0,0.0,0.0,0.0,0.0,2039.0,0.0,0.0,13200.0,2604.0,0.0,0.0,0.0,4684.0,0.0,0.0,0.0,0.0,0.0,887.0,718.0,138.0,0.0,0.0,0.0,0.0,0.0,0.0,0.0,0.0,1864.0,3720.0,0.0,11044.0,0.0,0.0,0.0,0.0,0.0,0.0,0.0,0.0,6814.0,0.0,0.0,0.0,0.0,0.0,0.0,0.0,0.0,0.0,0.0,4092.0,1474025.300300005,2025-02-24
6173.0,9169.0,0.0,0.0,0.0,0.0,0.0,2143.0,0.0,0.0,0.0,0.0,1038.0,0.0,0.0,0.0,0.0,0.0,0.0,0.0,0.0,2476.0,11545.0,2856.0,0.0,0.0,7966.0,3991.0,0.0,0.0,0.0,0.0,0.0,1007.0,711.0,0.0,0.0,0.0,476.0,0.0,0.0,0.0,0.0,0.0,1675.0,0.0,0.0,0.0,0.0,1866.0,0.0,0.0,0.0,0.0,0.0,2474.0,0.0,0.0,959.0,0.0,0.0,0.0,0.0,4629.0,0.0,0.0,0.0,3984.0,979738.2891000062,2025-03-24
0.0,0.0,0.0,0.0,1264.0,0.0,0.0,2297.0,0.0,2.0,0.0,0.0,0.0,0.0,0.0,0.0,0.0,0.0,0.0,0.0,0.0,2542.0,11389.0,2741.0,0.0,0.0,8260.0,4131.0,0.0,0.0,0.0,0.0,0.0,1014.0,0.0,0.0,0.0,0.0,0.0,0.0,0.0,0.0,4728.0,0.0,1670.0,0.0,0.0,0.0,0.0,1844.0,0.0,0.0,0.0,0.0,0.0,2265.0,0.0,0.0,0.0,0.0,0.0,0.0,0.0,4954.0,0.0,0.0,0.0,0.0,3056567.9891000055,2025-04-21
0.0,0.0,0.0,0.0,0.0,3125.0,0.0,2341.0,0.0,0.0,0.0,0.0,0.0,0.0,0.0,0.0,0.0,0.0,0.0,0.0,0.0,2739.0,11590.0,3201.0,0.0,0.0,0.0,0.0,0.0,0.0,0.0,0.0,508.0,0.0,0.0,0.0,0.0,3325.0,817.0,0.0,0.0,0.0,4521.0,0.0,1706.0,0.0,0.0,0.0,0.0,1749.0,0.0,0.0,0.0,0.0,0.0,0.0,1292.0,0.0,0.0,0.0,0.0,0.0,1840.0,4503.0,0.0,0.0,0.0,0.0,2818776.382000006,2025-05-19
6155.0,9279.0,0.0,0.0,1209.0,2760.0,0.0,2099.0,874.0,0.0,0.0,0.0,0.0,0.0,0.0,0.0,0.0,0.0,0.0,0.0,0.0,2686.0,10030.0,3281.0,0.0,0.0,0.0,4334.0,0.0,0.0,0.0,0.0,0.0,0.0,0.0,0.0,0.0,2821.0,643.0,0.0,0.0,7474.0,0.0,0.0,1656.0,4191.0,0.0,0.0,0.0,1809.0,0.0,0.0,0.0,0.0,0.0,2346.0,7931.0,0.0,162.0,0.0,0.0,0.0,0.0,4597.0,0.0,0.0,0.0,4314.0,475.4192000068724,2025-06-16
6314.0,8501.0,0.0,692.0,0.0,2775.0,0.0,2104.0,916.0,10.0,0.0,0.0,0.0,458.0,0.0,0.0,0.0,0.0,0.0,0.0,0.0,0.0,10762.0,3035.0,247.0,0.0,0.0,4132.0,0.0,0.0,0.0,0.0,0.0,0.0,0.0,183.0,0.0,2736.0,640.0,0.0,0.0,6580.0,0.0,0.0,1795.0,4352.0,0.0,0.0,0.0,1828.0,0.0,2.0,0.0,0.0,0.0,2325.0,7985.0,0.0,0.0,0.0,0.0,0.0,0.0,0.0,0.0,0.0,0.0,4094.0,-187.69379999302328,2025-07-14
6450.0,0.0,1.0,0.0,0.0,2589.0,0.0,1974.0,0.0,0.0,0.0,0.0,0.0,463.0,0.0,0.0,4042.0,0.0,0.0,3496.0,0.0,0.0,9930.0,3252.0,292.0,0.0,0.0,4116.0,0.0,0.0,0.0,0.0,0.0,0.0,0.0,190.0,0.0,2617.0,631.0,905.0,0.0,8034.0,0.0,0.0,1947.0,4242.0,0.0,0.0,0.0,0.0,0.0,0.0,0.0,0.0,0.0,2145.0,8041.0,352.0,0.0,0.0,0.0,0.0,0.0,4756.0,0.0,0.0,0.0,0.0,-125.57329999096692,2025-08-11
6188.0,3.0,0.0,0.0,46.0,2424.0,0.0,2055.0,0.0,0.0,0.0,0.0,0.0,444.0,0.0,0.0,0.0,0.0,0.0,0.0,0.0,2822.0,11717.0,3268.0,334.0,0.0,0.0,3709.0,0.0,0.0,0.0,0.0,0.0,0.0,0.0,0.0,0.0,2683.0,552.0,845.0,0.0,7920.0,4231.0,0.0,0.0,4316.0,0.0,0.0,0.0,1865.0,0.0,0.0,13143.0,0.0,0.0,0.0,8487.0,0.0,0.0,0.0,0.0,0.0,1870.0,4243.0,0.0,0.0,0.0,0.0,-164.71169999055564,2025-09-08
6361.0,0.0,1.0,0.0,323.0,2638.0,106.0,2031.0,0.0,0.0,0.0,0.0,0.0,0.0,0.0,0.0,0.0,0.0,0.0,0.0,0.0,2771.0,11958.0,3325.0,293.0,3.0,0.0,3964.0,0.0,0.0,0.0,0.0,0.0,0.0,0.0,0.0,0.0,0.0,524.0,908.0,0.0,7870.0,4236.0,0.0,1196.0,4068.0,0.0,0.0,0.0,1992.0,0.0,0.0,12607.0,0.0,0.0,2626.0,7875.0,0.0,0.0,0.0,0.0,0.0,0.0,4424.0,0.0,0.0,0.0,0.0,-177.27579998970032,2025-10-06
6637.0,0.0,0.0,3630.0,777.0,0.0,109.0,2113.0,0.0,0.0,0.0,0.0,0.0,0.0,0.0,0.0,0.0,0.0,0.0,4472.0,0.0,2701.0,11405.0,0.0,0.0,0.0,0.0,1251.0,0.0,0.0,401.0,0.0,0.0,0.0,0.0,0.0,0.0,2381.0,0.0,866.0,0.0,7827.0,4417.0,0.0,2019.0,0.0,0.0,11210.0,0.0,0.0,0.0,0.0,0.0,0.0,0.0,2132.0,7949.0,0.0,1290.0,0.0,2804.0,0.0,0.0,4461.0,0.0,0.0,0.0,0.0,-202.81839998997748,2025-11-03
6214.0,7538.0,0.0,3626.0,705.0,0.0,0.0,2225.0,0.0,0.0,0.0,0.0,0.0,481.0,0.0,0.0,4778.0,0.0,0.0,5496.0,0.0,0.0,11714.0,1.0,270.0,0.0,0.0,3698.0,5.0,0.0,0.0,0.0,0.0,0.0,0.0,192.0,39.0,2300.0,445.0,0.0,0.0,7834.0,0.0,0.0,2329.0,0.0,0.0,0.0,0.0,0.0,0.0,0.0,0.0,0.0,0.0,2897.0,0.0,0.0,1355.0,0.0,2330.0,0.0,0.0,0.0,0.0,0.0,0.0,3979.0,-210.87919998914003,2025-12-01
6125.0,0.0,0.0,3445.0,125.0,0.0,114.0,2313.0,0.0,0.0,0.0,0.0,792.0,0.0,0.0,0.0,0.0,0.0,0.0,4899.0,0.0,2540.0,10381.0,0.0,0.0,0.0,0.0,3670.0,0.0,0.0,0.0,0.0,426.0,0.0,0.0,0.0,0.0,2310.0,0.0,0.0,0.0,0.0,4453.0,0.0,2105.0,0.0,0.0,11141.0,0.0,0.0,0.0,1.0,0.0,0.0,0.0,2.0,7297.0,0.0,1415.0,0.0,2516.0,0.0,0.0,4058.0,0.0,0.0,0.0,3891.0,375786.12610001303,2025-12-29
6279.0,5006.0,3288.0,3063.0,642.0,0.0,1.0,2069.0,0.0,0.0,0.0,0.0,793.0,0.0,0.0,0.0,0.0,0.0,0.0,4332.0,0.0,2527.0,9903.0,0.0,0.0,0.0,0.0,3617.0,2.0,0.0,356.0,0.0,417.0,0.0,0.0,0.0,0.0,2760.0,0.0,0.0,0.0,8050.0,0.0,0.0,2092.0,0.0,0.0,11813.0,0.0,0.0,0.0,0.0,0.0,0.0,0.0,1208.0,0.0,0.0,1376.0,0.0,2713.0,0.0,0.0,4001.0,0.0,0.0,0.0,0.0,-181.69609998725355,2026-01-26
0.0,0.0,0.0,0.0,0.0,0.0,0.0,2255.0,0.0,0.0,0.0,0.0,0.0,0.0,0.0,0.0,0.0,0.0,0.0,0.0,0.0,0.0,0.0,0.0,0.0,0.0,0.0,0.0,0.0,0.0,0.0,0.0,0.0,0.0,0.0,0.0,0.0,0.0,0.0,0.0,0.0,0.0,0.0,0.0,2211.0,0.0,0.0,0.0,0.0,0.0,0.0,0.0,0.0,0.0,0.0,0.0,0.0,0.0,0.0,0.0,0.0,0.0,0.0,0.0,0.0,0.0,0.0,0.0,8276173.136400012,2026-02-23
0.0,0.0,0.0,0.0,0.0,0.0,0.0,2937.0,0.0,0.0,0.0,0.0,0.0,0.0,0.0,0.0,0.0,0.0,0.0,0.0,0.0,0.0,0.0,0.0,0.0,0.0,0.0,0.0,0.0,0.0,0.0,0.0,0.0,0.0,0.0,0.0,0.0,0.0,0.0,0.0,0.0,0.0,0.0,0.0,2228.0,0.0,0.0,0.0,0.0,0.0,0.0,0.0,0.0,0.0,0.0,0.0,0.0,0.0,0.0,0.0,0.0,0.0,0.0,0.0,0.0,0.0,0.0,0.0,8167335.2909000125,2026-03-23
