f1_2008,f2_2020,f1_2022,f4_terminal,f5_worst_annual,crash,boom,p_0,p_1,p_2,p_3,p_4,p_5,p_6,p_7,p_8,p_9,p_10,p_11,p_12,p_13,p_14,p_15,p_16,parent_id
0.0,0.0,126906.55280000051,1083240.9647999988,-0.0158972455848795,0.1193303648297205,0.2158703309268939,0.5274341361040832,0.4725202179951789,0.4706717359294672,0.1254063345213535,0.4712735260197543,-1.6247818323014784,-0.8155631622847072,0.5495994000679952,0.0262765389986609,-0.0307003057479631,0.2173138193952539,0.1554586288507477,1.038637981139153,3.8420921536302814,-1.5429984982511469,-0.0120043221135908,0.0163173077033548,1123944000
0.0,51074.502200000046,106182.33970000011,965581.9051000004,-0.0240320938391666,0.1151617869131418,0.1882192686474382,0.5563305305759718,0.4823326001350767,0.4739114964393272,0.1189830008229836,0.4986509040097737,-1.5737784103178751,-0.7993443959380946,0.5430414131604036,-0.4086926789474045,0.0886963434414533,0.7104132942865214,0.3720124744437513,1.0219336296690706,3.895023998687574,-1.4041815051116144,-0.0075265184703556,0.0209845982107121,4636711049
0.0,0.0,115815.31470000022,1031794.2361999998,-0.0181028384407346,0.1156067540532079,0.2041141353890454,0.5589592688385497,0.4940907738335053,0.488102318672289,0.1161962415054611,0.4949884692598882,-1.6279984166905326,-0.810825150498179,0.5444105564035913,0.0286446099131524,-0.0273768932307027,0.6140965017784082,0.3673339816126164,1.0177867014861743,3.7956373208366463,-1.4198295784047694,-0.0074785117640103,0.0212513908999667,4046922509
0.0,0.0,115343.01920000056,1027680.1278000006,-0.0213970432706467,0.106710469565483,0.2031528856117848,0.5343092187136707,0.472035451372838,0.4517445762922048,0.1163140849320954,0.4686414592868165,-1.5886490955240018,-0.7854270309572806,0.5619162094687061,0.0730566076476884,0.1882647932048922,0.234161832583211,0.661645053087058,1.0266257467368425,3.8687638576261913,-1.560776632494636,-0.0119797489860518,0.0288566522189621,4791476502
0.0,0.0,108036.2764999998,1102775.7425,-0.0186104675269186,0.1077134621788762,0.2202219605476825,0.5189359136332093,0.4711829774952829,0.4526993743885858,0.1148257104263381,0.4727066566003425,-1.622265256418667,-0.8182767568750765,0.564674935219654,0.071001926169818,0.0815152747971589,0.3416798230247172,0.170480249888163,1.0125477719781482,3.702793024616637,-1.5584894410296186,-0.0120222903906963,0.0316962501532774,6001365111
0.0,0.0,116279.76069999988,1032579.6254999998,-0.0220615396465855,0.1079569251778502,0.2042724756511504,0.5216335715880227,0.4707019835187978,0.4432900025455987,0.1152610513470664,0.4783455264839947,-1.6481161195459133,-0.803162944274883,0.5520745861917116,0.0736528608336066,0.187992810722608,0.2344530447536469,0.6653557737106707,1.0434430112144275,3.791386613812729,-1.5591759268481369,-0.0120020528696531,0.0119387078317373,1254785854
0.0,0.0,197940.36659999937,1044153.6491000004,-0.0192375675699794,0.1059747228942946,0.2069338117810506,0.5340880030564504,0.4685731381593833,0.4379485381093509,0.1133912859668003,0.4832923320181927,-1.6022280586729911,-0.8207604093596693,0.5419979236908368,0.0261095883837497,-0.0334015147106844,0.2202754231967332,0.1580784061497347,1.0096722190768035,3.805726979370127,-1.5293880738095025,-0.0120495144357173,0.0174044538364607,5002908266
0.0,0.0,152445.7006999976,1103526.4036000003,-0.0186682773849108,0.112521712886177,0.2203753727391622,0.5252014192238595,0.4936620944899451,0.4676563706231665,0.1128201636844592,0.4675845665712547,-1.5887316228835713,-0.8044640598429176,0.5506788698148875,0.0285742151180733,0.0889849281937891,0.3334741206052153,0.1697766044414225,1.0141868861757464,3.816872675559598,-1.552160313733366,-0.012171385134711,0.0255285220902754,6694212473
0.0,0.0,111179.04589999968,1049806.0015000005,-0.0188755561902864,0.1042253883448549,0.2082494308650526,0.5351693720164755,0.4725941652571689,0.4473961080063219,0.1157834117060947,0.4625496731689265,-1.597702142606367,-0.8268495554612361,0.5541926389172964,0.0724638459054214,0.1850063958773586,0.2289422200188719,0.6630052908203992,1.000071670096592,3.783369732398541,-1.5448912205911536,-0.0118904367446594,0.0120466654552434,1254785854
0.0,0.0,111923.13370000012,1027317.7346999994,-0.0182183180208558,0.1063917100915572,0.2030680660264074,0.5290298679057337,0.4815102231131178,0.446115534856842,0.1149644429068604,0.4773930353944897,-1.6240659981615984,-0.8136501791834718,0.5656092518586578,0.0713964819209725,0.0815379469528709,0.3345216195356219,0.1691762702834955,1.0435194578450022,3.853523558216181,-1.5728137577219703,-0.0120892548793351,0.0314368103906262,1381412189
0.0,42097.93289999984,130957.78369999945,964307.3282,-0.0185761690386977,0.1147354534969229,0.1879300591896036,0.5475262374295524,0.482238370630939,0.4794205807113998,0.1157521019963658,0.4867592797198644,-1.6269798146144665,-0.8090628018710706,0.5494384733663097,-0.4061427820416766,0.0894025652706415,0.7049646894378306,0.3688467139589525,1.0205794805190698,3.788061884684273,-1.4233649964021613,-0.0074747786989701,0.0209022436098485,4636711049
0.0,0.0,206329.78280000004,994895.0594000004,-0.0226864212045488,0.1112619421510285,0.1953313928295776,0.5246049729800447,0.4820074952362634,0.4305135680530215,0.1123238369848773,0.4712007041772663,-1.653710367003479,-0.81789736705738,0.5541784970323489,0.026471436160176,-0.0336579334193153,0.2167508983296436,0.1532072566904057,1.036984806135402,3.7601569185517376,-1.550636273411426,-0.0119996850920218,0.0174058987566969,5002908266
0.0,0.0,97190.13060000072,1063980.5993999997,-0.0185758559303143,0.1120941651269917,0.2114929545984165,0.5284946011076608,0.4687382162390966,0.4535490858028125,0.1135120311034278,0.4744873201104289,-1.6289503191043744,-0.7944326227677457,0.5403386584357471,0.0725977631264163,0.0809952465351466,0.3365425468270957,0.1707656262833297,1.0104010920370032,3.7904938903360974,-1.5584617349183518,-0.0121640850739746,0.0312489529621044,2180889371
0.0,0.0,95769.37840000016,1063313.1351999992,-0.0171946769926917,0.110306494158503,0.211390920986771,0.5169421291069842,0.4941085556774656,0.4744816754954698,0.1156786157713533,0.4764736017650198,-1.6364236913568289,-0.8241736902546578,0.5483631023882795,0.0277129793836965,0.0764906027321007,0.3341036866825564,0.1644008918862362,1.0110335853966244,3.7421613308692936,-1.5051108113954637,-0.0119713721007256,0.0217740480167843,9746444936
0.0,0.0,84820.6969999997,987060.8916,-0.0189856130867933,0.1112428803340017,0.1935054523538919,0.5305553388909483,0.4616923398046526,0.4451197068990706,0.1145773167528293,0.4730081117888862,-1.615131898851783,-0.8239591661199599,0.5459774152551745,0.0713823361399055,0.0822255198006932,0.3369068670436871,0.1710967763926713,1.0408888195492028,3.8490313541919168,-1.5281280294062598,-0.0121993970772507,0.0297733591768024,4063721054
0.0,0.0,69771.53580000135,1078194.988199999,-0.0182432945772652,0.1192840929516465,0.2147110480389151,0.5596835640155963,0.4776890209990715,0.4841547222404601,0.1184032859946278,0.4791532760998024,-1.6076639234415075,-0.8158335628012091,0.5611801669640771,0.0281055527403714,-0.0273674487632467,0.6167329492894403,0.3689260339020545,1.027178083334384,3.807030410565656,-1.4328017431092697,-0.0073945527550044,0.0211676393020167,4046922509
0.0,0.0,133883.46609999926,1006347.3036000008,-0.0190947934309834,0.1089251822321284,0.1981432636647442,0.5372057855277689,0.4746384221543958,0.4490755626273802,0.1168101723403805,0.4626607493909894,-1.6371832503826511,-0.8115210362714423,0.5473816959194414,0.0728086818317786,0.1848062351470033,0.2299313010394511,0.6553913673494585,1.023280009727093,3.76309556622489,-1.5298550795141108,-0.0119578022698277,0.0294538227810261,4791476502
0.0,0.0,145896.25879999856,993762.9529000012,-0.0186596953155224,0.1121986875779514,0.1950963158132552,0.5320303056693682,0.4675106056918545,0.4254452018937017,0.1137530268015257,0.4844468238992852,-1.6081933212593795,-0.79993484073102,0.5581154360505551,0.0259653228236609,-0.0343036369974765,0.2214347957663711,0.1551416429202515,1.036250095061657,3.850535035526377,-1.5358041683818118,-0.0120112556050749,0.0172612628835292,5002908266
0.0,0.0,114899.32630000066,1044305.8036,-0.0188712313074696,0.1067109851812029,0.2069813990661924,0.5397195871740559,0.4817299830168067,0.4779051996539559,0.116472156390014,0.4797694260720851,-1.6330893331684704,-0.8204152961357194,0.5458292952936806,0.0280689386583734,0.0778116882816206,0.3300963963571421,0.1635911404290656,1.0317698677117866,3.873354272648819,-1.5314070166834,-0.0119343976988539,0.0214576964271611,9746444936
0.0,0.0,198694.42820000064,1095294.7047,-0.0224517198868075,0.1073175805693023,0.2185502495870779,0.5408779436850559,0.4756226370377309,0.477729144536393,0.1143822012263862,0.4757836004127109,-1.6350289351931837,-0.8058636364853631,0.5625196266524924,0.0279845574177835,0.076865800836705,0.3268031826074384,0.1690152042947706,1.0286888956788196,3.7640521915731058,-1.5407518595544725,-0.0120805152387042,0.0217531597250941,5616788657
0.0,0.0,179629.13420000055,1090338.6728000003,-0.022115267075901,0.1030643049811204,0.2174461043113558,0.5164833499018197,0.4751708858268766,0.4534399584516232,0.1185703849615378,0.477127286095739,-1.5909376077841917,-0.8097977615548906,0.5630422542399566,0.0719916883439981,0.1850874046607463,0.2329859799276768,0.6580757861891372,1.0310367519129484,3.823482727423096,-1.5376883116137667,-0.0122946276187165,0.0222258987302553,1069948469
0.0,0.0,130039.53900000022,1043883.4143,-0.0162731089825299,0.1099515063589395,0.2069211018917522,0.5341998068398456,0.4703874654373684,0.4478321153241409,0.1175986248078423,0.4798958317074703,-1.6167082617639297,-0.8088558468553131,0.5395921557615545,0.0734887046570178,0.1855617067769841,0.2322993514128477,0.6580073592330156,1.029320975163019,3.85163452388543,-1.5023433097945242,-0.0119215079991881,0.0119222881050863,1254785854
0.0,0.0,113055.56529999968,1065240.176700001,-0.0187882707702561,0.1054744607833302,0.2118044717562286,0.5312209209909982,0.4725055290751,0.4669832359858121,0.126816578331699,0.4672242612355738,-1.613537186182695,-0.8149121939928683,0.559464002940437,0.026182136791204,-0.030511471498003,0.2158252942906652,0.1572577626477669,1.0145443947036106,3.739353585795079,-1.5282217908034643,-0.0119807082035367,0.0163030031155525,1123944000
0.0,0.0,109790.83320000046,1019482.5071000012,-0.0182851780062547,0.1088158383733473,0.2011788177645144,0.5270753494964788,0.4784193947331037,0.4270500126354641,0.11523226037543,0.4660158808121656,-1.5973931125859366,-0.8144772904159806,0.5488849980438044,0.0260986725348808,-0.0341196105215414,0.2170548581645993,0.1555781484955786,1.0309208368983995,3.854877195143846,-1.5445358229986026,-0.0119968719240132,0.0173869610712307,5002908266
0.0,0.0,94506.68469999904,991776.7760000002,-0.018424966378735,0.117796943958734,0.1945815608396388,0.5410875859637657,0.4838054875409933,0.4442627707936113,0.1153879063020579,0.4717792688036638,-1.607490179708865,-0.809317361188345,0.5592772810181446,0.0730731576793628,0.190007246855127,0.2323044023956552,0.6614469157688656,1.005996672394832,3.842277454118054,-1.511440809577714,-0.0119190161841446,0.0224426159813528,1069948469
0.0,0.0,139598.338099999,1011086.3813000004,-0.0203336709696997,0.108326443725395,0.1992813411539968,0.519437257444529,0.4832777520928257,0.4645585645026114,0.1135698799313863,0.4614519363330186,-1.6268976054513364,-0.8090035156083198,0.5559644142009514,0.0278577875123589,0.0791919545584637,0.3338946637691959,0.1681770791723662,1.0467602099892137,3.840596825664797,-1.520174894908487,-0.0121054483825255,0.0217920123912288,9746444936
0.0,0.0,108736.7215999997,1022654.3554000002,-0.0183570072872902,0.111159415171923,0.2019496740584832,0.5197990284862437,0.4837032835617098,0.4474329855058029,0.1166132937020375,0.4676061395865941,-1.6497874122588616,-0.8218856700483154,0.5489606251449585,0.0723006613224399,0.0823574195501012,0.3403466598782464,0.1687432102170544,1.0284801095285974,3.8052405435060312,-1.564138902111409,-0.0122262570358237,0.0316068818975284,2180889371
0.0,0.0,90152.40789999928,1024096.5188000002,-0.0214265552333367,0.1115679615297842,0.2022759132084068,0.5363096841615609,0.4664844549450258,0.4449074133842429,0.1163347399034082,0.4771884641457846,-1.633660741801056,-0.8074162297858761,0.5654782842455119,0.0732872815205617,0.1861493094927009,0.2335443061064345,0.6558007435763963,1.0178604197564378,3.795638702012624,-1.5500809331261785,-0.0122176498487267,0.0221011111575148,1069948469
0.0,0.0,107967.88700000184,1047501.0250999996,-0.018211488766914,0.1225046893590124,0.2077062421855642,0.5190207164132511,0.4774147995161959,0.4730444379168809,0.1160139585915155,0.4741583824856696,-1.606596085202845,-0.8169326383320746,0.5412561221336247,0.028460125313137,0.0774577204816212,0.3315143556851359,0.1689874348336641,1.0206267346079163,3.7988316357709913,-1.514026533853829,-0.012054001010389,0.026321932715797,5199151319
0.0,0.0,105667.11320000188,1014814.8350805184,-0.013698106682409,0.1081285085137717,0.2001022143596429,0.5370567753989126,0.4710735588314245,0.4424009108790332,0.1167426450919404,0.4676236111864771,-1.608404653732389,-0.8126934589712113,0.5509117463119036,0.0730897841215413,0.0825097687180977,0.3336338271684908,0.164441979265027,0.9960277643008464,3.7663308213386126,-1.5353140171864454,-0.0120792057106189,0.0310402127501194,1381412189
0.0,0.0,139434.77440000093,1003905.8993999996,-0.0204859350571115,0.10916095318795,0.1975616768535555,0.5320561194536687,0.4701037661511006,0.4649252438311235,0.1158008707608666,0.4797196614390375,-1.6273112396543743,-0.8015875322870087,0.556502755987328,0.0283115612626981,0.0776588013589898,0.3250152791087322,0.1690608778922539,1.0434428975041885,3.903453482424008,-1.511802375888311,-0.0119163962053153,0.0214868457792562,5616788657
0.0,30950.307599999884,112149.94890000032,985204.7597999992,-0.0236827809431492,0.1165585774757076,0.1930564916548296,0.5238905994214234,0.4883119197107482,0.4654649161615247,0.1150637793122772,0.4871753682796291,-1.6104102610300808,-0.8085934422117194,0.5545974589391853,0.0281315019488118,0.0781967159239062,0.3339594149197074,0.1648568887437468,1.0275204340229025,3.762713492666021,-1.5391841304543443,-0.0120116171058398,0.0220852280011329,9746444936
0.0,0.0,137711.54179999942,1000359.1979000008,-0.0182071940717008,0.1191750816123358,0.1966777779183199,0.5314142734203156,0.4825431534295708,0.4679418765865897,0.1137019615352934,0.4809785834630238,-1.5996175992247972,-0.7984805013109619,0.5417172727428301,0.0276634155764525,0.0783703564964398,0.3283443279793469,0.1674854529492373,1.0353150059555292,3.8487534820717166,-1.537710932988321,-0.0119360582904797,0.0218235479546817,9746444936
0.0,0.0,95733.75359999982,1036829.6656,-0.0196606400426271,0.1051713631729476,0.2052616489661838,0.5347468834161613,0.4787127935533071,0.4438072528530646,0.1117130293580285,0.4743198047299437,-1.6085832260190285,-0.8131523895161172,0.5548279893350372,0.0715842051633689,0.0811091014424553,0.3428333401269348,0.1663621240129454,1.023421095356077,3.785520095592484,-1.5023504506675125,-0.0121805584061459,0.0314673880703063,1381412189
0.0,0.0,137388.99679999938,1032150.9530000002,-0.0191365236779727,0.1089436098072746,0.2041601184255599,0.5251649629706601,0.4682470432480091,0.4724746149771309,0.1164274611337513,0.4751570524778127,-1.600423768775182,-0.8177641980077776,0.560211399029576,0.0283862298961507,0.0777615455767211,0.3366581871831327,0.1702978743611755,1.0271230585735076,3.796524953675771,-1.573938052871843,-0.0121337566362232,0.026347235973384,5199151319
0.0,0.0,125786.34000000112,1025753.1422000008,-0.0187831815804629,0.1220059942563489,0.2026644196903095,0.5564893404251763,0.4722003408218728,0.4774806977040889,0.1164423271484181,0.4929116022564757,-1.596646566180368,-0.8119603883538854,0.5474548436691837,0.0278147013253039,-0.027211340110381,0.6207801976902293,0.3678270691306096,1.0113798602544792,3.800255458361748,-1.4407767579820037,-0.0075031239435474,0.0206846943254195,4046922509
0.0,0.0,121592.053000001,978965.1367999986,-0.0196629854519857,0.1116678800687451,0.1914931708215617,0.5346718007586917,0.4905521424164224,0.47564159640313,0.1172250008751897,0.463577847100496,-1.6254377989420012,-0.8186438680374094,0.55641489925524,0.0283699061258481,0.0899419360716021,0.3383378385436467,0.1710143525847161,1.0263956600437951,3.788067903207372,-1.5461627045037991,-0.0121572417348631,0.0253757040463549,6694212473
0.0,0.0,99618.48449999944,977742.2116999994,-0.0193346909120703,0.1120503409298978,0.1912445935430964,0.5282595539794218,0.4853826999452543,0.4522254250672238,0.1162078607277607,0.4698954333694309,-1.6124547295143807,-0.8024885895265566,0.5519388037760907,0.0728530775141694,0.1870575074472106,0.2323758442325537,0.6650228002665194,1.0299193492288197,3.855768819378241,-1.5339507168640334,-0.0119584949361404,0.0117743317213664,1254785854
0.0,0.0,112918.00129999942,1081261.3549000002,-0.0211349589653813,0.1072123808087872,0.2154634218739899,0.5395391942370744,0.4808590558494545,0.4504625569794188,0.1169274280409937,0.4685631239152074,-1.627470833687329,-0.8131407425077958,0.5585372234702706,0.0723130356996326,0.1922802647359887,0.2347596496337248,0.661569689602392,1.045314048212282,3.842442628896218,-1.5561050405206562,-0.0121860702584527,0.029465159820802,4791476502
0.0,0.0,87029.85710000037,1023067.4850000005,-0.0185234532566431,0.108785065601511,0.2020467173769424,0.5431813749301879,0.4678869596772693,0.4511067386672329,0.1168665233448857,0.4716651735723195,-1.601586426046593,-0.804561931609549,0.5472377115461107,0.0724733181340866,0.1900453651061453,0.2326944010948946,0.6577390480037854,1.0114753903256053,3.796130573780681,-1.556398317386969,-0.0122087804647161,0.0219640829778799,1069948469
0.0,0.0,145296.58790000097,981027.8282000005,-0.0138954299185226,0.1152589139337092,0.1920314137532213,0.532780879307286,0.4781577549920507,0.4326898636198132,0.1137335895236354,0.4673599615874019,-1.629250980411418,-0.7963574015888331,0.5483160112123076,0.0265179807782174,-0.0342505392957234,0.2152870458054174,0.1555796486913118,1.0276232776377825,3.7915028675737656,-1.5564492034971888,-0.0120317737071883,0.0173504203953728,5002908266
0.0,0.0,124126.00599999994,1038176.8956000006,-0.0185482362611959,0.1057978551380687,0.2055869526119926,0.5393572867330947,0.4814864280823733,0.4520343586937489,0.1158459565997948,0.4656170136036225,-1.628441661676392,-0.804892572215105,0.5581462564638996,0.0735915553860182,0.1842377989759191,0.2333472355912416,0.6478015555870646,1.0237140560551186,3.7485621020727344,-1.5506186453657516,-0.0121299866006145,0.0118887274165885,1254785854
0.0,0.0,190355.89179999777,998549.8531000002,-0.0250468237986748,0.1089449859557147,0.196257141589609,0.5325072111662111,0.4753157355212935,0.4694773531682916,0.114497455229819,0.4648145717828237,-1.5787560766457682,-0.812011866496548,0.5557695927699532,0.0282265044498081,0.077496580399421,0.3302716144862772,0.168720506542852,1.021417988034463,3.849120012060861,-1.5232631890412924,-0.0121929614625567,0.0217632286446741,5616788657
0.0,0.0,126753.3974999996,962462.4775000004,-0.0192240516018829,0.1165559851738493,0.187487660457275,0.5352239873975747,0.4710420779772705,0.4528048548396501,0.1158353306275488,0.4779084071742291,-1.6367910355954132,-0.8039592869796974,0.5495834906287013,0.0718442883055067,0.0818537482560249,0.337698222731377,0.1665895216894117,1.0363817684169043,3.814307415312588,-1.541829950749609,-0.0121471170065167,0.0312783759110012,1381412189
0.0,0.0,129590.2797999999,1072686.8239000004,-0.0193907776703289,0.108259258793363,0.2134805694806485,0.5215963288560528,0.4628488018700097,0.4490526880170096,0.1182201686874006,0.4693460589401529,-1.6416950839911777,-0.8196309873930332,0.5555072848598096,0.0738750323242495,0.1872594390486767,0.232442080352581,0.6593908164428898,1.0372986350029112,3.8145919755402127,-1.5506172239545817,-0.0119633139437538,0.0222174129728643,1069948469
0.0,0.0,202784.80959999943,1001879.4214999998,-0.015639308187323,0.1144844122622472,0.1970534041029898,0.530835198842476,0.4812013319064024,0.4577494489944413,0.1133158504264366,0.4784158615142717,-1.586913910056104,-0.8023378441688855,0.5675683317710188,0.0712889923404313,0.0816089461240505,0.3327092767974626,0.1708088772829672,1.0292225227141627,3.8498539724738,-1.5254829323075771,-0.0120317745522279,0.0302566440507567,4063721054
0.0,0.0,160773.0682000002,1067965.6613000007,-0.0212200905479939,0.1117316524415901,0.2124610720480195,0.5300901188823621,0.4711179197415521,0.4471929002131095,0.116358254014397,0.4802483157833752,-1.6191768391925894,-0.8051435230001812,0.5361130389095473,0.0722255113914023,0.1859234741369407,0.2325026480927851,0.6494099507049267,1.0282668451962609,3.804029275480895,-1.5607631469552796,-0.0122560655214567,0.0291181313409684,4791476502
0.0,0.0,129353.78070000012,997125.2688,-0.0263742314886579,0.1138038530647262,0.1959281271363715,0.5331238303821841,0.4741023754968828,0.4349792456999012,0.1149662184872998,0.4684941600086611,-1.6136006852596454,-0.8157058723949057,0.5633643443800898,0.0259608094637394,-0.0347240671272933,0.2200003173978443,0.1570842011855355,1.0377157547922344,3.7833081978195913,-1.5322325975850786,-0.0120798289846057,0.0172500424911267,5002908266
0.0,0.0,119555.02230000054,994214.2783999996,-0.0225967564165662,0.1104306000682637,0.1952047891941881,0.5248022381963238,0.4715816084121563,0.4566287700652811,0.1149858544558727,0.4815966905558627,-1.594878537417889,-0.8046745965822346,0.5496270512624967,0.0715016559775314,0.0827705386363266,0.3380728996638231,0.16537778455464,1.014514002510528,3.8363145538840135,-1.5590016126983302,-0.0120719654018897,0.0295459243170521,4063721054
0.0,0.0,169825.33969999978,972755.4879000004,-0.019589028126464,0.1164433993518712,0.1900153843252303,0.5419111006589378,0.4700464413866431,0.4506535127225696,0.1186403762692491,0.4762451436873889,-1.6021640776730863,-0.8349856776332296,0.5577839476937694,0.0738428362072669,0.1846340073539815,0.2351876224870863,0.663531763529447,1.0118359466833682,3.7904916031408464,-1.52698237544796,-0.0123371649226367,0.0223431822068329,1069948469
0.0,0.0,121095.86189999909,1024259.5566000004,-0.0152112311181764,0.1137546296648908,0.202376109848354,0.5266940864485583,0.47495212691032,0.4791998035336265,0.1159670542542803,0.4772347338634445,-1.6321493146392183,-0.8251459851207301,0.5530088707229963,0.0284309228472861,0.0773238659061995,0.3317238227432612,0.1723801339868064,1.0088834278826606,3.738361015660246,-1.5360579513566015,-0.0120837345668128,0.0216957291176688,9746444936
0.0,0.0,102215.0843999996,1022387.6995,-0.0148240883566201,0.1075024694725705,0.2018994030055341,0.5327517002164441,0.4871148133450458,0.4522276248040991,0.1181574714558957,0.4718500779312358,-1.6028755972189328,-0.7965291010826655,0.5491269907529301,0.0718355198238163,0.0821365432748902,0.3400484169273944,0.1685913656536565,1.0215508165724383,3.87620289228466,-1.539218003741073,-0.0119988037155778,0.029332976998354,4063721054
0.0,0.0,97451.96329999925,1049643.2147,-0.0143263594712944,0.1092238300028176,0.2082244250034399,0.5195635116174372,0.4754424425180789,0.4362752625982012,0.1159676209445122,0.4845037929348343,-1.6273216775353647,-0.8186581768674182,0.5547397772146652,0.0263041392657604,-0.0340989921847332,0.2205053075492033,0.1545857793696793,1.0159670483441892,3.7952651340625216,-1.5309278440700962,-0.0119756732856404,0.0173384756502321,5002908266
0.0,0.0,106936.71329999973,1038137.7312999996,-0.0189094798150065,0.1101088378939485,0.2055530214029346,0.52999809346925,0.471273540424869,0.4403335054961444,0.1164661042529249,0.4767986132322555,-1.6527411951159177,-0.8316227865422515,0.5522216221941247,0.0714523715393899,0.0823807476295337,0.3408983002753953,0.1676183616074189,1.0378017666626462,3.848208384198107,-1.560125988965595,-0.0121249503606783,0.0316080312604363,6001365111
0.0,0.0,123762.4031000007,1049556.2828999995,-0.018916119082269,0.110904750615054,0.2082791195170317,0.5293221254583751,0.4832598008068114,0.4736030037170063,0.1136063687500998,0.4730307964943778,-1.6158430890895907,-0.8285604702384334,0.565817433660264,0.0282447168408779,0.0897049551415754,0.3405634310126254,0.1665689884413957,1.0362597167022851,3.8431713119506905,-1.531551491164017,-0.0121788774803679,0.0253058232531806,6694212473
0.0,0.0,124008.76460000034,1010486.2702000006,-0.0185959797663603,0.1208164768746562,0.1990648947403266,0.5382959652649175,0.4672131127230223,0.4510497791640749,0.1178942708094142,0.475438501613764,-1.6249200334296607,-0.8139123772926816,0.5621470384722238,0.0710289366244703,0.0837562401348384,0.3369397032007593,0.1691727493648113,1.0214697481659132,3.7686858116898496,-1.5270138642625213,-0.0119853905916822,0.0315548981626595,6001365111
0.0,40914.73119999928,133773.49270000064,991476.0249999992,-0.0244428113334473,0.1112868575366772,0.194521446901569,0.5655223758613288,0.4804765624236624,0.4803474230312528,0.1168018142559269,0.4909473157293512,-1.594765042118509,-0.8152067632917996,0.5575599300814698,-0.4048297207779537,0.0894486680493611,0.7105433663026536,0.3740486930307848,1.020423301947592,3.783804922212711,-1.4299532940839328,-0.0074812682563865,0.0207557939265905,4636711049
0.0,0.0,83652.76050000079,1024595.7159,-0.0185184944189402,0.1066171520268566,0.2024054234725958,0.5331070092370875,0.4700489684549613,0.4473486449091834,0.1184386588542076,0.4696433843633235,-1.6138121710313005,-0.8159709889376722,0.558781437286945,0.0736108247494129,0.1879182466669781,0.2337838459167393,0.6545002879956393,1.0258270550154798,3.84993135693156,-1.530220462651339,-0.0120868473910377,0.0116771565840747,1254785854
0.0,0.0,123179.65168831928,1023866.8812058404,-0.021392936512087,0.1131328398684226,0.2022344049523892,0.5312387362215777,0.4795918780320169,0.4700359958103682,0.1276583189962633,0.4811583840398305,-1.6265457801999923,-0.8113009983651047,0.5562674204863238,0.0266068391060644,-0.0302156656972768,0.2167141196533111,0.1556266750590483,1.0181660505457764,3.810152113360153,-1.5477836445072082,-0.0118516600030386,0.0166067380255258,1123944000
0.0,0.0,146950.54879999987,1092173.9111999995,-0.0144332829918146,0.108105186756793,0.2178679880533938,0.539775818318653,0.4742574642163595,0.4708782871981723,0.1139279111782951,0.4786847526867566,-1.6360840726225638,-0.8180328025842689,0.5400205791264334,0.0278204971201002,0.07692827694029,0.3423829575862274,0.1667148663125915,1.012379326145461,3.787995332364148,-1.5191452855786751,-0.0121574286182368,0.0268605322519653,5199151319
0.0,0.0,161369.28450000111,1047027.3497000004,-0.0257343160707813,0.1144785672647596,0.2076094984374339,0.5309781944584758,0.4788247353874226,0.4520705371073462,0.1169265672150521,0.4673591705140709,-1.5992648237703049,-0.8228415477408175,0.5500175802256917,0.0718758291490549,0.0826068626226828,0.3361910752415389,0.1676673233192042,1.035953509470056,3.855093083258836,-1.5406365067512071,-0.011994266856559,0.0312394208755618,6001365111
0.0,0.0,110304.12429999874,1025455.9873999998,-0.0243122452702073,0.1125014245403412,0.2026071579787285,0.5412557866932248,0.4779543688188777,0.471054204102003,0.1135383391799959,0.4667100178024805,-1.621071243322771,-0.8074241237100839,0.5530463484315121,0.028123100635248,0.0896533208063325,0.3360536133994661,0.1680985741131061,1.0463871510806582,3.881518994822878,-1.5587250149015552,-0.012178453369708,0.0255334305232801,6694212473
0.0,0.0,104970.63300000016,979715.6627999994,-0.0183187733512631,0.1121763842930554,0.1917248184103608,0.5550782593936296,0.4795102994099446,0.4811694508611712,0.1182156258986227,0.4840314102112131,-1.6037765734106575,-0.81923574074423,0.5561385831830933,0.0280568367127614,-0.0276598219766723,0.6181595822327153,0.3674656250728889,1.0075541605696712,3.743761531940984,-1.3875067819142517,-0.0075496411907299,0.0208521872494612,4046922509
0.0,20034.556799999904,100599.26830000128,1036199.4919999996,-0.0247457019761235,0.1056597692384124,0.2051276004471978,0.5223106408516007,0.4761078737363361,0.4485475633137854,0.1162892528071413,0.4690444419197987,-1.6037921225567793,-0.80640011135053,0.561802207508039,0.0707919835334834,0.0825809991750187,0.3386682218543881,0.1675814458009682,1.0395976740483357,3.78279228073045,-1.543076413725123,-0.0120464168201909,0.0296880063913703,4063721054
0.0,0.0,214501.24690000011,1011556.6161,-0.0197036203400889,0.110440064990243,0.1993186672393991,0.5296601013991118,0.4825352060406875,0.4550610031030665,0.1178929570852398,0.4780375184841231,-1.606296076476532,-0.7969180194921536,0.5574310964779804,0.073289561304907,0.1917935151189759,0.2309861065505482,0.664236728748368,1.023057214329019,3.843568089856038,-1.5151403504330967,-0.0121427733116,0.0296439804898485,4791476502
0.0,0.0,127835.45420000072,1042303.8641000004,-0.0237086190241166,0.1091415337058636,0.2065433995075671,0.5282651339833104,0.48306816383347,0.4704414899631202,0.1159159944464578,0.4662719017506411,-1.6281810292733003,-0.797231677776579,0.5459535221663036,0.0282170283968507,0.0772411917276516,0.3357594791560099,0.1695151030436908,1.038659360883553,3.803167109347773,-1.5654848781925923,-0.0120422298854,0.0217654881913307,9746444936
0.0,13681.168200000016,62861.98769999924,1061945.0879999995,-0.0257383415086729,0.1121699057621543,0.2110417858222639,0.5366098699288802,0.4698342040830525,0.4658550698622727,0.1158485289642699,0.4707057474930391,-1.6167764371051352,-0.7939026930391818,0.5511645996291278,0.0282797714454968,0.0781336055201074,0.3366324500139316,0.166470104458841,1.0232165642141182,3.7487552925019454,-1.5671127378198857,-0.0121551594794454,0.0264982758310213,5199151319
0.0,0.0,136719.32300000056,1070793.4710000004,-0.0217439588249421,0.1035665414555275,0.2130521290753282,0.5277340229687133,0.4679725064979904,0.4213715347264944,0.1139138856150211,0.4747517645362599,-1.642292248618538,-0.8298223858573984,0.5535655424044793,0.0260922128188993,-0.0346338988368012,0.2188517329753422,0.1559190637408564,1.0338208514859,3.8013489972882577,-1.535557488038209,-0.0121262801492658,0.0171072471234792,5002908266
0.0,0.0,150080.94000000204,1040297.6381999992,-0.0242919073732146,0.1168580039437798,0.2060663995853762,0.5328395798930583,0.4675058227085372,0.4741789172350963,0.1133563384688409,0.4723612395602699,-1.6112172119698704,-0.8103197597847882,0.5465538175935141,0.0278884250599581,0.0777207616172121,0.3336177715078551,0.1679227706835701,1.0344738630581929,3.82472007014624,-1.5379904721935365,-0.0120369128494446,0.0216406185112513,5616788657
0.0,0.0,136604.2436000011,992967.6383999996,-0.0217030616985171,0.115115866044452,0.1949050707699513,0.5163910040476823,0.4754872079077103,0.4716254977087862,0.1293838191816806,0.4795073471459539,-1.6419039409001914,-0.817712026743684,0.5483486745462473,0.0265873862269443,-0.0305321143998222,0.2216012463093613,0.1539372014226421,1.0400014583466706,3.773109142777578,-1.552776547608872,-0.0121338228950205,0.0163637720272796,1123944000
0.0,0.0,143557.43510000047,1029870.8932000002,-0.0157743605743309,0.1160314451615982,0.2036403322099633,0.5187582563109401,0.4711559127052225,0.4599743220396318,0.1149170022835639,0.4839022451844971,-1.6302190098280327,-0.8190124821228985,0.5524314170854936,0.0287234115238045,0.0781854786689607,0.3297168901258354,0.1666771310662275,1.0321692367559707,3.788606887890362,-1.5384381156382188,-0.0119717677007605,0.0217438140820799,5616788657
0.0,0.0,115378.73970000084,1105677.2336000004,-0.0168623462367643,0.1109613277855476,0.2208630347767175,0.5438300415165337,0.4844637940783128,0.4671685595342132,0.1162579395281375,0.4713867931093624,-1.5958049705825923,-0.8078550982887758,0.5554289906367776,0.0284588040594989,0.0762872915376968,0.3369044453586403,0.1683296878785473,1.016353390598605,3.80059958879619,-1.5658049394571651,-0.0119079719372098,0.0217188993827588,9746444936
0.0,0.0,116084.64549999952,1021234.3697000004,-0.0184744802605111,0.1117113400243283,0.2016406431477793,0.5341118830768584,0.47946460111661,0.4301512022746335,0.1139817978795397,0.4652625129212901,-1.6149176715829796,-0.8167731254294888,0.551255955650852,0.0262683162131755,-0.0338492534342208,0.2153852224440272,0.1531950404387428,1.0141347549148454,3.779280873067548,-1.5496182320193654,-0.0119103389963319,0.0170383164667452,5002908266
0.0,0.0,131127.03129999968,1008109.726400001,-0.0184987462113318,0.1104030892472254,0.1985253556239097,0.5604567511507758,0.4843507619141714,0.4733978294530704,0.1185207912105764,0.4862076340919842,-1.601815888693633,-0.8128383443143385,0.5434709201520769,0.0290738161175179,-0.0274959216138759,0.6169115363316271,0.3605556315580367,1.024130025987718,3.783027554176989,-1.395316484220485,-0.0074898092809118,0.0207413792102479,4046922509
0.0,0.0,96941.75349999953,988885.7533000004,-0.01878520986243,0.1152088351954121,0.1939092880694091,0.5272868624610635,0.4744532991268821,0.4699433952627772,0.1165055374795807,0.4721535696187705,-1.6296150098151614,-0.808054117541884,0.5594247959746179,0.0280201936564196,0.0772205361508752,0.3366792465772041,0.1679522724871955,1.0267676507853958,3.836973150683325,-1.507065954892732,-0.0122096097735525,0.027403937109435,5199151319
0.0,0.0,103596.82140000118,1032890.8904999996,-0.0184347723519401,0.1053655399842266,0.2043326241983101,0.5318281494335005,0.4758240660728884,0.4416370705331514,0.1182795551487914,0.4752211757453332,-1.6056700488667224,-0.8152305469080474,0.5501961727924294,0.0737848022836349,0.1876775715768706,0.2352721982901142,0.6659915292028183,1.01442921714685,3.7755434686457705,-1.5341216169435563,-0.0121196138285414,0.0116901782119671,1254785854
0.0,0.0,169046.31719999993,1021821.3609000004,-0.0171394325854037,0.1084420977841533,0.2017539098905856,0.5290034876269155,0.4788006008727669,0.4454925381943292,0.116155242552269,0.482693205103866,-1.6214878910742443,-0.8064386298830597,0.5522625732411006,0.0705277206335874,0.0821335911641649,0.3309792845018139,0.1665319291908752,1.0202721395166343,3.753835832101813,-1.5606060319526485,-0.0121837698216956,0.0313594606308757,6001365111
0.0,0.0,164469.9444000005,993959.4261999996,-0.0216842025006909,0.1114051286952348,0.195131228896132,0.5275943924383336,0.479392396134968,0.4522051359882998,0.1175277071994271,0.4756427795123414,-1.630154083382402,-0.8189912800704449,0.5711369584312651,0.0737392653154149,0.1887285052212571,0.230493312578937,0.6443456656124695,1.0244352445050466,3.805541983941228,-1.5654776924863176,-0.0118531383535284,0.0218804460117954,1069948469
0.0,0.0,124219.68019999936,1009248.3737000012,-0.0172989557877953,0.1133340703309118,0.1987834784686291,0.5220870041811291,0.4662654865682983,0.4443717317431268,0.1145267983431089,0.4736171394446943,-1.6137195935233557,-0.8047365968072462,0.5526786475200204,0.0722022243934793,0.0822660265534119,0.3363244576611599,0.1713422772640875,1.0351924649185031,3.8767202493907273,-1.5293249263670865,-0.0119345597101445,0.0318047766152545,6001365111
0.0,0.0,216321.61210000084,995604.375,-0.0189709590679991,0.1149611626637012,0.195501694465294,0.5316430770358254,0.4673151956879683,0.4381141112281841,0.1121833331423689,0.4750386039983912,-1.6032612045777603,-0.8137993767557254,0.5568793850896486,0.0259591819276885,-0.0338162053596547,0.2179197880938713,0.1555593928779611,1.018125089445077,3.8165009424044696,-1.5443919153666474,-0.0118020184135679,0.017184749763055,5002908266
0.0,0.0,192378.3591999988,959638.6520999992,-0.0193256629806818,0.1175731554155288,0.1867659609104917,0.526981442577452,0.4817886227172868,0.4456683939145449,0.1171969999179383,0.474315141420185,-1.639938752276219,-0.8117528466905025,0.5503027839343918,0.0730005417557988,0.1870796823055629,0.2344837784308591,0.6622748452581356,1.022696923439544,3.842343973784398,-1.5614271635587893,-0.011991137202048,0.0219816799800054,1069948469
0.0,0.0,211364.23509999923,967272.8593999996,-0.022772422703282,0.1153667555067541,0.1886961527482733,0.5215267255684013,0.4663998197734407,0.4772862244088481,0.1150302358370059,0.4695220297517808,-1.635174640690763,-0.8118019902209828,0.5553275188587666,0.0282242284978069,0.0775387404475053,0.3362168367052446,0.1686337989391475,1.025909056492046,3.757185956326529,-1.5792245848195468,-0.0122067256956699,0.0215074619866214,5616788657
0.0,0.0,149127.9083000006,1018680.6339000008,-0.0189586401544898,0.1096478830848244,0.2010146493502806,0.5420786435064759,0.471358289013807,0.4411878563525604,0.117373079918675,0.4633335365117417,-1.6226950891463017,-0.8127947314825456,0.5528277239857632,0.0706744317883944,0.0818810064090351,0.3408323365094226,0.169215179034744,1.033226551870022,3.79041954178434,-1.545007501146214,-0.0120639598399785,0.0317323127160846,6001365111
0.0,0.0,108288.20119999885,1028610.7805,-0.0192941828691971,0.1127384959817117,0.2033458031741115,0.5353989186690855,0.462721356892439,0.4502913048644131,0.1169701850092219,0.4675184198369752,-1.6051763339314653,-0.8137723933278056,0.5616460802903802,0.0734225001155,0.1851267891800735,0.2381352160784622,0.6512929731261496,1.0060802082729523,3.772686461200909,-1.5509047855155975,-0.0121949113818576,0.022266257433742,1069948469
0.0,0.0,120597.64739999943,996993.2378999996,-0.0230815943753778,0.1129473941909251,0.1958841498961578,0.539124115751595,0.4852809835315022,0.4728081285861809,0.1143236506489877,0.4845069472110231,-1.6173656678752386,-0.8044550035050148,0.5595382665322154,0.0281502392857787,0.0771338292533824,0.3312393472714804,0.1710899933287808,1.0366432637551362,3.82707228463546,-1.5477892005201968,-0.0121613000707264,0.0214200745843828,9746444936
0.0,0.0,129439.82759999868,1065329.3289000003,-0.0189899066690793,0.1104087120218428,0.2118372292359276,0.5352490939831703,0.4833378515780431,0.4723338676350176,0.1149564289480635,0.4666502280073538,-1.5940635117100197,-0.797079824001207,0.5566100253240688,0.027880244742958,0.0764635200625018,0.3324797379054455,0.1715925752620596,1.0368560626572714,3.8425897662861512,-1.5383162132706556,-0.0119957387046759,0.0267587260936136,5199151319
0.0,0.0,112129.97450000084,1029622.5322999991,-0.0163763450441495,0.1097501242276486,0.2035823050697962,0.5237440412365579,0.4780306161895234,0.450840033687429,0.1164376065350777,0.4693826633026123,-1.6207597989044735,-0.8098374024199616,0.5605602895919848,0.0713895715028965,0.0818485151367937,0.3375302723040722,0.1676542580408136,1.0056751500370975,3.800609257944152,-1.5364077592620735,-0.0122119211895386,0.0314945887827085,6001365111
0.0,0.0,99778.38440000045,965351.3777000004,-0.017703985099034,0.1145061513141185,0.1881625581313639,0.5559901518887301,0.483139039952042,0.4691286964762484,0.1183232057319209,0.4993354297542178,-1.6251374683235569,-0.8126742386913063,0.5527221081847015,0.0287430967607158,-0.0275252379003617,0.6164576206917883,0.3667594774152734,1.0201138162837788,3.756472480485158,-1.429019327626843,-0.0073988893493749,0.0208016400545895,4046922509
0.0,0.0,350705.21299999754,1066889.1778999993,-0.0251441464509355,0.1035622902203865,0.2121167765623446,0.5235281970556087,0.476639674554159,0.4452617590742908,0.1180055389397147,0.4651670704981826,-1.6260647409474696,-0.8089401202876203,0.5550332286170053,0.0731646715815715,0.1866636639743064,0.2348386974645633,0.6502097492579236,1.0411107087745677,3.8008241463826864,-1.5489090522911846,-0.0120841737044222,0.011641281064254,1254785854
0.0,0.0,99216.06660000072,1096754.1702000007,-0.0166656899946135,0.102769645826759,0.2188746392410314,0.5265493894459751,0.4709721639304356,0.4653839170713474,0.1256071610222649,0.4726703238020905,-1.5971265387072702,-0.8162474627078022,0.5539695687638212,0.0259008001682474,-0.0303302183294891,0.2158424261613673,0.1568198544615971,1.0168003789953652,3.828742756376364,-1.5523035505493696,-0.0121534475865228,0.0165430248947614,1123944000
0.0,0.0,160767.96579999942,1088133.1624999996,-0.0245692255239701,0.1135933632713375,0.2169910668221446,0.5383479946172404,0.4729942941591943,0.4760076531451221,0.128375742952057,0.4754814919404636,-1.6138532935452594,-0.8261614949316435,0.5432584742718388,0.02604516563382,-0.0303913096188633,0.2160922820488181,0.1581403035652327,1.0499897460596022,3.8805495940156014,-1.539718139636011,-0.0120347860987,0.0163599497235949,1123944000
0.0,0.0,96896.1379000002,980913.0658,-0.0186068142374072,0.1218411031788624,0.1919789768359681,0.5356160622203315,0.4833624629352587,0.4769544033771236,0.1277240644757201,0.4700647076131887,-1.6479640149077397,-0.8088469234696191,0.5561074216094184,0.0257977698568069,-0.0308374530751478,0.2171738338643676,0.1543722062345509,1.0383499679696964,3.833070775558443,-1.5310132653018664,-0.01227805337496,0.0167852291469101,1123944000
0.0,0.0,105216.02700000186,1012110.0424999996,-0.019286291483053,0.1095210618315607,0.1994127312105964,0.5315664185142221,0.468874489577497,0.4415142655281432,0.1162210814142157,0.4690724570478589,-1.6081252108187911,-0.8078105562392303,0.5523040909574208,0.0719341242839404,0.1883000967908204,0.2328142325685676,0.6600688459452806,1.0288795390027052,3.819516257432591,-1.5376901652599009,-0.0122132809158997,0.0297617578008319,4791476502
0.0,0.0,89864.10829999973,1136190.009500001,-0.0180204447726374,0.1092954838976347,0.2275750949500703,0.5336290756706074,0.4849238385362084,0.4764889649214471,0.1125647327377179,0.4704631597422579,-1.628109049799478,-0.8118935123548726,0.5456361859245199,0.0276760808096502,0.07766915631799,0.3324684806112524,0.1681053101604038,1.0229475049151764,3.78157592073716,-1.5479309498159937,-0.0121594113159312,0.0215890472647041,9746444936
0.0,0.0,102628.77149999877,1002477.6098000006,-0.0189517548555218,0.1081212032516121,0.1971715670361431,0.5355432066309997,0.4684438752447218,0.4585059474470176,0.1172151828877515,0.4773543632745999,-1.63466541319318,-0.8175360528036012,0.5580228098710335,0.0712034730086969,0.0812085376835048,0.3378791243007495,0.1705619433749306,1.0377864481185646,3.8831595803084378,-1.5526795433754117,-0.0121982171581082,0.0294203177469343,4063721054
0.0,0.0,120083.98129999998,1054153.2096999998,-0.0195260830354614,0.1070217488330329,0.2092977290599047,0.5291689616342949,0.4820202190962059,0.4494577037365123,0.1179085177994162,0.4747493990783355,-1.6337083427853336,-0.8004869117187102,0.5509766929989013,0.0742324537214389,0.1858726185685805,0.2330123069076357,0.651859107970176,1.0270933936817144,3.752495658796146,-1.5248497428085788,-0.0120805823812711,0.0294713746111246,4791476502
0.0,0.0,132147.7408000012,1090475.1781999995,-0.0173912941713389,0.114540886908302,0.2174891129812399,0.5249460970867864,0.479256843699452,0.451570683948821,0.1129679879436283,0.4822389929625584,-1.6051459056482311,-0.8105488916816127,0.5447645268189657,0.0718478586373874,0.0809940294018782,0.3386492921042906,0.1684128682340365,1.0351345997441943,3.815789783414937,-1.5297873194099167,-0.0123023586053127,0.0309890358095573,6001365111
0.0,0.0,139772.76589999872,997311.8489565548,-0.0204862326285245,0.1090680131662853,0.1959728552306567,0.5354133258137198,0.4866043493603973,0.4444620110108604,0.1146745954459647,0.4720492493600706,-1.633478568793126,-0.8210723121489089,0.5527946632232331,0.0722478543590419,0.082010646776194,0.338061090362814,0.1659189160685909,1.0349514900793335,3.767158648732895,-1.5283959941409493,-0.0121672698926195,0.0318063609029334,2180889371
0.0,0.0,148825.57379999803,1042046.0107999996,-0.0192736036689827,0.1124579228089015,0.2064961600042765,0.5219063339994418,0.484822865248924,0.4602653337869938,0.1156030810030903,0.4771435447323904,-1.5970378206049305,-0.8141936691242659,0.5573496887191555,0.0279877594602365,0.0908519733418232,0.3324013300794512,0.1670805525961972,1.031468840354449,3.8271320365308608,-1.5523384130712174,-0.0122022013222081,0.0255943695806894,6694212473
0.0,0.0,85442.07220000064,986781.0777999996,-0.0185581177861861,0.1113384413393276,0.1933886323437008,0.5542743836508434,0.4868358631306175,0.4752635561364275,0.1183250926563857,0.4811350012373622,-1.590370846331596,-0.8041460535481882,0.5567908329810348,0.028447828014572,-0.0271661408515599,0.6174912627813676,0.3652714875177478,1.017497430131256,3.799568044723608,-1.4053803154748803,-0.0076275679166542,0.0208372841235518,4046922509
0.0,0.0,107012.11329999974,1054216.1883000005,-0.0176257091313168,0.1114321992968585,0.2092872506652576,0.523690361396417,0.4655644790381025,0.4562252305956096,0.1156135587117206,0.466731964842412,-1.6215056982769258,-0.8042892095857876,0.5520987532773663,0.0714449437127402,0.0812963853073545,0.3350133405629535,0.1655672358399884,1.017225951816657,3.786472890005711,-1.543785911160012,-0.012211541188543,0.0315227436495157,2180889371
0.0,0.0,108517.12699999976,975103.0862000008,-0.019178304595046,0.1132242291915242,0.1905766341120969,0.5602074392569226,0.4793966469369505,0.4745053880754243,0.1180103465103009,0.4908799602701703,-1.611057508407538,-0.8116721149380135,0.5535766192416022,0.0285957580419914,-0.0274076809054039,0.6201968336612143,0.3639708166602489,1.0400516414390897,3.838625247420707,-1.430702458910108,-0.0074240518198707,0.0207572116518791,4046922509
0.0,0.0,135772.47745997226,1035194.4714200147,-0.0264253697922845,0.1159220937595921,0.2049186937134071,0.532440854189361,0.4771299336852628,0.4681468692814134,0.1273015227417177,0.4696344668615163,-1.6020611857032971,-0.797852343516849,0.555934001187491,0.0261418081637116,-0.0310451910849545,0.2156597815068609,0.1580999058795274,1.0238303011730538,3.7688826935100574,-1.5507261107330352,-0.0122502562517455,0.0164361270753102,1123944000
0.0,0.0,100914.0080000005,1034864.0823999996,-0.0179373520911427,0.1123677299851317,0.2048294003584532,0.5178750151476411,0.4785072278393741,0.4712286522759091,0.1156286745334567,0.4728052561756609,-1.6109069925098427,-0.808697803074232,0.5544610557636653,0.0280760363393671,0.078344093846364,0.3389254407564128,0.1693961542650301,1.0164784761335888,3.758045743224901,-1.540490226506474,-0.0122241964695714,0.0219165070990003,9746444936
0.0,0.0,185055.44949999743,1028236.9006000008,-0.0192879046143172,0.1101190075500211,0.2032955521491875,0.5309078465618243,0.4727569953033055,0.4493383802666967,0.1171868968392313,0.4829565498598314,-1.5841443081946245,-0.8141826490801244,0.5643118392256765,0.0715666404826046,0.080873434839566,0.3384309905607728,0.1688083976462275,1.0250916097859015,3.821736374442219,-1.5645992213568911,-0.0121615229857023,0.0294162552967198,4063721054
0.0,0.0,110085.3243999998,1030518.9497000008,-0.0185621981661067,0.1158566902456008,0.2037916916836581,0.534506099923551,0.4790686968078232,0.4251944573465606,0.1152929513795706,0.4770725575841281,-1.6403557851414263,-0.8063449619816282,0.5546652529578072,0.0264319527820779,-0.0342096296228148,0.2186369365976635,0.1551682821602566,1.0342190463800638,3.834873793719823,-1.545180556775048,-0.0117261904103258,0.0173914223110399,5002908266
0.0,0.0,170932.95350000006,1006200.4490000008,-0.0237068281624869,0.1103356735713267,0.1980589351617592,0.5348505824380313,0.4804359018894679,0.4510521874180447,0.1155725264143138,0.4715885485521449,-1.6174104180037183,-0.8194696110806512,0.5563126484495888,0.0733057320827284,0.1871585547313792,0.2312488599067776,0.6621738417116876,1.024943959713169,3.772853615620317,-1.5207228905482857,-0.0120193754470513,0.0222962539553755,1069948469
0.0,0.0,111791.85710000002,1036913.3727000006,-0.0187089214297028,0.105154201148288,0.2053183535667906,0.5411919189928028,0.4706567923271386,0.4519525505761136,0.114564080563723,0.476062678209205,-1.649567666549044,-0.8000171692730655,0.5490847384193162,0.0726668716989399,0.1872544070936791,0.2327855924362155,0.6646125007215525,1.0299940671915218,3.776799795502527,-1.564302844986185,-0.012041872084683,0.0118758622734279,1254785854
0.0,0.0,97001.62599999912,1033773.7229999992,-0.0222816122317523,0.1215515566223222,0.2045755445284327,0.5305978237488499,0.4804527899814448,0.462762492057424,0.1156762998979586,0.469624303428151,-1.5979754859962907,-0.8122732825410904,0.5453200998683065,0.028334803605641,0.0774207348351056,0.340996360904874,0.1692589847361625,1.0041123068793985,3.780035326081604,-1.5258666661300897,-0.0119060570586762,0.0213673246877834,9746444936
0.0,0.0,110948.7256999996,1010983.405,-0.0175204010720386,0.1165485400761598,0.1992198535425986,0.5269306558793105,0.4817301943839304,0.4398671285355329,0.1138754393966344,0.476959603367266,-1.5886350852485207,-0.821950234904982,0.5565092190289849,0.0704114272146445,0.0816446501531645,0.3360669250899871,0.1667505080416822,1.0235960469643173,3.860041339707824,-1.5219567052009642,-0.0121078512843413,0.0317066321620111,6001365111
0.0,0.0,80106.55220000085,1019103.4428238136,-0.013779736262826,0.1128788520432551,0.2011019019222282,0.5315738832058423,0.4798677622379493,0.4614048837008133,0.1160071605516839,0.470596733160412,-1.6343786953608024,-0.8181103547412716,0.5527511771380753,0.0283459425951349,0.077452747534366,0.3338021190508346,0.1674416481417895,1.0101440740033465,3.805273866669975,-1.524194124841375,-0.0120500301902432,0.0218773712695632,5616788657
0.0,20219.65259999968,175232.7426,998363.37,-0.0249183867177402,0.1162925503321672,0.1962001569903384,0.5281431912777903,0.4726496054143489,0.4626098335172943,0.1171802320936451,0.4647243388080342,-1.6145424886798625,-0.8199856116374987,0.5539562134871219,0.0283752785449698,0.0783327604705956,0.3362788201058856,0.1695079177776778,1.0318269612471591,3.768251761356265,-1.5258029785122316,-0.0121501354027995,0.026883046901699,5199151319
0.0,0.0,127321.48749999936,1037933.6603000012,-0.0193180851039322,0.1092398704306356,0.2055180667161846,0.5249222045862324,0.4728939858362087,0.4599716414673765,0.118987244772966,0.4741286977625036,-1.615736366811529,-0.8027972124876488,0.5630438303934184,0.0715342175823018,0.1877182147578608,0.2281532130090857,0.6543832935809367,1.032678873427355,3.783973233432795,-1.5399153735895337,-0.0119097133840017,0.029873378320643,4791476502
0.0,0.0,103848.04880000046,1032368.6394999998,-0.018602136706244,0.1096355036643421,0.2042605071569061,0.52351262291583,0.474253381157543,0.4516452613791547,0.1191272949432696,0.4830549000548684,-1.6373554418315843,-0.8114898653732184,0.5511935426724967,0.0731462849104961,0.1882316807548995,0.2364299431727709,0.6622423016923464,1.0304422794253532,3.7992956892010064,-1.524195131063543,-0.0121358008963513,0.01187926789142,1254785854
0.0,0.0,75437.43850000016,1038513.9707999998,-0.0183161600493902,0.1090906290518021,0.2056403436417657,0.5309660011507881,0.4753917687594283,0.4446099470029282,0.1167097716391433,0.4715554492831165,-1.6255812191246592,-0.7956662294304956,0.5498438435890967,0.0728396659831523,0.185843473899764,0.2296216061291611,0.6595796335321071,1.0195211890863878,3.8252393041990382,-1.5332741492963329,-0.0120398955133605,0.0221854130255099,1069948469
0.0,0.0,97678.7026000017,994973.2953,-0.0185356612418119,0.1143032957389484,0.1953624954071708,0.5222795661532281,0.4764013503455674,0.4637627525992873,0.1129201506185342,0.4702279383358245,-1.6503220816420523,-0.7987873567396813,0.5506978112688126,0.0280857168659866,0.0783127223820712,0.3420373833551111,0.1669723788889318,1.0337077681707376,3.8260481685234593,-1.5424303479239263,-0.0120586174814831,0.0260726110714933,5199151319
0.0,0.0,144224.6894999994,1049441.6891000003,-0.0215773616257533,0.1135819590738285,0.2082153967717268,0.5289043354800391,0.4733301866800139,0.4468633970246218,0.1185476175042979,0.4739151333833414,-1.5824080039977624,-0.799917324795111,0.561346343855048,0.0734539451900152,0.1855081511066968,0.2344049467473185,0.6522617070153199,1.032964983006279,3.8444383006944,-1.5344372547674794,-0.0121748348588488,0.011924338787493,1254785854
0.0,0.0,131910.49090000114,999413.9765000005,-0.0229735123640744,0.109110954330678,0.1964270203461517,0.5320954093866344,0.4752319735247363,0.4468107285052726,0.1149368499698181,0.4755934632897033,-1.636972948696428,-0.8031172832241981,0.5638344641576255,0.0726525204962243,0.081294533206023,0.3422554174670678,0.1698631987519573,1.0449318596490913,3.786532483922113,-1.5662732010492704,-0.01211543824055,0.0313452651532242,1381412189
0.0,0.0,75345.22410000057,980721.9616999996,-0.0188573714887592,0.1146855726927573,0.1919939612793624,0.5199133671291976,0.4896175301377899,0.4678070482725052,0.1162298929516063,0.4710778000069054,-1.6325352845464014,-0.8074849724128996,0.5577135997482108,0.0284048838165542,0.0783822569946622,0.3353190954181008,0.1682191772911643,1.0255960660913015,3.786631664663967,-1.526169076871784,-0.0120515417710537,0.0216924594725627,9746444936
0.0,0.0,106556.58739999984,1009112.2573999992,-0.0250133282094203,0.1184145906731661,0.1987388092193549,0.5367327155818108,0.4784717737034478,0.4450701754846781,0.1144162372179743,0.4642806940270349,-1.6175920449472652,-0.8085285864390902,0.5445057503244938,0.0708650352166528,0.0823770544424181,0.3369709885456099,0.1678620329359954,1.033325084935863,3.845510193322793,-1.5324301895332764,-0.0122832823114013,0.0298241119536937,4063721054
0.0,0.0,108714.24620000015,977494.8307999988,-0.0182874017492532,0.1179396323672421,0.1911352514110682,0.5400134873705011,0.4760447678516926,0.4444384799962339,0.1161796807879887,0.4756867035830166,-1.612376828238543,-0.8093297221749025,0.5548476701917785,0.0715923493449331,0.0825984744171933,0.3369209119128351,0.1677359142734958,1.020887522287141,3.846631515780559,-1.538330907222955,-0.0121218522054932,0.0321788151023815,6001365111
0.0,0.0,111711.95979999924,1031008.3314,-0.0254541516699623,0.1050241250159256,0.2039183441002663,0.5254730973857445,0.4735827365955577,0.4458826499820459,0.1146325332647772,0.4774023754047508,-1.612592714747234,-0.8209775793568777,0.5577600720712332,0.0717832237531621,0.0823476642882545,0.3325717597162311,0.168575502989471,1.0338482724103617,3.784863373363398,-1.5652416208722766,-0.0120431217364818,0.0312691483721545,1381412189
0.0,0.0,142663.26359999902,1084498.8571000004,-0.0186678783314602,0.1112382622621854,0.2161273683771976,0.5443159778497554,0.4843242080265429,0.4636310353879005,0.1151106295666072,0.4755609957613958,-1.6306324148614166,-0.8111007684545668,0.5511889822971041,0.0283057094970739,0.0769848185273806,0.3365516880891768,0.1707628618215057,1.0360301622314694,3.799898386853879,-1.548683642152166,-0.012075214725534,0.026739036404034,5199151319
0.0,0.0,125128.73640000098,1070429.8139000009,-0.0186591524000058,0.1134085894222856,0.2129697689639049,0.531747018174379,0.4856615041695976,0.4502821706442521,0.1152627769147175,0.4781292427085458,-1.5979932399677506,-0.8263461616953859,0.5685293926669592,0.0693659008606293,0.0823954162381902,0.3363939918139892,0.1667277429191202,1.028995673281114,3.8249207012484847,-1.532631392162926,-0.0120608846949161,0.0315558323281481,2180889371
0.0,0.0,183690.02210000064,986934.2916999992,-0.0192416937870784,0.112878932629981,0.1934256683686395,0.5326568356196961,0.4741866904992878,0.4457430625451999,0.1163750542901725,0.4744763922147743,-1.6075256152674933,-0.8107453363203078,0.5479953483064248,0.0733709211330531,0.1904373965681286,0.232178247981691,0.6680988575803363,1.0187270296939852,3.855705449150351,-1.573280527638807,-0.0120939003124632,0.0117967482747823,1254785854
0.0,0.0,132057.92060000193,1008443.2143999992,-0.0238765220229932,0.1095322665336799,0.198604597410166,0.5297741422490423,0.4711959422702028,0.4608267061205747,0.1163014123341972,0.4713230684392002,-1.639463374464586,-0.8301487182630118,0.5479609671446659,0.0277350599505199,0.0765950216393161,0.3348676210784266,0.1731116911813213,1.035946887938182,3.7995821318794376,-1.5558611157474815,-0.0120736211151696,0.0266138992636929,5199151319
0.0,0.0,153003.92270000116,1052832.7298999997,-0.0191107821714026,0.1141154293543784,0.2089449558700831,0.5324013117369802,0.4743677541709878,0.4431816230027686,0.116007900655937,0.4737593032847288,-1.6275559859587236,-0.8078123398754314,0.567380577066353,0.0728550657779751,0.1855371699372998,0.2304162199246933,0.6646960515238297,1.0322930531693777,3.8441872799685046,-1.5247003627420752,-0.0119592921113036,0.0223505161109299,1069948469
0.0,0.0,102194.51090000024,1020223.8836,-0.0184345378840324,0.1113015195663646,0.201365748611336,0.5389936088858848,0.4748237521110256,0.4467122707731696,0.1135152803880133,0.4777338191581569,-1.6336238685527804,-0.8186784082737141,0.5504496644490173,0.0709230847807306,0.0820044750234021,0.3388383848426347,0.1692129464013671,1.0211051404851388,3.787042684688584,-1.5607501295159365,-0.0121567494346512,0.0314969970151839,2180889371
0.0,0.0,102827.53549999988,1002375.2610999997,-0.0154388848877939,0.1127837900658126,0.1971841376213008,0.5331615841234874,0.4722917928732402,0.4673337394620444,0.1143853669571856,0.4861167632831824,-1.610021190360622,-0.8162721338639878,0.5567185366067383,0.0285170656913538,0.0780436778481567,0.3341307740433981,0.169726217204227,1.0230454026124691,3.801955382209274,-1.5341722780978193,-0.0121327778537416,0.0268048135548323,5199151319
0.0,0.0,112846.76870000048,1016273.8167999998,-0.0217129350945418,0.110112036785827,0.2004716366061689,0.52476186893483,0.482979176064171,0.4526382090435671,0.113927586563286,0.4763668785021785,-1.6369021520247904,-0.812776996263107,0.5537567200260763,0.0715188488182548,0.0809078391120663,0.3315409373801216,0.1716571966002437,1.0369363440632238,3.8313973364374663,-1.5329720761156145,-0.0120614859394296,0.0311814890906996,6001365111
0.0,0.0,191432.5204000032,994040.675,-0.0259503027166317,0.1249383698355774,0.1951507561774557,0.5202779790470492,0.4817760930560616,0.4514729031040008,0.1148618277516735,0.4597625102827332,-1.6232370598100545,-0.8120113516575911,0.5518480374451824,0.0716498549178594,0.0826696594855667,0.3421892449398534,0.1704451780657791,1.0315893956740847,3.814775662685885,-1.5658763271481555,-0.0121470913723299,0.0314715116106797,2180889371
0.0,0.0,142664.53940000036,1026665.7186,-0.0180895434806028,0.1106413419075302,0.2028782200416561,0.5169568488380872,0.4709658584986943,0.4467801809764549,0.1192465389586766,0.4754387203204022,-1.598611065412829,-0.8054213529828945,0.5499367210462918,0.0727702777116732,0.1847594702442913,0.2331321545395501,0.6530217224964836,1.0225476120452226,3.805224296198914,-1.536371125354563,-0.012085398292152,0.0119996352138878,1254785854
0.0,0.0,118402.03739999956,1029605.3724999996,-0.0188260495983353,0.1145791919189318,0.2035658962321076,0.5339983769480452,0.4762810018410289,0.4521511258503864,0.1177009545328242,0.4672082583154607,-1.628904045498433,-0.8172640455514989,0.5571980912426755,0.073180726893757,0.1880170478055066,0.2292657014854323,0.660713435767015,1.0222436343918568,3.8491024153274953,-1.5352462354506884,-0.0120495166310587,0.0289583339164234,4791476502
0.0,0.0,104051.13839999924,1068221.5368,-0.0157443151991697,0.1116471915757011,0.2125066398547641,0.5370256069190804,0.4747395929323092,0.471911079596913,0.1165097748259837,0.4754443250272867,-1.590909249090517,-0.8029049925025948,0.5514369253052619,0.0284299408370036,0.0767728612780951,0.329287678242118,0.1695499441789445,1.022100984665693,3.865202555352311,-1.5162203398683527,-0.01216821589941,0.0268470591956738,5199151319
0.0,0.0,106294.2164999987,1023952.8287,-0.0180308552583526,0.1093766299523719,0.2022421917325505,0.5255741934157634,0.475506923207432,0.4561853682097778,0.1171721239435842,0.4701003105313536,-1.598050659061946,-0.8078796087341442,0.5539594920399793,0.0714683318514642,0.1874671556841032,0.2326591076596323,0.6527980715652902,1.0232563657425957,3.869175241981075,-1.5280264126981071,-0.0122205052163701,0.0225470798359821,1069948469
0.0,0.0,162517.71369999868,991868.1503000006,-0.0242475743713097,0.1142052286821175,0.1946404807866635,0.5275728008232702,0.4772839302246457,0.4831904779058779,0.1155721958573231,0.4703955040601627,-1.6149454769690403,-0.8205526658762932,0.5548660974749504,0.028329066406211,0.076621103879412,0.3372590408799683,0.1658948005308949,1.036421305921071,3.842730071291764,-1.552294750142125,-0.0124040834418787,0.0220389117500929,5616788657
0.0,0.0,121287.28900000067,1052925.0335999995,-0.0192707412804142,0.1144915578610024,0.2089910520253679,0.5349118040675327,0.4836455863482407,0.465125221080426,0.1150672435365461,0.4860621544150772,-1.590366064013901,-0.802243748239431,0.5532745098218821,0.0284911821735286,0.0899493663587723,0.3375161942262853,0.167420535901975,1.0163120002543164,3.7880964019780943,-1.5397199566988071,-0.0121313818010953,0.0257593649041532,6694212473
0.0,0.0,182442.5252999988,988630.8312999998,-0.0255712573649235,0.1160387148473705,0.1938600602678473,0.5400252768545835,0.4737436227844175,0.4766558666578572,0.126534274536418,0.4771467547282125,-1.617120965221004,-0.8194389646496362,0.5496007778853714,0.0260843388644612,-0.0306039477564756,0.2196883904876453,0.1544561872259245,1.0331382194822951,3.7876158179139057,-1.5268643766268626,-0.0120702858135961,0.0162793387347198,1123944000
0.0,0.0,101078.5261999996,974838.4255999996,-0.0189689991204385,0.1171655777645959,0.1905365664151177,0.5317137164781593,0.4803386038401358,0.4719062115306159,0.1158067557626565,0.4747514942254876,-1.6358129058310436,-0.8087429097875422,0.5430860478501593,0.0279424054793538,0.0891894997043818,0.3366292395251487,0.1690582713826051,1.0471784445145291,3.8254666120420375,-1.5434662927749374,-0.0120904839446182,0.0255375030065307,6694212473
0.0,0.0,236157.13519999804,1037077.1846000002,-0.023327564960303,0.1063358469464919,0.2053191576043265,0.5387339125181867,0.4661817552601282,0.4724313834599792,0.1125420367440549,0.4711835955454451,-1.614460456960522,-0.8123461408550582,0.563850387121974,0.0287820992030801,0.077196736608272,0.3353952156005924,0.1702466154630389,1.029712081499382,3.812955844532469,-1.5628194156429338,-0.0120110848090431,0.0265133887781148,5199151319
0.0,0.0,102837.59829999947,968072.481200001,-0.0148677728097519,0.1161603659282244,0.1888435164445032,0.5331647756024771,0.4771524645750523,0.4462602362249533,0.1151966690768376,0.4709594006637664,-1.62378217169066,-0.8274953366928115,0.5488836283161947,0.0717808675282054,0.0824190195728279,0.3360276720542776,0.1639459570502633,1.0201982703552086,3.847286278315179,-1.5298205526055102,-0.0121082605436814,0.0316027000919,2180889371
0.0,0.0,135818.15169999935,1019019.9472000004,-0.0200412537740854,0.1094395972399742,0.2010946043019346,0.5471092064426933,0.4786399825068116,0.474058702837829,0.1179062336575376,0.4820111452969253,-1.5887243929035737,-0.8171655097056849,0.5498139486656827,0.0286198302565457,-0.0269457204476862,0.6156074465654762,0.3649533484165447,1.0172442512504165,3.793915654291746,-1.4199629738410022,-0.0075287701309105,0.0206033238972814,4046922509
0.0,0.0,146120.99129999895,995011.2203000007,-0.0153668253347848,0.1152016156631861,0.1953716029088392,0.5211681120161354,0.4861546944606296,0.4642151502120304,0.1271908238177832,0.4780888598356549,-1.618077762546948,-0.8112972938705283,0.5567614914374268,0.0264722819996995,-0.0303852411996989,0.2155320925655057,0.1576338679138469,1.0248942664123604,3.754329162612612,-1.524822508578881,-0.0119904811427815,0.0163770427103461,1123944000
0.0,0.0,102292.95180000016,1001672.7246000004,-0.0187083086408626,0.1170066023397895,0.1969670385145618,0.5347467165362972,0.4686968721896631,0.4712480639963648,0.11595873244583,0.4777646437551143,-1.6307590897185824,-0.823219760847402,0.5419356214599423,0.0284352935012385,0.0776592288122736,0.3363047765740236,0.1675122048806795,1.0300845143865196,3.8412167480230814,-1.5258324015153168,-0.0121408751880762,0.0266483003302098,5199151319
0.0,0.0,105700.19340000104,1037633.6373999997,-0.0239951066489831,0.11004226785851,0.2054856639387028,0.5336706237046438,0.4672326514218392,0.4407514225607439,0.1147531880970785,0.4758637293060758,-1.6227839387700271,-0.8204450371896869,0.5531691231493334,0.0262968461431341,-0.0343085399274063,0.216922147280005,0.1577683355623982,1.0242836691142994,3.760300215667842,-1.5335828697315748,-0.0118933259262416,0.0173598267077973,5002908266
0.0,0.0,84677.99840000039,1045686.5771,-0.01856320477605,0.1132697222592169,0.2073375433959099,0.5347881899981404,0.4741928867434311,0.432087576031611,0.1153981621219011,0.475082288338928,-1.622239858567019,-0.8052800562386955,0.5505443764740697,0.026309173063905,-0.0339358915134412,0.2180465910801574,0.156702588487627,1.0098916901317971,3.798194454455711,-1.569209035753089,-0.0117921284825107,0.0174453711205922,5002908266
0.0,0.0,103485.99719999977,1021751.0798000012,-0.0229144768267752,0.113951671379104,0.2017745324131199,0.5449808472205205,0.4729936673397434,0.4259849836198143,0.1150091699354649,0.4693249773482728,-1.6025796522757227,-0.824333778982919,0.5539658895979538,0.0260846062621885,-0.0342091479703369,0.2191898944013607,0.1556345957834213,1.0258384780445091,3.783917942227621,-1.5480537721736094,-0.0120928557680687,0.0173376457008971,5002908266
0.0,0.0,110015.61470000017,1040998.1034999996,-0.0182856587803325,0.1085093613377281,0.20622868346023,0.5309415434037431,0.4829292255162745,0.4661852456279943,0.1144869899230261,0.4749455751025842,-1.6546630831459908,-0.7989689901741167,0.5636288646160432,0.0283858762983049,0.0889752149918691,0.3348913409821392,0.1667515998851624,1.0300323282029498,3.768254791768677,-1.520411769518331,-0.0118981862236567,0.0255538733666517,6694212473
0.0,0.0,170380.25939999998,1026184.8229,-0.0230584591445085,0.1067892721260999,0.2028151421528781,0.5309351682012184,0.4934439456484677,0.471294300152135,0.1138276118165543,0.470155279402999,-1.6056426077219068,-0.8186599892697185,0.5528073994042075,0.0281296984479097,0.0898184258266889,0.3350079632080917,0.1691520173576766,1.027063881977836,3.830420841915677,-1.5590521964516693,-0.0121488068197158,0.0255207531175568,6694212473
0.0,0.0,115906.64600000088,1009164.9751999992,-0.0155987378931183,0.1080859116687449,0.1987883780395976,0.5575031051445086,0.4836313716242985,0.48134054193923,0.1150017479348823,0.4917738715354166,-1.6046809137468876,-0.8074733467238157,0.554964708361786,0.0281205844356379,-0.0275910828734115,0.6256487914922149,0.3609239086111641,1.0240206073639762,3.798117906962968,-1.4183573501913194,-0.0075290590695565,0.0206499189449097,4046922509
0.0,0.0,87205.70409999962,1051227.7577,-0.0183559502889806,0.1085861629259339,0.2085638918640986,0.5245190333274443,0.4691608738038585,0.4468465799930921,0.1157606820899181,0.4721472201048414,-1.6055600457580186,-0.819579109451317,0.5587849179045219,0.0734928766450009,0.1846967528224317,0.230525079396843,0.6614942750841121,1.0170223771375704,3.804224072408686,-1.5630353706468942,-0.0119893050645341,0.0226388259438766,1069948469
0.0,0.0,137819.1187999996,980093.77,-0.0186145502448949,0.1148656336581244,0.1917921805548328,0.5280672328179319,0.4763529383255783,0.4689167181852445,0.1165169981184591,0.4741142299706697,-1.612187872162384,-0.800863419413951,0.5539384460205472,0.0279140639415869,0.0781742183847061,0.3381202750322135,0.1711581443809441,1.0378407589345615,3.8348727655091976,-1.556110547826722,-0.0122169280796168,0.021752168549609,5616788657
0.0,0.0,110684.6432999993,1076510.3621000012,-0.0196680863683952,0.107303377173193,0.2143814785035751,0.5369982881252,0.483506926164766,0.4726059938811983,0.1161062721978749,0.4797284071364207,-1.6183975151119088,-0.8188321268585225,0.5484789023147885,0.0284190515667577,0.0896108146856219,0.3340101030209689,0.1692821924938484,1.013319964660313,3.793531537412414,-1.5558911710771024,-0.0119895972927012,0.0258228722117214,6694212473
0.0,0.0,134176.89390000096,1004330.012899999,-0.017356427942839,0.1091774585110771,0.197638108702673,0.5261344168237168,0.4821048361631178,0.4415465267176572,0.1168426732285354,0.4783405696668998,-1.6183732055993334,-0.8145032765300005,0.5568260889857641,0.0735307492604116,0.1863176281838495,0.2329035334672471,0.6504435251348918,1.0342699559836392,3.846819363693825,-1.5529645148355478,-0.0120577930413612,0.0118271494142312,1254785854
0.0,0.0,109701.29540000006,1029149.8281000009,-0.0181808178419777,0.1128557694651242,0.2034594332170125,0.559599262700299,0.4781687646421892,0.473986165694206,0.1197116223478214,0.4894165990812152,-1.597941077505357,-0.807153480114163,0.561316689869995,0.0279189052553618,-0.0275109593119696,0.6125508596237496,0.3579714703283038,1.0268509809279338,3.82546136820174,-1.392027399372486,-0.0075279209071824,0.0204717469311076,4046922509
0.0,0.0,127915.44449999988,1001333.8319999998,-0.0181131633646018,0.113826603470736,0.1968984091221095,0.5344359681799188,0.4703020656587435,0.4578565193615604,0.1167924719990945,0.4776626313631554,-1.615106221651785,-0.8121588332631101,0.558269996294433,0.0730559438630803,0.1861256336998872,0.2318926940568832,0.6532164288594066,1.028513857391902,3.766493886969859,-1.5575879733606952,-0.012122871918008,0.0222097284486774,1069948469
0.0,0.0,174353.03840000147,1037741.5837999994,-0.0196765298689551,0.1066624823865287,0.2054858895218028,0.5293310978867332,0.4674152975364432,0.438726827599277,0.114409704534844,0.4664552422227875,-1.626125109787919,-0.8129519152915868,0.5497414820456035,0.0711061738356116,0.083150786600727,0.3353542988496889,0.1690784804192065,1.0284550407547093,3.8366965957839847,-1.5583304138863667,-0.0122225908845755,0.0313717314275514,2180889371
0.0,0.0,255835.52520000155,1013975.0178999992,-0.0207408261275369,0.1175459081775567,0.1999159888797408,0.5200042950752466,0.4726603804016696,0.4470958906986371,0.1182162034200934,0.4699111249825309,-1.6275531555356495,-0.811836565659999,0.5534993280372702,0.0745607011539406,0.1878730970476644,0.2268332463218373,0.6633790700552841,1.0276732160335975,3.7772501499869855,-1.5489914526984865,-0.011981593167494,0.0294033166578066,4791476502
0.0,0.0,133097.77300000167,998083.6677999988,-0.019385362063213,0.1097190955791684,0.1961085150154939,0.5309739583176222,0.4766446325926493,0.4306228769054528,0.1162623563213767,0.4747649337231918,-1.6120570191614791,-0.8021380974843413,0.5598050494375958,0.0263233264792891,-0.033275387142269,0.2163376833157153,0.1555221039917736,1.0440153900716105,3.843114186525976,-1.5573620738223035,-0.0119061212816339,0.0175310944992858,5002908266
0.0,0.0,136272.3694999992,969007.8473000004,-0.0182639173121104,0.1141149591932912,0.1891220442569949,0.5172539474094713,0.4779831847059187,0.4445413185451068,0.1160867568608971,0.478790767101457,-1.617622468986451,-0.8166460230002908,0.5629256740638628,0.0730510414181677,0.1836081996432675,0.2338581320268118,0.6473765836764858,1.0308625037426402,3.82119727045816,-1.5318550445931334,-0.0121027259590064,0.0289704158544179,4791476502
0.0,0.0,126835.1901000006,1052525.6101,-0.0151531593545218,0.108319368655789,0.2088744544694227,0.5274818899257913,0.4743573579488033,0.4507072781660152,0.1142512624087173,0.4738924922964184,-1.6107444176879469,-0.8067866464801112,0.5469954887009322,0.071913188798707,0.082088567280069,0.3404679455313687,0.1651266892840438,1.0116881642321889,3.744221806120295,-1.5257151138965317,-0.012127943294355,0.0300180440912424,4063721054
0.0,0.0,140661.3145999997,1023318.6903000004,-0.0187967906014263,0.1107022427766937,0.202080942376378,0.5373825903972141,0.4778172368836945,0.4475330223856444,0.1181453054773033,0.4749625764623919,-1.6134670469294343,-0.8055896323901516,0.5626431269565974,0.0725273406143257,0.1865504647703953,0.2315968919785901,0.6559856622662578,1.0196745767133129,3.7586152715276353,-1.5280997009270278,-0.0121311879080364,0.0291125164159828,4791476502
0.0,0.0,110380.8571000006,993291.3260999996,-0.0169869117694296,0.1147029619610275,0.1949829210122251,0.5234589128608226,0.4794313971176935,0.4484002457422431,0.1153073262655455,0.4717331890450688,-1.6134966386892085,-0.8083554825172568,0.5477021823053393,0.0703310181835615,0.0826330691005665,0.3408194609176495,0.1718226224210846,1.020267055214592,3.862896158117888,-1.5271931464547044,-0.0121200645770643,0.0308782566494928,2180889371
0.0,0.0,110446.0855999994,1010535.2109000012,-0.0183471787582571,0.1087481193454482,0.1991259193638663,0.5320292109014225,0.4715937490990557,0.4698825454406995,0.1152281037631561,0.4674816864954699,-1.6272902808851777,-0.7986372450873263,0.5638715227248532,0.0283271728735705,0.0763566141332442,0.3299458913775703,0.1698701108386307,1.0217083453593,3.7842833054951335,-1.5414148722910563,-0.0120889509646662,0.0267236949668231,5199151319
0.0,0.0,124367.40670000143,1047203.1917999996,-0.0221353666321965,0.1091469973480809,0.2076624769627737,0.5217456013528832,0.489001313524991,0.4710229519240398,0.1146968535648793,0.4694114121213804,-1.6167330561309137,-0.807902772906909,0.554458158465555,0.0283755665110305,0.0900714068254745,0.3357706250792888,0.1688019191877751,1.0408996631396996,3.814658944103909,-1.5614957037443684,-0.0121449215222782,0.0258645981037051,6694212473
0.0,0.0,202460.39110000007,1046737.5902000002,-0.0184038039364775,0.1060973539934939,0.207542687685998,0.5342170481962663,0.4793035544133345,0.4490853975607194,0.1192304446887069,0.4666889082242589,-1.6287209877696525,-0.8168968171158542,0.5567507425030699,0.071797336288787,0.1904357257595341,0.2340014873954082,0.6558193962283217,1.021592267963733,3.793732219026608,-1.5365656283690106,-0.0122778541828238,0.0119674044688664,1254785854
0.0,0.0,200793.36270000017,989331.2106000006,-0.0272160732590951,0.1130850486339665,0.1940044716948654,0.530180653419699,0.4721593646051777,0.4697729763486042,0.1135096652866961,0.4757681065676675,-1.613779809119256,-0.8222864011241942,0.5628353041131433,0.0281879310280542,0.0895590352248887,0.3308769188384617,0.1695393634479556,1.0313782289489422,3.765625989219811,-1.523964941161871,-0.0121040209748429,0.0254590547991573,6694212473
0.0,0.0,118274.53019999934,1074675.5995000007,-0.0180870242537913,0.1048199213628235,0.2139549656970818,0.5367441090120957,0.4801028297938385,0.4653376356742258,0.1279111531749314,0.4677847771691383,-1.6042673059443529,-0.8086961205457898,0.5519047073313619,0.0264697221221513,-0.0306681782937427,0.2181634077376844,0.1552408099144379,1.0336106902888311,3.81954992239413,-1.5517691738276993,-0.0120987496353994,0.0161774654600993,1123944000
0.0,0.0,118593.78339999984,991604.0677000006,-0.0193144153746093,0.1145964479508137,0.1945522813520448,0.5354467257553512,0.4757200143468087,0.4490363886711024,0.1160802865973628,0.4764044505507764,-1.6228676162310522,-0.8166947981651539,0.5462518040284267,0.0736364841119764,0.1865575361745858,0.2331684649942866,0.6589519012554113,1.0199435665543763,3.831009838378634,-1.544927547593263,-0.0121110931609532,0.0296061076346129,4791476502
0.0,0.0,128010.83629999928,1004939.04920198,-0.0172066037599486,0.1086143445885579,0.1977338875097236,0.5328853326191643,0.4756267629502362,0.4472984890194258,0.1154957475986101,0.4744972134737829,-1.6310591772478238,-0.794681398073677,0.5540600410332316,0.0714555287430356,0.0825627101426799,0.3384276930365726,0.1682429912887398,1.023620321572222,3.7339398098293968,-1.5317917718063925,-0.0120784788864066,0.0314950216335735,2180889371
0.0,0.0,137080.81900000188,1005589.1159000002,-0.0186618085297386,0.1166622815589248,0.1979133995543067,0.523037460251775,0.4812988292000204,0.4442586595138901,0.1175119464021493,0.4750689318231753,-1.6145031987641585,-0.8041601585079856,0.5629202525546373,0.0733993508715281,0.1849036097116357,0.232664170503697,0.6607020643690932,1.0185197806827788,3.818179812265312,-1.5428000155141068,-0.0121148570189632,0.0221499084665083,1069948469
0.0,0.0,108231.5656000002,1047048.4121011426,-0.0176500787161384,0.1098925725921502,0.2076143542841639,0.5296756968438557,0.4880534105015797,0.4718934736804316,0.1159032279459163,0.4668752320403611,-1.6382200727889615,-0.8138322967268693,0.5558198426163443,0.0282728572163888,0.0902494139637576,0.3339375525662243,0.1691504355024501,1.0318436310124273,3.853860623718291,-1.5365150455502068,-0.0119939275065448,0.0256014734470301,6694212473
0.0,0.0,114338.95899999957,1007908.1273000004,-0.0194909446328521,0.118643892782871,0.1984527486453682,0.5273288388002161,0.4731979241171826,0.4710961760226694,0.1166610772095758,0.4689457715502993,-1.6441409103636282,-0.8134824077425713,0.5528560201894902,0.0280061854310651,0.0764340320279386,0.3328392492746412,0.1661239670218637,1.0379788095135274,3.8519684374982983,-1.5405947055042892,-0.0120020345748868,0.0219570767109812,5616788657
0.0,0.0,114009.5593999991,998855.5581999996,-0.0195501214620258,0.1114889307083915,0.1962933639870219,0.5436943802077349,0.4705149889502502,0.4759606456170556,0.1147059628840485,0.4738435596073255,-1.6291473097873683,-0.8203455389455953,0.5503253708222765,0.028439591673013,0.0764981127636659,0.3356112396789603,0.1700880622352871,1.0378527608153136,3.882718609774304,-1.5463574974654115,-0.0120345922005471,0.0215942563308991,5616788657
0.0,0.0,97942.8839000014,1048494.1054000002,-0.0186102952869263,0.1091090281335103,0.2079474660749176,0.536842187032751,0.4734806971843048,0.4503645193097635,0.1134709483645445,0.4795794363511275,-1.6374140410321414,-0.8090319409661578,0.5626287688846751,0.0710282522050557,0.0808443993718839,0.3357948697666439,0.1668135492703951,1.0283737368881989,3.7883050496333017,-1.5090890504144014,-0.0121314997822737,0.029730777251724,4063721054
0.0,0.0,123028.89799999783,960277.0324000004,-0.0245089623707923,0.1182287762609688,0.1868992723962239,0.5310409832140648,0.4830325997001284,0.4707793779521625,0.1129235001201123,0.4710965982917776,-1.5973666229366985,-0.8144087615477225,0.5517791102937538,0.0287466802507357,0.0894472504699702,0.330474286847898,0.1690683417161008,1.0203258452809914,3.7788420666249833,-1.5264877586910637,-0.0120960339184419,0.0257162464914823,6694212473
0.0,0.0,94557.17660000036,1069782.5037999998,-0.0175145534613842,0.107742293883289,0.2128106180128937,0.5363422485063601,0.4833071526758722,0.4452968263946058,0.1144198083219057,0.4648417337931628,-1.6188133454142115,-0.8120637637830784,0.5569170351740604,0.0719895009061753,0.0820793252009515,0.3329941270533061,0.1662094198833991,1.015956836267643,3.804260722922512,-1.5449809514098212,-0.0117682554211637,0.0292669552454648,4063721054
0.0,0.0,98746.92139999988,1012353.1185999996,-0.0191719921473811,0.1094303959121194,0.199519731134955,0.528623800638574,0.4651651836869125,0.4579125121688215,0.1157173852393425,0.4789876636642804,-1.6163154553312484,-0.8096940624265621,0.5653551871055892,0.0723401438752045,0.0810640810885833,0.334605057029204,0.1654406066269236,1.0247447738914863,3.820609380591627,-1.5451201136374002,-0.0121650006497217,0.0311390913972425,1381412189
0.0,0.0,120035.87110000022,1016368.7363,-0.0179541159992399,0.1146417109138693,0.2005311588845546,0.5372520004022315,0.4803633399446,0.4699527776241716,0.1168252829006492,0.4788989330774824,-1.6371539909759267,-0.8156711791598326,0.5537586820065036,0.0280670306480546,0.0773040666133587,0.3325003822105888,0.1709824201459845,1.0259221083057577,3.745999711742113,-1.541770440929897,-0.0122164202155102,0.0215324048530473,9746444936
0.0,0.0,94535.9522999993,1054678.7599000004,-0.0174100436405266,0.1153260912162243,0.2093808369979555,0.5556778602954832,0.4782052776937535,0.4738019881675697,0.1158614551967577,0.4880697450443425,-1.5882795407477608,-0.8135987865077223,0.5483473721501072,0.0283755360291082,-0.026968952503856,0.6148943052033515,0.3659810184276855,1.0260459009648133,3.8480144719053295,-1.4210998811589577,-0.0074904596370195,0.0209280650758166,4046922509
