date,ADC,ADM,APH,APO,APP,ARES,AZO,BKNG,BRK-B,BTAL,BTE,BX,CASY,COST,CTA,CVX,CWST,CYA,DBMF,DECK,DOW,EGP,EXEL,FANG,FICO,FMF,FR,GILD,IVOL,KKR,KLAC,KMLM,LLY,LMT,MCK,MELI,META,MPC,MPWR,MSFT,NNN,O,ORLY,PFIX,PGR,PLD,PSA,REXR,RSBT,RSG,SCHD,SCHG,STAG,SVXY,TMUS,TRI,TRNO,TSLA,UNH,VOO,VRT,VRTX,WM,WMT,WPC,XLG,XME,XOM,GIC,sim_id
2008-01-21,0.0,0.0,0.0,20395.6632,0.0,0.0,0.0,0.0,0.0,0.0,0.0,0.0,0.0,0.0,0.0,0.0,0.0,0.0,0.0,0.0,18115.5,0.0,0.0,0.0,0.0,0.0,0.0,0.0,0.0,0.0,0.0,0.0,0.0,0.0,0.0,0.0,0.0,20392.4992,0.0,0.0,0.0,0.0,0.0,0.0,0.0,0.0,0.0,0.0,0.0,0.0,0.0,0.0,0.0,0.0,0.0,0.0,0.0,0.0,0.0,0.0,0.0,0.0,0.0,0.0,0.0,0.0,0.0,0.0,348949.33759999997,2698124693
2008-02-18,0.0,0.0,0.0,0.0,0.0,0.0,0.0,0.0,20330.800000000003,0.0,20384.595,0.0,0.0,0.0,0.0,0.0,0.0,0.0,0.0,0.0,0.0,20387.8686,0.0,0.0,0.0,0.0,0.0,0.0,0.0,0.0,0.0,0.0,0.0,0.0,0.0,0.0,0.0,0.0,20387.9844,0.0,20388.24,20387.0912,0.0,0.0,0.0,9395.5937,0.0,0.0,0.0,0.0,0.0,0.0,0.0,0.0,0.0,0.0,0.0,0.0,0.0,0.0,78.24,0.0,10269.0352,0.0,20385.057,0.0,0.0,44.7073,245014.78759999998,2698124693
2008-03-17,0.0,0.0,0.0,0.0,0.0,0.0,0.0,0.0,0.0,0.0,20406.3116,0.0,0.0,0.0,0.0,0.0,20408.8,0.0,0.0,0.0,0.0,0.0,0.0,7972.2972,0.0,0.0,0.0,0.0,0.0,0.0,0.0,0.0,0.0,0.0,0.0,0.0,0.0,0.0,0.0,0.0,0.0,9.6298,0.0,0.0,0.0,0.0,0.0,0.0,0.0,0.0,0.0,0.0,0.0,0.0,0.0,17588.031899999998,0.0,0.0,0.0,0.0,0.0,0.0,0.0,20413.4355,0.0,0.0,19338.963799999998,0.0,301729.1888,2698124693
2008-04-14,0.0,20715.9362,0.0,20732.7816,0.0,0.0,0.0,0.0,0.0,0.0,20732.448,20731.889,0.0,0.0,0.0,20623.976,0.0,0.0,0.0,20733.993899999998,0.0,20714.646399999998,20731.16,0.0,48.0436,0.0,0.0,87.70049999999999,0.0,20735.395800000002,0.0,0.0,0.0,0.0,0.0,0.0,0.0,11207.5624,20726.1957,0.0,42.997,20209.365400000002,0.0,0.0,0.0,0.0,20507.255999999998,0.0,0.0,0.0,0.0,0.0,0.0,0.0,29.6826,0.0,0.0,0.0,0.0,0.0,9.78,20720.0,20718.0333,20720.56,0.0,0.0,0.0,0.0,92656.5508,2698124693
2008-05-12,0.0,19632.8531,0.0,21568.5543,0.0,21564.84,0.0,21570.09,0.0,0.0,0.0,0.0,0.0,0.0,0.0,0.0,0.0,0.0,0.0,21565.0749,0.0,0.0,0.0,0.0,0.0,0.0,21506.823,0.0,0.0,21567.836000000003,0.0,0.0,21561.9246,21519.8328,0.0,0.0,0.0,21570.0552,21565.8612,0.0,21203.757400000002,0.0,0.0,0.0,21568.062599999997,0.0,0.0,0.0,0.0,0.0,0.0,0.0,0.0,0.0,0.0,0.0,0.0,0.0,0.0,0.0,0.0,0.0,21556.647,21571.6168,0.0,0.0,0.0,0.0,109594.59049999999,2698124693
2008-06-09,0.0,0.0,0.0,21203.3427,0.0,0.0,0.0,0.0,0.0,0.0,0.0,0.0,0.0,0.0,0.0,0.0,0.0,0.0,0.0,21215.2694,0.0,0.0,0.0,13.0908,0.0,0.0,0.0,0.0,0.0,21217.3623,0.0,0.0,0.0,0.0,0.0,0.0,0.0,0.0,0.0,0.0,0.0,0.0,0.0,0.0,5418.018999999999,21201.6005,0.0,0.0,0.0,0.0,0.0,0.0,0.0,0.0,0.0,0.0,0.0,0.0,0.0,0.0,0.0,0.0,0.0,0.0,0.0,0.0,0.0,0.0,333610.48269999993,2698124693
2008-07-07,0.0,0.0,0.0,18548.5353,0.0,78.54,0.0,0.0,0.0,0.0,0.0,0.0,20989.9865,20963.0142,0.0,0.0,0.0,0.0,0.0,20997.1968,0.0,0.0,0.0,0.0,0.0,0.0,0.0,0.0,0.0,0.0,0.0,0.0,0.0,0.0,0.0,0.0,0.0,0.0,0.0,0.0,0.0,0.0,0.0,0.0,0.0,0.0,0.0,0.0,0.0,0.0,0.0,0.0,0.0,0.0,0.0,0.0,0.0,0.0,0.0,0.0,0.0,20999.45,0.0,0.0,0.0,0.0,0.0,0.0,317160.9751,2698124693
2008-08-04,20687.477,0.0,20691.6636,0.0,0.0,0.0,16047.81,0.0,0.0,0.0,0.0,20692.425600000002,0.0,0.0,0.0,0.0,13683.6,0.0,0.0,0.0,0.0,0.0,20692.0,0.0,0.0,0.0,0.0,0.0,0.0,20692.1694,0.0,0.0,0.0,0.0,0.0,0.0,26.6905,0.0,0.0,0.0,20688.6624,20692.2352,0.0,0.0,0.0,0.0,20659.1244,0.0,0.0,0.0,0.0,0.0,0.0,0.0,0.0,0.0,0.0,0.0,20686.6044,0.0,78.24,0.0,0.0,0.0,0.0,0.0,0.0,0.0,197382.4537,2698124693
2008-09-01,41.0756,20676.3978,0.0,20683.6185,0.0,0.0,0.0,0.0,0.0,0.0,0.0,0.0,0.0,0.0,0.0,20651.28,0.0,0.0,0.0,20678.911399999997,0.0,0.0,0.0,0.0,0.0,0.0,20670.8216,0.0,0.0,20679.7932,0.0,0.0,0.0,20618.04,0.0,0.0,0.0,20683.4248,0.0,0.0,0.0,0.0,0.0,0.0,20674.961,0.0,0.0,0.0,0.0,0.0,0.0,0.0,0.0,0.0,0.0,0.0,0.0,0.0,20668.12,0.0,0.0,0.0,20662.5393,6589.536,0.0,0.0,0.0,0.0,179095.6685,2698124693
2008-09-29,0.0,0.0,0.0,21.0699,0.0,0.0,0.0,0.0,0.0,0.0,0.0,0.0,0.0,0.0,0.0,0.0,0.0,0.0,0.0,0.0,0.0,0.0,19554.989999999998,0.0,0.0,0.0,13185.0978,0.0,0.0,0.0,0.0,0.0,0.0,0.0,0.0,0.0,0.0,0.0,0.0,0.0,0.0,0.0,0.0,0.0,0.0,0.0,11425.7512,0.0,0.0,0.0,0.0,0.0,0.0,0.0,0.0,0.0,0.0,0.0,0.0,0.0,0.0,0.0,0.0,0.0,0.0,0.0,0.0,0.0,346592.3049,2698124693
2008-10-27,0.0,0.0,0.0,16160.613299999999,0.0,18367.14,0.0,0.0,0.0,0.0,0.0,0.0,0.0,0.0,0.0,0.0,0.0,0.0,0.0,0.0,0.0,0.0,0.0,0.0,0.0,0.0,0.0,0.0,0.0,0.0,0.0,0.0,0.0,0.0,0.0,0.0,0.0,18356.02,0.0,0.0,0.0,0.0,0.0,0.0,0.0,0.0,0.0,0.0,0.0,0.0,0.0,0.0,0.0,0.0,0.0,0.0,0.0,0.0,0.0,0.0,0.0,0.0,0.0,0.0,0.0,0.0,0.0,0.0,314314.66610000003,2698124693
2008-11-24,0.0,18350.1905,0.0,0.0,0.0,0.0,0.0,0.0,0.0,0.0,0.0,0.0,0.0,0.0,0.0,74.7064,0.0,0.0,0.0,0.0,0.0,0.0,0.0,0.0,0.0,0.0,18357.7918,0.0,0.0,0.0,0.0,0.0,0.0,0.0,0.0,0.0,0.0,0.0,0.0,0.0,0.0,18328.8825,0.0,0.0,18355.22,0.0,0.0,0.0,0.0,18357.051,0.0,0.0,0.0,0.0,0.0,18347.9868,0.0,0.0,0.0,0.0,0.0,0.0,441.6161,0.0,0.0,0.0,0.0,0.0,256269.99430000002,2698124693
2008-12-22,18710.1872,18710.7072,0.0,14.0466,0.0,0.0,0.0,0.0,18682.16,0.0,0.0,0.0,0.0,0.0,0.0,0.0,0.0,0.0,0.0,0.0,0.0,15469.4553,18709.64,0.0,0.0,0.0,0.0,0.0,0.0,0.0,18710.7765,0.0,0.0,0.0,0.0,18712.098,0.0,0.0,18704.521999999997,0.0,18706.288500000002,18706.338,0.0,0.0,18705.078400000002,18701.0472,0.0,0.0,0.0,18711.64,0.0,0.0,0.0,0.0,0.0,0.0,0.0,0.0,18704.872000000003,0.0,0.0,0.0,0.0,0.0,0.0,0.0,0.0,0.0,115072.19860000003,2698124693
2009-01-19,0.0,0.0,0.0,0.0,0.0,0.0,0.0,0.0,0.0,0.0,9207.0504,0.0,0.0,0.0,0.0,0.0,0.0,0.0,0.0,0.0,0.0,0.0,0.0,0.0,0.0,0.0,0.0,0.0,0.0,0.0,0.0,0.0,0.0,0.0,18293.334,18285.8068,0.0,0.0,0.0,0.0,0.0,0.0,0.0,0.0,0.0,0.0,0.0,0.0,0.0,0.0,0.0,0.0,0.0,0.0,0.0,0.0,0.0,0.0,0.0,0.0,9.78,0.0,0.0,0.0,0.0,0.0,0.0,11296.187199999998,308295.71940000006,2698124693
2009-02-16,18309.5157,8107.8175,0.0,0.0,0.0,0.0,0.0,0.0,0.0,0.0,0.0,0.0,0.0,0.0,0.0,0.0,0.0,0.0,0.0,0.0,0.0,0.0,18310.059999999998,0.0,0.0,0.0,0.0,0.0,0.0,0.0,0.0,0.0,0.0,0.0,0.0,0.0,0.0,0.0,23.8382,0.0,0.0,0.0,0.0,0.0,0.0,0.0,0.0,0.0,0.0,0.0,0.0,0.0,0.0,0.0,0.0,0.0,0.0,0.0,0.0,0.0,0.0,0.0,0.0,0.0,0.0,0.0,0.0,0.0,321251.6476,2698124693
2009-03-16,0.0,0.0,0.0,17839.182,0.0,0.0,0.0,0.0,0.0,0.0,0.0,0.0,17989.338,0.0,0.0,0.0,0.0,0.0,0.0,0.0,0.0,0.0,0.0,0.0,17992.8504,0.0,0.0,0.0,0.0,0.0,0.0,0.0,0.0,0.0,0.0,17993.4018,0.0,0.0,17991.7258,0.0,0.0,0.0,0.0,0.0,0.0,0.0,0.0,0.0,0.0,0.0,0.0,0.0,0.0,0.0,17971.5456,0.0,0.0,0.0,0.0,0.0,39.12,0.0,0.0,4306.9672,0.0,0.0,0.0,0.0,247497.03730000005,2698124693
2009-04-13,18827.9455,0.0,0.0,18829.4673,0.0,11.22,18803.19,0.0,18800.64,0.0,18833.465200000002,0.0,0.0,18811.183399999998,0.0,0.0,0.0,0.0,0.0,0.0,0.0,18818.5962,0.0,18824.5704,18828.26,0.0,0.0,4974.5025000000005,0.0,0.0,18830.2428,0.0,0.0,0.0,18819.842,18821.5412,0.0,41.5608,0.0,9747.724,18831.2933,18831.0088,0.0,0.0,17753.4076,18832.6204,0.0,0.0,0.0,0.0,0.0,0.0,0.0,0.0,0.0,0.0,0.0,0.0,0.0,0.0,0.0,0.0,0.0,0.0,18833.2163,18831.5064,0.0,18830.4914,4588.958800000062,2698124693
2009-05-11,19357.9141,0.0,0.0,19356.214799999998,0.0,19354.5,19237.79,0.0,0.0,0.0,19360.202400000002,19360.524299999997,0.0,0.0,0.0,19354.8927,0.0,0.0,0.0,0.0,0.0,19347.1023,0.0,0.0,84.7645,0.0,0.0,0.0,0.0,0.0,19359.7824,0.0,9937.984,0.0,0.0,19339.0186,0.0,19353.4792,19355.2108,0.0,0.0,9392.344000000001,0.0,0.0,0.0,0.0,0.0,0.0,0.0,0.0,0.0,0.0,0.0,0.0,19333.857500000002,19350.168700000002,0.0,0.0,0.0,0.0,0.0,0.0,0.0,0.0,19357.9848,0.0,19353.1959,19328.1828,38202.36920000009,2698124693
2009-06-08,19856.696,0.0,0.0,19861.8924,0.0,0.0,0.0,0.0,0.0,0.0,10291.008,0.0,19854.64,19841.2463,0.0,19853.5966,0.0,0.0,0.0,0.0,0.0,0.0,0.0,0.0,0.0,0.0,0.0,19854.81,0.0,0.0,0.0,0.0,19850.742000000002,0.0,19832.441,0.0,0.0,19852.2088,0.0,0.0,19851.4425,19861.0944,0.0,0.0,0.0,0.0,19852.3566,0.0,0.0,0.0,0.0,0.0,0.0,0.0,0.0,19861.6824,0.0,0.0,0.0,0.0,0.0,0.0,19862.5977,19856.9304,19858.4888,0.0,0.0,19826.352,48722.30790000008,2698124693
2009-07-06,19316.71,0.0,0.0,19314.075,0.0,0.0,0.0,0.0,0.0,0.0,0.0,0.0,19311.083199999997,0.0,0.0,0.0,0.0,0.0,0.0,0.0,0.0,0.0,0.0,0.0,0.0,0.0,0.0,15565.6595,0.0,0.0,0.0,0.0,19307.2704,0.0,19313.22,0.0,0.0,19311.9184,0.0,0.0,0.0,19314.0736,0.0,0.0,0.0,0.0,16287.4536,0.0,0.0,0.0,0.0,0.0,0.0,0.0,0.0,19311.0995,0.0,0.0,0.0,0.0,0.0,0.0,19308.048899999998,19317.76,0.0,0.0,0.0,19294.6294,141536.2518000001,2698124693
2009-08-03,0.0,58.254599999999996,0.0,20234.1273,0.0,20229.66,0.0,20232.4883,0.0,0.0,20232.9027,0.0,20210.9892,0.0,0.0,20195.728,0.0,0.0,0.0,0.0,0.0,0.0,0.0,0.0,0.0,0.0,0.0,20205.113999999998,0.0,0.0,0.0,0.0,0.0,0.0,0.0,0.0,0.0,20226.256,0.0,0.0,0.0,20217.767,0.0,0.0,12874.0458,0.0,17249.7674,0.0,0.0,0.0,0.0,0.0,0.0,0.0,0.0,0.0,0.0,0.0,20207.7234,0.0,9.78,0.0,10167.3702,20171.6585,9.8286,0.0,0.0,0.0,141325.26610000012,2698124693
2009-08-31,20454.092699999997,20443.099199999997,0.0,20451.8496,0.0,20454.06,20320.5,20454.2946,0.0,0.0,20453.791400000002,5.4938,20448.2556,10517.927599999999,0.0,20445.541999999998,0.0,0.0,0.0,0.0,0.0,0.0,0.0,0.0,0.0,0.0,0.0,20451.6216,0.0,0.0,0.0,0.0,19765.83,0.0,20429.4576,0.0,0.0,20447.9136,19.25,15118.4697,20452.306399999998,16170.9516,0.0,0.0,0.0,0.0,0.0,0.0,0.0,0.0,0.0,0.0,0.0,0.0,0.0,20443.8504,0.0,0.0,20441.9768,0.0,0.0,0.0,20442.0468,20448.1046,0.0,0.0,0.0,0.0,-808.5458999999228,2698124693
2009-09-28,0.0,21004.085,0.0,20999.667,0.0,21003.84,20987.190000000002,21002.316600000002,0.0,0.0,21002.8341,0.0,20986.0812,20980.5225,0.0,0.0,0.0,0.0,0.0,0.0,20977.749,0.0,0.0,0.0,0.0,0.0,0.0,20994.3711,0.0,21000.1863,0.0,0.0,0.0,0.0,20992.8018,0.0,0.0,4003.6904,0.0,20995.1952,20995.6146,0.0,0.0,0.0,0.0,0.0,20989.770800000002,0.0,0.0,21004.3476,0.0,0.0,0.0,0.0,0.0,0.0,0.0,0.0,0.0,0.0,0.0,0.0,0.0,21001.4904,0.0,0.0,0.0,21004.1244,37390.6785000001,2698124693
2009-10-26,0.0,0.0,0.0,21456.1815,0.0,21452.64,21443.760000000002,21458.6211,0.0,0.0,21456.2144,0.0,21453.3473,21450.1875,0.0,0.0,0.0,0.0,0.0,0.0,21448.752,0.0,0.0,0.0,21388.4688,0.0,0.0,0.0,0.0,17982.2935,0.0,0.0,0.0,0.0,21442.5016,0.0,0.0,21459.2264,0.0,21461.2282,0.0,21454.6608,0.0,0.0,0.0,0.0,21422.702400000002,0.0,0.0,20965.176000000003,0.0,0.0,0.0,0.0,0.0,0.0,0.0,0.0,0.0,0.0,0.0,0.0,0.0,21453.0896,0.0,0.0,0.0,21429.3887,46633.35200000004,2698124693
2009-11-23,19776.7885,0.0,0.0,22011.0222,0.0,0.0,22011.769999999997,22006.929,21947.2,0.0,0.0,6.4187,0.0,21978.624,0.0,0.0,0.0,0.0,0.0,0.0,21992.217,21996.3573,0.0,0.0,22009.617,0.0,0.0,0.0,0.0,22014.505,0.0,0.0,0.0,0.0,21980.2572,12926.677500000002,0.0,22013.3704,11594.9127,22012.4688,0.0,0.0,0.0,0.0,0.0,0.0,21984.8904,0.0,0.0,22013.1583,0.0,0.0,0.0,0.0,0.0,22002.399899999997,0.0,0.0,0.0,0.0,0.0,0.0,22013.0012,0.0,22014.915,0.0,0.0,21992.843399999998,-732.1353999999865,2698124693
2009-12-21,13884.849199999999,22226.9208,0.0,22228.7445,0.0,22226.82,22173.280000000002,22226.8888,0.0,0.0,0.0,35.277,22222.305,13189.789799999999,0.0,0.0,0.0,0.0,0.0,0.0,0.0,0.0,0.0,0.0,0.0,0.0,0.0,22227.9771,0.0,22228.9263,0.0,0.0,0.0,0.0,22220.946,0.0,0.0,22221.1744,0.0,22211.6065,17594.4978,22227.2232,0.0,0.0,0.0,0.0,22205.6688,0.0,0.0,22214.736,0.0,0.0,0.0,0.0,0.0,22212.675,0.0,0.0,0.0,0.0,0.0,0.0,22211.645800000002,22222.749499999998,0.0,0.0,0.0,22214.8868,-742.7320999998938,2698124693
2010-01-18,22373.2862,0.0,0.0,22376.233799999998,0.0,22372.68,22331.52,22371.523299999997,0.0,0.0,0.0,0.0,22375.4778,22374.3735,0.0,0.0,0.0,0.0,0.0,22372.16,22354.527000000002,0.0,0.0,0.0,8775.4056,0.0,0.0,22374.1136,0.0,22376.428200000002,0.0,0.0,0.0,0.0,22344.2017,0.0,0.0,22373.564,13795.715699999999,22367.0321,0.0,0.0,0.0,0.0,0.0,0.0,22347.703999999998,0.0,0.0,22372.7469,0.0,0.0,0.0,0.0,0.0,0.0,0.0,0.0,0.0,0.0,0.0,0.0,22364.5928,22364.7446,0.0,0.0,0.0,22371.881,-727.3442999998297,2698124693
2010-02-15,21751.7265,0.0,0.0,21751.1601,0.0,0.0,0.0,21751.3608,21685.800000000003,0.0,0.0,21752.9264,25.7834,10535.45,0.0,21740.1485,0.0,0.0,0.0,21746.3652,21738.600000000002,0.0,0.0,0.0,21744.3526,0.0,0.0,0.0,0.0,21754.6128,21744.958499999997,0.0,11540.6848,0.0,0.0,21738.864,0.0,21750.152000000002,21750.08,0.0,0.0,0.0,0.0,0.0,0.0,0.0,21747.0363,0.0,0.0,20372.664,0.0,0.0,0.0,0.0,0.0,0.0,0.0,0.0,0.0,0.0,0.0,0.0,0.0,0.0,0.0,0.0,0.0,0.0,65727.17640000017,2698124693
2010-03-15,23474.9664,0.0,0.0,23471.868599999998,0.0,0.0,0.0,23476.137600000002,0.0,0.0,0.0,23475.972,0.0,22985.8698,0.0,0.0,0.0,0.0,0.0,23472.8753,9383.829,0.0,0.0,0.0,23475.4093,0.0,0.0,0.0,0.0,23476.5602,23473.3952,0.0,0.0,0.0,0.0,0.0,0.0,23467.9984,23476.887000000002,0.0,0.0,0.0,0.0,0.0,0.0,0.0,0.0,0.0,0.0,23469.000799999998,0.0,0.0,0.0,0.0,0.0,23457.125,0.0,0.0,0.0,0.0,0.0,0.0,0.0,0.0,0.0,0.0,0.0,0.0,154867.8821000002,2698124693
2010-04-12,24056.565,0.0,0.0,24061.8258,0.0,0.0,0.0,24064.0965,0.0,0.0,0.0,0.0,0.0,10296.6,0.0,0.0,0.0,0.0,0.0,24060.0206,0.0,0.0,0.0,0.0,24047.6461,0.0,0.0,0.0,0.0,24059.986500000003,24048.2754,0.0,0.0,0.0,0.0,0.0,0.0,24063.7032,24063.560999999998,0.0,0.0,0.0,0.0,0.0,0.0,0.0,0.0,0.0,0.0,24053.287500000002,0.0,0.0,0.0,0.0,0.0,24051.0468,0.0,0.0,0.0,0.0,0.0,0.0,0.0,0.0,22595.790999999997,0.0,0.0,0.0,183251.49090000027,2698124693
2010-05-10,23893.3096,0.0,0.0,23900.2899,0.0,0.0,23809.5,23899.1716,0.0,0.0,23890.41,23.434,23893.5618,23880.1002,0.0,10145.5457,0.0,0.0,0.0,23901.924000000003,0.0,0.0,0.0,4869.7776,9668.484,0.0,0.0,23902.371,0.0,23898.078,0.0,0.0,0.0,0.0,23277.830400000003,0.0,0.0,23897.46,23899.099199999997,23889.104900000002,0.0,0.0,0.0,0.0,0.0,0.0,0.0,0.0,0.0,23890.172599999998,0.0,0.0,0.0,0.0,23895.6656,23901.3996,0.0,0.0,0.0,0.0,0.0,0.0,23896.6008,23896.329,0.0,0.0,0.0,0.0,-662.104799999759,2698124693
2010-06-07,0.0,0.0,0.0,0.0,0.0,0.0,0.0,0.0,0.0,0.0,0.0,0.0,0.0,0.0,0.0,0.0,0.0,0.0,0.0,22434.9856,0.0,0.0,0.0,0.0,0.0,0.0,0.0,0.0,0.0,0.0,0.0,0.0,0.0,0.0,0.0,0.0,0.0,0.0,0.0,0.0,0.0,0.0,0.0,0.0,0.0,0.0,0.0,0.0,0.0,0.0,0.0,0.0,0.0,0.0,13508.9152,0.0,0.0,0.0,0.0,0.0,0.0,0.0,0.0,0.0,0.0,0.0,0.0,0.0,412232.4488000002,2698124693
2010-07-05,11539.239899999999,0.0,0.0,22397.3037,0.0,22395.120000000003,22231.14,22394.990999999998,9809.48,0.0,22388.358799999998,0.0,22398.585,22398.2097,0.0,0.0,0.0,0.0,0.0,0.0,0.0,0.0,0.0,0.0,22400.4732,0.0,0.0,22390.9114,0.0,22397.2296,0.0,0.0,0.0,0.0,22383.3176,0.0,0.0,22387.4176,0.0,22391.808,22397.862999999998,22392.2656,0.0,0.0,22395.951,0.0,0.0,0.0,0.0,22395.6898,0.0,0.0,0.0,0.0,22388.4013,22378.56,0.0,0.0,0.0,0.0,19.56,0.0,0.0,1285.2357,0.0,0.0,0.0,0.0,-545.2774999998037,2698124693
2010-08-02,21152.8625,0.0,0.0,23907.3132,0.0,23898.600000000002,23727.2,23901.3268,0.0,0.0,23897.342699999997,10.4818,23878.525999999998,23881.6529,0.0,0.0,0.0,0.0,0.0,0.0,36.231,0.0,0.0,0.0,23901.431099999998,0.0,0.0,23901.224000000002,0.0,23908.768,0.0,0.0,0.0,0.0,23865.2216,0.0,0.0,23897.46,2950.4589,23891.358,23902.1604,23906.704,0.0,0.0,0.0,0.0,0.0,0.0,0.0,23897.592,0.0,0.0,0.0,0.0,14.5306,23894.6667,0.0,0.0,0.0,0.0,0.0,0.0,23889.7098,23897.3051,0.0,0.0,0.0,0.0,-648.7522999997791,2698124693
2010-08-30,16155.714399999999,23721.448500000002,0.0,23724.7074,0.0,23719.08,23635.36,23716.2495,10204.900000000001,0.0,0.0,0.0,23711.9152,23724.099299999998,0.0,0.0,0.0,0.0,0.0,0.0,0.0,0.0,0.0,0.0,23717.299600000002,0.0,0.0,23717.9994,0.0,23723.8466,0.0,0.0,0.0,0.0,23676.597999999998,0.0,0.0,23717.3632,23721.1736,23726.712,23718.368300000002,21323.723400000003,0.0,0.0,0.0,0.0,0.0,0.0,0.0,23722.729900000002,0.0,0.0,0.0,0.0,23723.3073,23708.464,0.0,0.0,0.0,0.0,0.0,0.0,0.0,0.0,11.0742,0.0,0.0,0.0,-757.9608999996535,2698124693
2010-09-27,25245.198,0.0,0.0,25248.7635,0.0,0.0,0.0,25249.6116,7541.17,0.0,25246.874799999998,7048.068,0.0,25231.3992,0.0,25235.2474,0.0,0.0,0.0,0.0,25216.776,0.0,0.0,0.0,25232.0703,0.0,0.0,322.049,0.0,25248.5415,25238.441799999997,0.0,25226.7582,0.0,0.0,24920.8022,0.0,25241.2592,0.0,0.0,0.0,0.0,0.0,0.0,0.0,0.0,25249.9935,0.0,0.0,20304.911099999998,0.0,0.0,0.0,0.0,0.0,0.0,0.0,0.0,25235.083000000002,0.0,0.0,0.0,0.0,0.0,25240.910799999998,0.0,0.0,0.0,65422.32160000042,2698124693
2010-10-25,25850.432,0.0,25855.3472,25852.7673,0.0,0.0,0.0,25849.788,0.0,0.0,0.0,25855.3134,0.0,0.0,0.0,25833.4839,0.0,0.0,0.0,25852.895999999997,0.0,24.5621,0.0,0.0,0.0,0.0,0.0,0.0,0.0,25850.8224,25847.8374,0.0,25856.2928,0.0,0.0,0.0,0.0,25850.8176,0.0,0.0,0.0,0.0,0.0,0.0,12317.872,0.0,0.0,0.0,0.0,0.0,0.0,0.0,0.0,0.0,0.0,0.0,0.0,0.0,0.0,0.0,283.62,0.0,0.0,0.0,25854.3649,0.0,0.0,0.0,193582.93500000046,2698124693
2010-11-22,26506.990999999998,0.0,26516.3049,26512.9575,0.0,0.0,0.0,26512.490400000002,0.0,0.0,0.0,26515.914,0.0,0.0,0.0,26477.062199999997,0.0,0.0,0.0,26514.839999999997,0.0,0.0,0.0,0.0,0.0,0.0,0.0,0.0,0.0,26514.9731,26505.9405,0.0,26499.4441,12609.0672,0.0,0.0,0.0,26515.7904,0.0,0.0,0.0,0.0,0.0,0.0,0.0,0.0,0.0,0.0,0.0,0.0,0.0,0.0,0.0,0.0,0.0,0.0,0.0,0.0,0.0,0.0,0.0,0.0,0.0,0.0,26512.612,0.0,26392.7136,0.0,172677.02020000046,2698124693
2010-12-20,0.0,0.0,27232.306600000004,27229.3341,0.0,0.0,27004.23,27232.104900000002,26576.379999999997,0.0,19768.9885,27229.104000000003,0.0,27214.5688,0.0,0.0,27228.75,0.0,0.0,27234.9,0.0,0.0,27227.460000000003,0.0,0.0,0.0,0.0,27233.308,0.0,27234.788,0.0,0.0,0.0,0.0,27227.728,0.0,0.0,27222.324,0.0,0.0,0.0,0.0,0.0,0.0,0.0,0.0,27188.353199999998,0.0,0.0,27233.3842,0.0,0.0,0.0,0.0,588.6478000000001,0.0,0.0,0.0,0.0,0.0,0.0,0.0,27210.272999999997,27233.590799999998,0.0,27233.307,7561.1274,0.0,-359.5274999996209,2698124693
2011-01-17,27840.6774,0.0,22231.236,26232.0255,0.0,27836.820000000003,7073.360000000001,27844.0477,0.0,0.0,0.0,27840.2601,27838.2,27810.6666,0.0,0.0,27838.08,0.0,0.0,27842.754800000002,0.0,0.0,27844.100000000002,0.0,27841.811400000002,0.0,0.0,0.0,0.0,27843.700100000002,0.0,0.0,0.0,0.0,0.0,27835.8052,0.0,0.0,27839.690400000003,0.0,0.0,0.0,0.0,0.0,0.0,27835.7312,27837.9893,0.0,0.0,0.0,0.0,0.0,0.0,0.0,0.0,27833.3,0.0,0.0,0.0,0.0,0.0,0.0,27834.1866,27840.712199999998,0.0,251.18099999999998,0.0,0.0,-807.6478999995697,2698124693
2011-02-14,29117.9772,0.0,29120.954,29118.6018,0.0,0.0,28951.02,29107.1144,0.0,0.0,0.0,29115.6528,29091.1216,0.0,0.0,0.0,29120.16,0.0,0.0,28073.9916,0.0,0.0,0.0,13.0908,0.0,0.0,0.0,0.0,0.0,29119.339,8173.1178,0.0,72.7056,0.0,29101.0194,27132.952,0.0,29120.267200000002,29111.634000000002,0.0,0.0,0.0,0.0,0.0,0.0,29120.1528,24123.255,0.0,0.0,29117.0512,0.0,0.0,0.0,0.0,29116.387199999997,0.0,0.0,0.0,0.0,0.0,0.0,0.0,29120.286,0.0,0.0,29116.7946,0.0,0.0,-793.7019999996055,2698124693
2011-03-14,28574.29,0.0,28578.6655,28577.8077,0.0,0.0,0.0,28580.751,0.0,0.0,0.0,28578.7379,28556.1956,28560.755999999998,0.0,28538.3049,28578.550000000003,0.0,0.0,28575.702,28550.028000000002,24935.5332,0.0,0.0,28559.737,0.0,0.0,0.0,0.0,28578.2775,28576.743300000002,0.0,4042.847,0.0,0.0,28547.1872,0.0,28579.9768,28345.564000000002,0.0,0.0,0.0,0.0,0.0,0.0,28578.255299999997,28581.4872,0.0,0.0,0.0,0.0,0.0,0.0,0.0,0.0,0.0,0.0,0.0,0.0,0.0,0.0,0.0,0.0,0.0,0.0,14.3876,0.0,0.0,-758.7999999995845,2698124693
2011-04-11,21952.304,0.0,29539.402199999997,29539.999799999998,0.0,0.0,0.0,29539.2428,29531.34,0.0,0.0,29544.2798,0.0,0.0,0.0,29514.9394,29538.96,0.0,0.0,29537.6401,29528.265000000003,25376.690899999998,0.0,0.0,0.0,0.0,0.0,0.0,0.0,29541.4752,29538.408900000002,0.0,0.0,0.0,0.0,29525.4296,0.0,29535.8752,0.0,0.0,0.0,0.0,0.0,0.0,0.0,29542.325399999998,29519.8725,0.0,0.0,0.0,0.0,0.0,0.0,0.0,29533.104000000003,0.0,0.0,0.0,0.0,0.0,0.0,0.0,0.0,0.0,29537.568,0.0,0.0,0.0,40848.21510000051,2698124693
2011-05-09,30061.7867,0.0,30070.836400000004,30065.815499999997,0.0,0.0,29887.199999999997,30068.370600000002,29627.91,0.0,0.0,30069.5928,0.0,20519.03,0.0,14025.104599999999,30070.239999999998,0.0,0.0,30071.134,30071.73,26332.030199999997,0.0,0.0,0.0,0.0,0.0,0.0,0.0,30066.282399999996,30070.0232,0.0,0.0,0.0,0.0,30038.3253,0.0,30062.312,30064.0192,0.0,0.0,0.0,0.0,0.0,0.0,0.0,30056.1906,0.0,0.0,0.0,0.0,0.0,0.0,0.0,30048.157199999998,0.0,0.0,0.0,0.0,0.0,0.0,0.0,0.0,0.0,30059.2719,0.0,0.0,0.0,-591.1887999994979,2698124693
2011-06-06,0.0,28563.3,28573.7841,28575.9381,0.0,0.0,0.0,28572.3173,0.0,0.0,0.0,28576.6,0.0,0.0,0.0,28549.028599999998,0.0,0.0,0.0,28571.03,0.0,26400.235500000003,0.0,28433.2176,0.0,0.0,0.0,0.0,0.0,28570.4802,28556.4531,0.0,28025.0383,0.0,0.0,28531.4186,0.0,28566.1232,0.0,0.0,0.0,0.0,0.0,0.0,25545.525700000002,28564.2774,0.0,0.0,0.0,0.0,0.0,0.0,0.0,0.0,0.0,0.0,0.0,0.0,0.0,0.0,0.0,0.0,0.0,0.0,28570.859999999997,0.0,0.0,28574.028000000002,62549.66160000052,2698124693
2011-07-04,29421.5532,0.0,29428.998,0.0,0.0,0.0,29166.760000000002,29426.796,27175.32,0.0,29428.9614,29428.770000000004,29428.243,0.0,0.0,29411.5426,0.0,0.0,0.0,0.0,0.0,0.0,29426.53,0.0,29430.5256,0.0,20076.8892,0.0,0.0,0.0,29425.681800000002,0.0,0.0,0.0,29371.446000000004,0.0,0.0,29425.0464,0.0,0.0,29422.042800000003,5072.84,0.0,0.0,0.0,6982.1796,0.0,0.0,0.0,29422.9884,0.0,0.0,0.0,0.0,0.0,29417.192,0.0,0.0,0.0,0.0,0.0,0.0,29412.808,0.0,29417.324999999997,7.3649,0.0,0.0,-797.8168999994732,2698124693
2011-08-01,28349.6796,0.0,0.0,0.0,0.0,28352.940000000002,17781.75,28353.194,0.0,0.0,0.0,0.0,0.0,0.0,0.0,0.0,0.0,0.0,0.0,28354.0293,0.0,28332.3415,0.0,0.0,0.0,0.0,28355.5926,0.0,0.0,0.0,23.3632,0.0,0.0,0.0,0.0,0.0,0.0,28344.96,0.0,0.0,0.0,0.0,0.0,0.0,0.0,0.0,0.0,0.0,0.0,0.0,0.0,0.0,0.0,0.0,0.0,0.0,0.0,0.0,6322.9039,0.0,0.0,0.0,0.0,0.0,16.0439,0.0,0.0,44.9658,343743.5596000006,2698124693
2011-08-29,0.0,0.0,0.0,0.0,0.0,22.44,27028.32,0.0,0.0,0.0,0.0,0.0,27301.29,19785.2382,0.0,0.0,0.0,0.0,0.0,0.0,0.0,0.0,0.0,0.0,0.0,0.0,0.0,0.0,0.0,0.0,0.0,0.0,0.0,0.0,0.0,0.0,0.0,0.0,0.0,0.0,27291.638000000003,27304.0128,0.0,0.0,0.0,0.0,27246.4662,0.0,0.0,0.0,0.0,0.0,0.0,0.0,0.0,0.0,0.0,0.0,0.0,0.0,0.0,0.0,27299.3244,105.996,27300.568499999998,0.0,0.0,0.0,334841.4595000005,2698124693
2011-09-26,98.4537,0.0,0.0,0.0,0.0,0.0,0.0,0.0,0.0,0.0,0.0,0.0,0.0,0.0,0.0,0.0,0.0,0.0,0.0,27205.440000000002,0.0,0.0,0.0,0.0,0.0,0.0,0.0,0.0,0.0,0.0,27191.067199999998,0.0,0.0,0.0,0.0,0.0,0.0,0.0,0.0,0.0,0.0,0.0,0.0,0.0,0.0,0.0,0.0,0.0,0.0,0.0,0.0,0.0,0.0,0.0,0.0,0.0,0.0,0.0,0.0,0.0,0.0,6598.8,0.0,0.0,0.0,0.0,0.0,0.0,482755.8890000006,2698124693
2011-10-24,0.0,0.0,27420.717999999997,0.0,0.0,0.0,0.0,0.0,27420.199999999997,0.0,27376.8243,27419.071,0.0,1958.9088,0.0,0.0,27421.7,0.0,0.0,0.0,0.0,0.0,27423.84,13.0908,27418.0292,0.0,27421.2792,0.0,0.0,27418.858,14067.836099999999,0.0,0.0,0.0,0.0,0.0,0.0,27415.4391,27421.918,27407.386400000003,0.0,0.0,0.0,0.0,0.0,0.0,0.0,0.0,0.0,0.0,0.0,0.0,0.0,0.0,0.0,0.0,0.0,0.0,0.0,27398.358,0.0,0.0,0.0,27424.6343,0.0,27422.208000000002,0.0,0.0,120642.02440000064,2698124693
2011-11-21,26014.7388,0.0,0.0,0.0,0.0,0.0,0.0,0.0,0.0,0.0,0.0,0.0,0.0,0.0,0.0,0.0,0.0,0.0,0.0,0.0,0.0,0.0,0.0,0.0,8624.914200000001,0.0,0.0,0.0,0.0,0.0,26012.4837,0.0,0.0,0.0,0.0,0.0,0.0,0.0,0.0,0.0,0.0,0.0,26022.852,0.0,0.0,0.0,0.0,0.0,0.0,0.0,0.0,0.0,0.0,0.0,0.0,0.0,0.0,0.0,0.0,0.0,19.56,0.0,0.0,21156.586199999998,26022.694399999997,0.0,0.0,0.0,386044.16540000064,2698124693
2011-12-19,26191.0383,0.0,0.0,0.0,0.0,0.0,0.0,26193.452,25914.000000000004,0.0,0.0,0.0,0.0,0.0,0.0,26176.462,0.0,0.0,0.0,26191.2114,9854.832,0.0,0.0,0.0,0.0,0.0,0.0,0.0,0.0,0.0,26182.2624,0.0,26168.648,26193.9002,0.0,0.0,0.0,0.0,26192.727600000002,0.0,0.0,0.0,26191.882500000003,0.0,0.0,0.0,26111.761199999997,0.0,0.0,0.0,0.0,0.0,0.0,0.0,0.0,0.0,0.0,0.0,0.0,0.0,0.0,0.0,0.0,0.0,16586.705,0.0,0.0,26158.13,183109.28800000067,2698124693
2012-01-16,26889.84,0.0,26888.355900000002,0.0,0.0,0.0,0.0,26880.5427,0.0,0.0,0.0,0.0,0.0,0.0,0.0,26841.2919,0.0,0.0,0.0,26885.0197,0.0,7478.8035,0.0,0.0,0.0,0.0,22.515,13986.0512,0.0,0.0,26868.195,0.0,26879.250399999997,26889.508800000003,0.0,0.0,0.0,26887.035,0.0,0.0,0.0,0.0,26879.04,0.0,0.0,0.0,0.0,0.0,0.0,0.0,0.0,0.0,0.0,0.0,79.8228,0.0,0.0,0.0,0.0,0.0,0.0,0.0,0.0,0.0,0.0,0.0,0.0,26849.6431,219972.60100000066,2698124693
2012-02-13,28047.1712,0.0,28055.1628,0.0,0.0,0.0,0.0,28056.177,0.0,0.0,0.0,28052.4813,0.0,0.0,0.0,28043.5496,0.0,0.0,0.0,28053.268799999998,0.0,0.0,0.0,0.0,0.0,0.0,0.0,0.0,0.0,28057.7472,28049.790999999997,0.0,1062.4735,28005.646,0.0,0.0,0.0,28054.9088,0.0,0.0,0.0,0.0,28054.2272,0.0,0.0,0.0,27796.169400000002,0.0,0.0,0.0,0.0,0.0,0.0,0.0,0.0,0.0,0.0,0.0,0.0,0.0,0.0,0.0,0.0,0.0,0.0,0.0,0.0,28015.5426,195160.1748000007,2698124693
2012-03-12,28017.3768,0.0,28022.3917,0.0,0.0,0.0,0.0,28014.308,27998.08,0.0,0.0,27375.391,0.0,0.0,0.0,27981.9188,0.0,0.0,0.0,28024.809999999998,28006.563000000002,27987.852899999998,0.0,0.0,0.0,0.0,0.0,0.0,0.0,28022.869599999998,28025.3764,0.0,0.0,0.0,0.0,0.0,0.0,28016.833000000002,0.0,0.0,0.0,0.0,28020.667999999998,0.0,0.0,0.0,27965.755999999998,0.0,0.0,0.0,5.8255,0.0,0.0,0.0,0.0,0.0,0.0,0.0,0.0,0.0,0.0,28010.26,0.0,0.0,0.0,0.0,0.0,27996.9622,112407.04330000066,2698124693
2012-04-09,0.0,0.0,28081.903599999998,0.0,0.0,0.0,0.0,28077.115,28075.52,0.0,0.0,28082.817,28079.6326,0.0,0.0,28073.222400000002,0.0,0.0,0.0,28078.9656,28079.025,28066.4512,0.0,0.0,0.0,0.0,0.0,0.0,0.0,28081.05,28054.558399999998,0.0,0.0,25666.8891,0.0,0.0,0.0,28080.031,0.0,0.0,0.0,0.0,28082.656,0.0,0.0,0.0,27931.9358,0.0,0.0,0.0,0.0,0.0,0.0,0.0,0.0,0.0,0.0,0.0,0.0,0.0,0.0,28048.96,0.0,0.0,0.0,0.0,0.0,28077.600599999998,86388.93230000067,2698124693
2012-05-07,28374.867,24178.538200000003,28379.823999999997,28383.278000000002,0.0,0.0,0.0,28356.6371,0.0,0.0,0.0,0.0,0.0,28359.1152,0.0,28373.2472,0.0,0.0,0.0,0.0,28368.873,0.0,0.0,0.0,0.0,0.0,0.0,28370.785200000002,0.0,28383.684999999998,28362.4338,0.0,0.0,28373.8589,0.0,0.0,0.0,28375.5294,10086.15,0.0,0.0,0.0,28383.384599999998,0.0,0.0,0.0,0.0,0.0,0.0,0.0,0.0,0.0,0.0,0.0,0.0,0.0,0.0,0.0,0.0,0.0,0.0,0.0,0.0,0.0,28383.692400000004,0.0,0.0,28375.6256,107138.31540000066,2698124693
2012-06-04,0.0,26852.9887,26860.4787,0.0,0.0,26860.68,26767.0,26848.113699999998,26794.56,0.0,0.0,0.0,0.0,0.0,0.0,0.0,0.0,0.0,0.0,0.0,3478.1760000000004,0.0,0.0,0.0,0.0,0.0,0.0,26856.524,0.0,0.0,0.0,0.0,26845.7472,26820.989,26791.388,0.0,0.0,0.0,24409.1198,26848.3334,26861.1649,26848.2717,0.0,0.0,26857.826399999998,0.0,0.0,0.0,0.0,0.0,0.0,0.0,26855.487999999998,0.0,0.0,0.0,0.0,0.0,0.0,0.0,0.0,26253.5,0.0,26856.4086,26846.002500000002,0.0,0.0,26862.912,-788.7920999993671,2698124693
2012-07-02,0.0,0.0,28251.2944,28250.999999999996,0.0,0.0,0.0,28232.16,0.0,0.0,0.0,28249.799300000002,0.0,0.0,0.0,28253.203999999998,0.0,0.0,0.0,0.0,28223.949,0.0,0.0,26.1816,0.0,0.0,0.0,5118.2719,0.0,28251.1505,28232.569499999998,0.0,0.0,28200.6795,0.0,28228.990499999996,28240.62,28255.588499999998,0.0,0.0,0.0,0.0,0.0,0.0,0.0,0.0,28238.4447,0.0,0.0,0.0,0.0,0.0,0.0,0.0,28251.3616,0.0,21.0872,0.0,0.0,0.0,0.0,28224.48,0.0,0.0,0.0,0.0,0.0,28219.4481,107240.26720000077,2698124693
2012-07-30,0.0,0.0,28829.6224,28824.6976,0.0,0.0,0.0,28810.9675,0.0,20.8595,0.0,28829.8426,0.0,0.0,0.0,28811.197799999998,0.0,0.0,0.0,0.0,0.0,0.0,0.0,0.0,0.0,0.0,0.0,0.0,0.0,28822.956,28821.769500000002,0.0,0.0,0.0,0.0,0.0,0.0,28826.932999999997,0.0,0.0,0.0,0.0,28826.9175,0.0,0.0,0.0,0.0,0.0,0.0,0.0,0.0,0.0,0.0,0.0,28828.1433,0.0,0.0,0.0,0.0,0.0,0.0,0.0,0.0,0.0,0.0,0.0,0.0,5070.67,282672.0340000008,2698124693
2012-08-27,0.0,0.0,28950.033000000003,28951.0663,0.0,0.0,0.0,28949.813199999997,28783.17,0.0,0.0,28952.9052,0.0,0.0,0.0,25198.0336,0.0,0.0,0.0,0.0,28948.569,0.0,0.0,0.0,0.0,0.0,28953.498199999998,0.0,0.0,28949.457800000004,0.0,0.0,0.0,0.0,0.0,0.0,0.0,28939.587600000003,0.0,0.0,0.0,28940.355,28953.2512,0.0,0.0,0.0,0.0,0.0,0.0,0.0,0.0,0.0,0.0,28927.2825,0.0,0.0,0.0,0.0,0.0,0.0,0.0,0.0,0.0,0.0,0.0,0.0,0.0,0.0,206140.20460000093,2698124693
2012-09-24,0.0,0.0,30007.077999999998,30007.362,0.0,0.0,0.0,29988.881999999998,0.0,0.0,0.0,30005.653599999998,0.0,0.0,0.0,30000.787500000002,0.0,0.0,0.0,0.0,0.0,0.0,0.0,0.0,0.0,0.0,0.0,0.0,0.0,30003.987,0.0,0.0,0.0,0.0,0.0,0.0,0.0,30008.767099999997,0.0,0.0,0.0,0.0,0.0,0.0,40.1502,0.0,29991.855499999998,0.0,0.0,0.0,0.0,0.0,0.0,0.0,30011.151299999998,0.0,0.0,0.0,0.0,0.0,0.0,0.0,0.0,0.0,0.0,0.0,0.0,29990.408,299622.80660000094,2698124693
2012-10-22,29825.8664,0.0,29829.172000000002,29825.983,0.0,0.0,0.0,29822.074099999998,0.0,0.0,0.0,29824.3701,0.0,0.0,0.0,0.0,0.0,0.0,0.0,29825.25,0.0,0.0,0.0,0.0,0.0,0.0,0.0,0.0,0.0,29829.9195,0.0,0.0,0.0,0.0,0.0,0.0,0.0,29815.260599999998,0.0,0.0,0.0,0.0,0.0,0.0,0.0,0.0,0.0,0.0,0.0,0.0,0.0,0.0,29824.3209,0.0,29827.0742,0.0,0.0,0.0,0.0,0.0,0.0,0.0,0.0,12424.238899999998,0.0,0.0,0.0,0.0,285468.033000001,2698124693
2012-11-19,0.0,0.0,13.3556,29600.634599999998,0.0,29598.36,0.0,29596.246,0.0,0.0,0.0,0.0,0.0,29542.9056,0.0,0.0,0.0,0.0,0.0,0.0,0.0,0.0,0.0,13686.4,0.0,0.0,0.0,29591.2655,0.0,27.281399999999998,0.0,0.0,0.0,29596.8393,29587.1488,0.0,0.0,29593.4678,4975.5289999999995,0.0,0.0,0.0,29603.0898,0.0,29596.428300000003,0.0,29541.920000000002,0.0,0.0,0.0,0.0,0.0,29599.290200000003,29584.44,29601.2451,0.0,0.0,0.0,0.0,0.0,0.0,0.0,0.0,0.0,0.0,0.0,0.0,29515.2522,128957.49990000091,2698124693
2012-12-17,30220.2316,0.0,30228.6848,30225.9552,0.0,0.0,30162.199999999997,5692.2405,0.0,0.0,0.0,30231.283199999998,0.0,1788.9560999999999,0.0,0.0,0.0,0.0,0.0,30229.163399999998,30216.654000000002,0.0,0.0,0.0,0.0,0.0,30222.515600000002,30209.219100000002,0.0,0.0,0.0,0.0,0.0,30192.733799999998,30200.0865,0.0,106.1668,30231.0272,30222.114999999998,0.0,0.0,0.0,0.0,0.0,0.0,0.0,22884.0598,0.0,0.0,0.0,30228.445200000002,0.0,30217.752000000004,30210.0,0.0,0.0,30228.63,0.0,30214.134000000002,0.0,0.0,0.0,0.0,30231.873,0.0,0.0,0.0,0.0,-773.2067999989531,2698124693
2013-01-14,23535.3798,0.0,31434.711,31432.84,0.0,0.0,30704.11,31418.8135,31373.44,0.0,0.0,31433.091599999996,0.0,31375.981900000002,0.0,0.0,0.0,0.0,0.0,31435.4352,0.0,0.0,0.0,31437.07,31423.608,0.0,669.933,0.0,0.0,31436.226899999998,0.0,0.0,0.0,0.0,31429.185699999998,0.0,0.0,31434.412800000002,0.0,31421.6448,0.0,0.0,0.0,0.0,0.0,0.0,0.0,0.0,0.0,0.0,0.0,0.0,31434.315,0.0,0.0,0.0,0.0,0.0,0.0,0.0,0.0,0.0,31425.247199999998,31434.9056,0.0,0.0,0.0,0.0,70326.95150000104,2698124693
2013-02-11,0.0,0.0,33358.296500000004,33352.995,0.0,0.0,0.0,33347.236,33315.59,0.0,0.0,33361.1368,33302.7344,25847.7867,0.0,33314.8867,0.0,0.0,0.0,33359.200000000004,33115.134,0.0,0.0,0.0,0.0,0.0,0.0,0.0,0.0,33351.4335,0.0,0.0,0.0,300.079,0.0,0.0,0.0,33346.3851,0.0,0.0,0.0,0.0,33355.256199999996,0.0,0.0,0.0,0.0,0.0,0.0,0.0,0.0,0.0,0.0,0.0,0.0,0.0,0.0,0.0,0.0,0.0,0.0,0.0,0.0,0.0,0.0,0.0,0.0,13287.7695,227133.02600000103,2698124693
2013-03-11,0.0,0.0,34664.541300000004,34663.986,0.0,0.0,0.0,34649.0853,0.0,0.0,0.0,34671.469,0.0,0.0,0.0,0.0,0.0,0.0,0.0,34665.085,36.231,0.0,0.0,34657.3773,0.0,0.0,333.7494,18153.3352,0.0,34670.146499999995,0.0,0.0,0.0,0.0,0.0,34242.7515,0.0,34644.2943,0.0,0.0,0.0,0.0,34669.6524,0.0,34666.6536,0.0,0.0,0.0,0.0,0.0,0.0,0.0,34668.3044,0.0,0.0,0.0,0.0,0.0,0.0,0.0,0.0,0.0,0.0,0.0,0.0,0.0,0.0,0.0,258759.51180000103,2698124693
2013-04-08,35023.008799999996,0.0,35034.183600000004,35030.4108,0.0,0.0,0.0,35035.734300000004,0.0,0.0,0.0,35034.1582,0.0,0.0,0.0,35026.8016,0.0,0.0,0.0,35037.3954,0.0,30723.420000000002,0.0,0.0,35019.7365,0.0,0.0,0.0,0.0,35031.0015,0.0,0.0,0.0,20547.6767,0.0,0.0,34793.0154,35028.2733,0.0,0.0,0.0,0.0,35031.8618,0.0,0.0,0.0,0.0,0.0,0.0,0.0,0.0,0.0,0.0,0.0,0.0,0.0,0.0,0.0,0.0,0.0,0.0,0.0,0.0,0.0,0.0,0.0,0.0,0.0,228705.36240000106,2698124693
2013-05-06,0.0,0.0,36241.1028,36235.9657,0.0,0.0,35973.63,36239.831,36190.0,0.0,0.0,36237.797999999995,0.0,36173.844000000005,0.0,0.0,0.0,0.0,0.0,36240.615,0.0,0.0,0.0,36234.356400000004,0.0,0.0,36241.4358,0.0,0.0,36239.7672,0.0,0.0,0.0,0.0,33400.4496,0.0,0.0,0.0,0.0,25316.9262,36240.6736,0.0,36227.6992,0.0,0.0,0.0,36166.4672,0.0,0.0,0.0,36239.9902,0.0,36231.0963,0.0,0.0,0.0,36238.293000000005,0.0,36219.036,0.0,0.0,0.0,0.0,0.0,0.0,0.0,0.0,0.0,13599.667200001133,2698124693
2013-06-03,0.0,0.0,36258.954000000005,36260.377499999995,0.0,0.0,0.0,36243.4,36160.189999999995,0.0,0.0,36260.5782,36246.8214,36255.5354,0.0,13391.851200000001,0.0,0.0,0.0,0.0,36231.0,0.0,0.0,0.0,36247.664600000004,0.0,0.0,0.0,0.0,36256.5225,0.0,0.0,0.0,0.0,36229.096000000005,112.5849,0.0,36260.387,36245.988000000005,0.0,36243.7566,27323.056800000002,0.0,0.0,0.0,0.0,31922.4935,0.0,0.0,36241.164,0.0,0.0,0.0,0.0,0.0,0.0,0.0,36258.4398,0.0,0.0,19.56,0.0,36252.8168,36255.349200000004,0.0,0.0,0.0,0.0,-825.1894999991608,2698124693
2013-07-01,0.0,36195.2495,0.0,36208.0635,0.0,22.44,0.0,36181.700000000004,0.0,0.0,0.0,0.0,36157.225,0.0,0.0,36178.8294,0.0,0.0,0.0,0.0,0.0,0.0,0.0,0.0,0.0,0.0,0.0,36180.8382,0.0,11227.4748,25412.5134,0.0,0.0,36050.03,0.0,0.0,0.0,0.0,0.0,36202.965599999996,0.0,0.0,36201.297099999996,0.0,36201.9108,0.0,0.0,0.0,0.0,36195.4736,36209.3292,0.0,0.0,0.0,0.0,0.0,36200.6336,36208.62,36195.0456,0.0,0.0,36193.5,36150.1152,36193.869,36190.044799999996,0.0,0.0,0.0,-848.5501999991234,2698124693
2013-07-29,38299.9266,36842.558600000004,38302.1095,38300.7823,0.0,0.0,0.0,38290.4442,38302.18,0.0,0.0,38298.708,0.0,0.0,0.0,38258.8789,0.0,0.0,0.0,0.0,38296.167,31039.4682,0.0,0.0,0.0,0.0,0.0,0.0,0.0,38301.1758,0.0,0.0,0.0,0.0,0.0,0.0,0.0,0.0,38286.2892,0.0,0.0,0.0,38298.462,0.0,0.0,0.0,38227.799999999996,0.0,0.0,0.0,0.0,0.0,0.0,38276.25,0.0,0.0,0.0,38304.0196,0.0,0.0,0.0,0.0,38276.1,38289.9616,0.0,0.0,0.0,0.0,84797.78790000064,2698124693
2013-08-26,46.818,0.0,38104.523700000005,38107.008,0.0,0.0,0.0,38105.3722,0.0,0.0,0.0,38104.208099999996,0.0,0.0,0.0,38090.8386,0.0,0.0,0.0,9.7817,38078.781,0.0,0.0,0.0,0.0,0.0,0.0,0.0,0.0,38099.655,0.0,0.0,0.0,0.0,0.0,0.0,0.0,0.0,0.0,0.0,0.0,0.0,13840.022500000001,0.0,0.0,0.0,35703.8726,0.0,0.0,0.0,0.0,0.0,0.0,0.0,0.0,0.0,0.0,38099.04,0.0,0.0,0.0,0.0,0.0,38097.762800000004,0.0,0.0,0.0,0.0,369211.9566000006,2698124693
2013-09-23,0.0,0.0,39073.0345,39066.280399999996,0.0,0.0,0.0,39060.9216,0.0,0.0,0.0,39069.3732,0.0,0.0,0.0,39044.296200000004,0.0,0.0,0.0,0.0,0.0,0.0,0.0,0.0,0.0,0.0,0.0,0.0,0.0,39075.8292,0.0,0.0,0.0,0.0,0.0,0.0,0.0,0.0,0.0,0.0,0.0,0.0,0.0,0.0,0.0,26.2778,38971.845199999996,0.0,0.0,0.0,0.0,0.0,0.0,0.0,0.0,0.0,0.0,39071.464,0.0,0.0,0.0,0.0,0.0,39066.5174,0.0,0.0,0.0,5356.5096,424180.7830000006,2698124693
2013-10-21,0.0,542.018,32541.403500000004,40260.4375,0.0,0.0,39995.16,40253.0866,40210.16,0.0,0.0,40262.1287,0.0,40251.0384,0.0,0.0,40265.76,0.0,0.0,40263.1614,40252.641,0.0,0.0,40264.6605,0.0,0.0,0.0,0.0,0.0,40260.773,0.0,0.0,13138.4168,0.0,0.0,40133.6364,0.0,0.0,0.0,0.0,34406.6206,0.0,40260.4781,0.0,0.0,0.0,40168.013999999996,0.0,0.0,40252.2276,0.0,0.0,0.0,40256.88,0.0,0.0,0.0,40261.9433,0.0,0.0,0.0,0.0,0.0,0.0,40253.532,0.0,0.0,0.0,-126.54229999954987,2698124693
2013-11-18,0.0,0.0,39877.175,39868.128600000004,0.0,0.0,0.0,39860.82,39869.6,0.0,39860.121,39871.1096,0.0,0.0,0.0,39829.3868,0.0,0.0,0.0,39871.34,39854.1,165.7532,0.0,0.0,39877.934,27605.520200000003,0.0,0.0,0.0,39867.5446,0.0,0.0,0.0,0.0,39754.4956,0.0,0.0,39876.232,0.0,0.0,0.0,39861.0405,4041.4669,0.0,8571.9251,0.0,39794.8798,0.0,0.0,0.0,0.0,0.0,0.0,0.0,0.0,0.0,0.0,39878.076,0.0,39771.4009,0.0,39851.74,0.0,39876.2468,0.0,0.0,0.0,0.0,-752.55449999962,2698124693
2013-12-16,245.68800000000002,0.0,41019.602999999996,41026.662,0.0,0.0,0.0,40990.5454,0.0,0.0,40835.5777,41022.504,0.0,0.0,0.0,0.0,0.0,0.0,0.0,41021.504700000005,0.0,0.0,0.0,0.0,0.0,0.0,0.0,0.0,0.0,41011.7469,0.0,0.0,0.0,0.0,0.0,40983.7918,0.0,34764.7261,0.0,0.0,0.0,0.0,0.0,0.0,0.0,0.0,0.0,0.0,0.0,0.0,0.0,0.0,0.0,16393.56,0.0,0.0,0.0,41018.969300000004,0.0,0.0,0.0,0.0,0.0,41015.884000000005,0.0,0.0,0.0,0.0,358512.06440000044,2698124693
2014-01-13,0.0,0.0,41393.0195,41382.31679999999,0.0,0.0,41342.3,41396.340000000004,41385.630000000005,0.0,41391.3943,41382.4368,41345.2536,0.0,0.0,9600.255,0.0,0.0,0.0,41389.1296,0.0,0.0,0.0,0.0,41356.285899999995,0.0,0.0,0.0,0.0,41390.118,0.0,0.0,0.0,0.0,0.0,0.0,0.0,0.0,0.0,0.0,0.0,0.0,0.0,0.0,0.0,0.0,41360.496,0.0,0.0,0.0,0.0,0.0,0.0,41336.65,0.0,0.0,0.0,41393.120800000004,0.0,0.0,29.339999999999996,0.0,0.0,41393.729999999996,41372.053,0.0,0.0,0.0,155744.48030000037,2698124693
2014-02-10,0.0,41494.5492,0.0,0.0,0.0,0.0,0.0,41498.45,0.0,0.0,0.0,41510.318400000004,0.0,0.0,0.0,0.0,41516.200000000004,0.0,0.0,41512.35,0.0,0.0,0.0,41473.8576,0.0,0.0,41507.2832,0.0,0.0,0.0,41487.8841,0.0,41513.575,41430.9888,41423.24800000001,0.0,0.0,0.0,0.0,0.0,37.1268,0.0,41513.2388,0.0,0.0,1792.1536,41509.015,0.0,0.0,0.0,0.0,41515.10249999999,41514.7815,0.0,0.0,0.0,0.0,41513.471999999994,0.0,0.0,0.0,37633.86,0.0,0.0,0.0,0.0,0.0,0.0,126124.42930000037,2698124693
2014-03-10,0.0,0.0,43453.649999999994,43449.376,0.0,40156.380000000005,0.0,43414.9783,43435.0,0.0,43459.643500000006,43458.8682,43452.6409,0.0,0.0,43418.8013,0.0,0.0,0.0,43458.810000000005,0.0,0.0,0.0,0.0,43439.254,0.0,0.0,0.0,0.0,43454.4864,0.0,0.0,0.0,0.0,0.0,0.0,43453.2736,0.0,0.0,0.0,0.0,43443.0822,0.0,0.0,0.0,0.0,43410.764800000004,0.0,0.0,0.0,0.0,0.0,0.0,0.0,0.0,0.0,0.0,43453.0483,0.0,0.0,0.0,0.0,0.0,43445.688799999996,43451.0808,0.0,0.0,43404.0257,46287.10250000034,2698124693
2014-04-07,0.0,0.0,42198.165,42189.84,0.0,0.0,0.0,42164.8416,0.0,0.0,0.0,42188.1157,0.0,0.0,0.0,42145.5135,0.0,0.0,0.0,42189.96,0.0,0.0,0.0,0.0,0.0,0.0,0.0,42164.2325,0.0,42185.6319,0.0,0.0,0.0,0.0,0.0,0.0,0.0,0.0,0.0,0.0,0.0,0.0,0.0,0.0,0.0,0.0,0.0,0.0,0.0,0.0,0.0,0.0,0.0,0.0,0.0,0.0,0.0,42195.835,0.0,0.0,58.67999999999999,0.0,0.0,42198.7689,0.0,0.0,0.0,7634.38,413904.19060000044,2698124693
2014-05-05,0.0,0.0,42650.0316,42648.2336,0.0,0.0,0.0,42625.9633,0.0,0.0,0.0,42650.7668,0.0,0.0,0.0,8975.051399999998,0.0,0.0,0.0,42643.3574,0.0,0.0,0.0,0.0,42600.629199999996,0.0,0.0,42630.0224,0.0,42646.626,0.0,0.0,0.0,0.0,0.0,11942.838000000002,42641.7966,42649.955500000004,0.0,0.0,0.0,0.0,0.0,0.0,0.0,0.0,42568.8561,0.0,0.0,0.0,0.0,0.0,12.9791,0.0,0.0,0.0,0.0,42643.3871,0.0,0.0,0.0,0.0,0.0,42643.2512,0.0,0.0,35.4666,0.0,277284.51700000046,2698124693
2014-06-02,0.0,0.0,42659.651999999995,42664.3542,0.0,0.0,42514.399999999994,42631.6011,42584.04,0.0,0.0,42668.472,42649.2864,0.0,0.0,0.0,0.0,0.0,0.0,42666.0288,0.0,0.0,0.0,0.0,0.0,0.0,0.0,41126.01,0.0,42639.234,42.049,0.0,0.0,0.0,42618.877,0.0,42622.972799999996,42650.0778,0.0,0.0,0.0,42658.7373,0.0,0.0,0.0,0.0,0.0,10.21,0.0,0.0,0.0,0.0,0.0,42613.68,0.0,0.0,42660.2808,42659.5842,0.0,0.0,0.0,0.0,0.0,42669.3386,0.0,42667.1894,0.0,0.0,44022.06160000054,2698124693
2014-06-30,0.0,0.0,43792.0158,43782.2776,0.0,0.0,43435.44,43789.1625,43789.76,0.0,43756.67999999999,43792.0412,0.0,43781.985,0.0,43725.852,0.0,0.0,0.0,0.0,0.0,0.0,0.0,0.0,43762.3728,0.0,0.0,43759.322400000005,0.0,43785.907,0.0,0.0,0.0,0.0,0.0,43792.212,43731.79549999999,43777.322400000005,0.0,0.0,0.0,0.0,0.0,0.0,0.0,0.0,16979.0868,0.0,0.0,0.0,0.0,0.0,0.0,0.0,0.0,0.0,0.0,43786.944,0.0,0.0,0.0,0.0,0.0,43790.2883,0.0,0.0,0.0,19559.3214,94732.13150000048,2698124693
2014-07-28,0.0,0.0,43965.4775,0.0,0.0,0.0,0.0,43942.2375,0.0,34.14,0.0,43960.5375,0.0,0.0,0.0,43899.215099999994,0.0,0.0,0.0,0.0,0.0,0.0,0.0,0.0,0.0,0.0,0.0,43912.2545,0.0,43965.8585,0.0,0.0,0.0,0.0,0.0,0.0,43932.9306,43948.4088,0.0,0.0,0.0,43947.3399,0.0,0.0,0.0,0.0,0.0,0.0,0.0,0.0,0.0,0.0,0.0,0.0,0.0,0.0,0.0,43959.804,0.0,0.0,0.0,0.0,0.0,43961.9787,0.0,0.0,0.0,21232.6128,374118.3158000004,2698124693
2014-08-25,0.0,0.0,45049.5801,0.0,0.0,0.0,44897.189999999995,45029.0426,44955.899999999994,0.0,45038.1056,45048.75,45001.0929,45023.517,0.0,0.0,0.0,0.0,0.0,0.0,45035.133,0.0,0.0,45051.551999999996,45007.4793,0.0,0.0,0.0,0.0,39877.591199999995,45045.1848,0.0,45050.66,0.0,45013.3805,0.0,0.0,45035.1153,45029.2696,0.0,0.0,0.0,0.0,0.0,0.0,0.0,0.0,0.0,0.0,0.0,0.0,0.0,0.0,0.0,0.0,0.0,0.0,45035.9909,0.0,0.0,0.0,0.0,0.0,45052.1351,0.0,0.0,0.0,0.0,50034.607000000426,2698124693
2014-09-22,0.0,0.0,44206.1095,23744.4312,0.0,0.0,0.0,44174.226,44145.42,0.0,0.0,44208.15,0.0,43639.776,0.0,44206.460999999996,0.0,0.0,0.0,0.0,0.0,44204.9348,0.0,0.0,0.0,0.0,44213.426999999996,0.0,0.0,44211.878000000004,0.0,0.0,0.0,0.0,0.0,0.0,44197.159999999996,44192.1232,0.0,0.0,0.0,0.0,0.0,0.0,0.0,0.0,0.0,10.18,0.0,0.0,0.0,0.0,0.0,0.0,0.0,0.0,0.0,44205.392400000004,0.0,0.0,0.0,0.0,0.0,44213.472,0.0,0.0,0.0,0.0,285783.67170000053,2698124693
2014-10-20,43357.1884,0.0,0.0,0.0,0.0,0.0,42913.49,0.0,0.0,43368.33,0.0,0.0,0.0,0.0,0.0,0.0,0.0,0.0,0.0,0.0,0.0,0.0,0.0,0.0,0.0,0.0,43368.9866,0.0,0.0,0.0,0.0,0.0,0.0,0.0,0.0,0.0,0.0,0.0,0.0,0.0,43353.9724,0.0,9318.2914,0.0,0.0,0.0,43355.253,43367.8192,0.0,0.0,0.0,0.0,43367.702,0.0,0.0,0.0,43367.9685,0.0,0.0,0.0,0.0,0.0,0.0,0.0,0.0,0.0,0.0,0.0,467762.3704000004,2698124693
2014-11-17,0.0,0.0,44325.7932,0.0,0.0,0.0,44308.67999999999,44289.3736,44192.48,0.0,0.0,44317.7548,0.0,44246.8013,0.0,25735.392,0.0,0.0,0.0,44320.0644,0.0,0.0,0.0,0.0,0.0,0.0,0.0,44268.778399999996,0.0,0.0,0.0,0.0,44319.696,0.0,0.0,0.0,0.0,44333.805799999995,0.0,0.0,0.0,44311.0458,0.0,0.0,0.0,0.0,0.0,11.0534,0.0,0.0,0.0,0.0,0.0,0.0,0.0,0.0,0.0,44327.975999999995,0.0,0.0,0.0,0.0,0.0,44317.6182,0.0,0.0,0.0,0.0,284432.60810000054,2698124693
2014-12-15,0.0,0.0,43778.2961,0.0,0.0,0.0,43620.48,43752.095199999996,43689.880000000005,0.0,0.0,43773.8589,0.0,43712.4468,0.0,43728.3522,0.0,0.0,0.0,24222.629999999997,0.0,43754.3448,0.0,43765.589400000004,43729.856,0.0,43773.606,43757.201199999996,0.0,20242.235999999997,0.0,0.0,0.0,0.0,0.0,0.0,0.0,43764.743800000004,0.0,0.0,0.0,43771.6055,0.0,0.0,0.0,0.0,43687.7032,0.0,0.0,0.0,0.0,43779.045699999995,0.0,0.0,0.0,0.0,0.0,43773.488600000004,0.0,0.0,0.0,0.0,0.0,43766.2128,43773.725,0.0,0.0,0.0,-593.3513999994611,2698124693
2015-01-12,45585.1296,0.0,45592.6688,0.0,0.0,21.5868,0.0,45573.3108,0.0,0.0,0.0,45581.2812,0.0,0.0,0.0,0.0,0.0,0.0,0.0,0.0,0.0,0.0,0.0,0.0,45546.3906,0.0,45582.88,0.0,0.0,0.0,45539.676,0.0,28434.4,45553.3755,0.0,0.0,0.0,45578.941,0.0,45563.3709,45586.0944,45582.4672,0.0,0.0,0.0,0.0,45517.020800000006,45591.28,0.0,0.0,0.0,45589.017,45582.7562,0.0,0.0,45540.294,45591.030000000006,0.0,0.0,0.0,0.0,0.0,0.0,42298.5472,0.0,0.0,0.0,0.0,19992.593800000555,2698124693
2015-02-09,45955.623999999996,0.0,45965.536,0.0,0.0,45965.7276,0.0,0.0,0.0,0.0,45961.127100000005,45961.1783,45885.18,45885.1624,0.0,0.0,0.0,0.0,0.0,0.0,16630.029000000002,0.0,0.0,32668.4904,0.0,0.0,0.0,0.0,0.0,45954.0636,0.0,0.0,45961.747,45926.86,0.0,42892.1595,0.0,45940.7514,45926.9752,0.0,0.0,0.0,45963.2468,0.0,0.0,45935.6088,45885.59819999999,0.0,0.0,45952.417,0.0,45960.8568,0.0,0.0,0.0,0.0,0.0,0.0,0.0,0.0,166.26,0.0,0.0,0.0,0.0,45961.6478,0.0,0.0,-828.1206999994465,2698124693
2015-03-09,0.0,9730.834,45715.387,0.0,0.0,45716.5872,45562.299999999996,45684.658800000005,45592.56,0.0,0.0,45709.6612,45666.677899999995,0.0,0.0,0.0,0.0,0.0,0.0,45722.6198,0.0,0.0,0.0,45696.4298,45656.892,0.0,0.0,45659.038400000005,0.0,0.0,0.0,0.0,0.0,0.0,45645.445999999996,0.0,45716.47,45699.04869999999,45697.519,0.0,23.067,0.0,0.0,0.0,0.0,0.0,16615.5929,0.0,0.0,0.0,0.0,0.0,0.0,0.0,0.0,0.0,0.0,45722.0029,0.0,0.0,0.0,0.0,0.0,45717.4065,45709.6093,0.0,0.0,0.0,64969.38950000054,2698124693
2015-04-06,0.0,0.0,46540.5294,0.0,0.0,46542.665,0.0,46531.1,46434.479999999996,0.0,0.0,46531.966,0.0,0.0,0.0,0.0,0.0,0.0,0.0,0.0,0.0,0.0,0.0,0.0,46495.581,0.0,0.0,46478.5968,0.0,46536.733,0.0,0.0,0.0,0.0,0.0,0.0,46543.1189,46542.8754,0.0,0.0,0.0,0.0,0.0,0.0,15717.2491,0.0,46533.7236,0.0,0.0,0.0,0.0,0.0,0.0,0.0,0.0,0.0,0.0,0.0,0.0,0.0,0.0,0.0,0.0,46525.5207,0.0,0.0,0.0,0.0,356289.03210000054,2698124693
2015-05-04,0.0,46952.388,46977.5432,0.0,0.0,46973.163100000005,0.0,46981.6528,46914.15,0.0,0.0,46964.8476,0.0,46901.6625,0.0,0.0,0.0,0.0,0.0,0.0,0.0,0.0,0.0,46923.9744,46904.5283,34248.6445,59.7572,46934.434700000005,0.0,46965.76500000001,0.0,0.0,0.0,0.0,0.0,0.0,0.0,46955.3427,46976.3622,0.0,0.0,46971.150799999996,13189.1976,0.0,46976.731199999995,0.0,46976.4036,0.0,0.0,0.0,0.0,0.0,0.0,46911.51,0.0,0.0,0.0,46977.8361,0.0,0.0,0.0,0.0,0.0,46968.1774,0.0,0.0,0.0,0.0,-648.9987999994191,2698124693
2015-06-01,0.0,0.0,47579.942800000004,6045.4452,0.0,47582.1036,0.0,47551.4028,47448.85,0.0,0.0,47585.6913,0.0,47486.6259,0.0,0.0,0.0,0.0,0.0,0.0,0.0,47565.284,0.0,47585.664,47549.376000000004,0.0,0.0,47522.2491,0.0,47572.6172,0.0,0.0,0.0,0.0,0.0,0.0,47559.8856,47549.44,47584.945199999995,0.0,0.0,47560.888,44.4981,0.0,47584.5095,0.0,47481.15,0.0,0.0,0.0,0.0,0.0,0.0,0.0,47562.7512,0.0,0.0,0.0,0.0,0.0,0.0,0.0,0.0,47567.318400000004,0.0,0.0,0.0,0.0,41430.689300000464,2698124693
2015-06-29,0.0,0.0,0.0,0.0,0.0,0.0,0.0,46628.3552,0.0,0.0,0.0,46619.933399999994,0.0,46499.74,0.0,0.0,46625.6,0.0,0.0,0.0,0.0,0.0,0.0,0.0,0.0,0.0,0.0,46590.264,0.0,46625.8086,0.0,0.0,0.0,0.0,0.0,0.0,0.0,46626.935399999995,0.0,0.0,0.0,0.0,17872.9536,0.0,0.0,0.0,0.0,0.0,0.0,0.0,0.0,0.0,0.0,0.0,0.0,0.0,0.0,17.468,0.0,0.0,0.0,0.0,0.0,46572.2088,46609.767,0.0,0.0,0.0,494625.1900000004,2698124693
2015-07-27,0.0,0.0,0.0,0.0,0.0,0.0,0.0,47178.6516,39401.6,0.0,0.0,0.0,0.0,46901.2243,0.0,0.0,47194.24,0.0,0.0,0.0,0.0,0.0,47192.0,0.0,46849.8075,41.065,0.0,20999.5792,0.0,0.0,0.0,0.0,0.0,0.0,0.0,0.0,0.0,47162.8008,0.0,0.0,0.0,0.0,0.0,0.0,0.0,0.0,47130.6042,0.0,0.0,0.0,0.0,0.0,0.0,0.0,0.0,0.0,0.0,0.0,0.0,0.0,0.0,0.0,0.0,47189.16359999999,0.0,0.0,0.0,0.0,506265.5636000004,2698124693
2015-08-24,0.0,0.0,0.0,0.0,0.0,0.0,0.0,0.0,0.0,43295.401600000005,0.0,0.0,0.0,0.0,0.0,0.0,45729.060000000005,0.0,0.0,0.0,45723.522000000004,0.0,45725.08,0.0,0.0,0.0,0.0,0.0,0.0,0.0,0.0,0.0,0.0,0.0,0.0,0.0,0.0,0.0,0.0,0.0,0.0,0.0,0.0,0.0,0.0,0.0,45638.99600000001,0.0,0.0,0.0,0.0,0.0,0.0,0.0,0.0,45708.9967,0.0,0.0,0.0,0.0,48.9,0.0,0.0,0.0,0.0,0.0,0.0,0.0,642304.7702000005,2698124693
2015-09-21,0.0,0.0,46749.2634,0.0,0.0,46741.5024,45889.2,0.0,46628.88,0.0,0.0,0.0,0.0,0.0,0.0,0.0,46745.600000000006,0.0,0.0,0.0,0.0,0.0,46745.600000000006,0.0,46726.568,0.0,46746.8386,0.0,0.0,46739.2866,0.0,0.0,0.0,46642.571200000006,46632.286,0.0,0.0,41114.412,0.0,0.0,0.0,0.0,46746.0981,0.0,15882.920199999999,0.0,46723.331300000005,0.0,0.0,0.0,46745.9707,46748.691,46743.247200000005,0.0,0.0,0.0,0.0,46745.6982,0.0,0.0,0.0,0.0,0.0,0.0,0.0,46740.1844,0.0,0.0,37224.767300000356,2698124693
2015-10-19,0.0,47009.847,0.0,0.0,0.0,0.0,0.0,47011.146,0.0,0.0,0.0,0.0,47028.6467,0.0,0.0,12460.7476,0.0,0.0,0.0,0.0,47027.838,0.0,47032.2,0.0,0.0,0.0,47025.631,0.0,0.0,0.0,47016.1813,0.0,0.0,46963.8525,46936.4391,0.0,0.0,0.0,0.0,47012.6806,47014.345499999996,47022.7818,0.0,0.0,47017.9455,0.0,46942.1208,0.0,0.0,0.0,0.0,0.0,36.142799999999994,0.0,47032.1449,47025.2758,0.0,0.0,46952.598000000005,0.0,0.0,0.0,47000.691,0.0,47022.318699999996,36.5496,0.0,30152.9816,4011.858000000444,2698124693
2015-11-16,46529.584,0.0,46544.511699999995,46541.42,0.0,0.0,46532.399999999994,46512.0425,0.0,0.0,0.0,19.1123,46527.2865,46538.3622,0.0,46524.2292,0.0,0.0,0.0,0.0,0.0,46541.8471,46541.64000000001,46537.840000000004,46531.912,0.0,0.0,46534.2164,0.0,29.14,0.0,0.0,0.0,0.0,25581.0528,44594.164,46453.455,46529.9584,0.0,0.0,0.0,0.0,0.0,0.0,46526.1412,0.0,0.0,0.0,0.0,0.0,0.0,0.0,0.0,0.0,46533.64139999999,0.0,0.0,0.0,0.0,0.0,0.0,0.0,0.0,46537.92,0.0,0.0,0.0,0.0,22293.14670000045,2698124693
2015-12-14,45816.4476,0.0,0.0,0.0,0.0,0.0,45630.0,45815.9168,0.0,45826.883200000004,0.0,0.0,0.0,45829.8095,0.0,0.0,0.0,0.0,0.0,0.0,0.0,0.0,0.0,0.0,45819.623999999996,0.0,45834.869999999995,0.0,0.0,0.0,0.0,0.0,0.0,0.0,0.0,0.0,0.0,0.0,0.0,45806.1464,0.0,38828.195999999996,0.0,0.0,0.0,0.0,0.0,45829.5616,0.0,0.0,0.0,0.0,0.0,0.0,0.0,0.0,0.0,0.0,45739.0541,0.0,0.0,0.0,0.0,45823.6751,0.0,0.0,0.0,0.0,373388.31490000035,2698124693
2016-01-11,45484.3656,0.0,0.0,0.0,0.0,0.0,0.0,0.0,0.0,45486.5522,0.0,0.0,0.0,0.0,0.0,0.0,0.0,0.0,0.0,0.0,45469.905,0.0,0.0,0.0,0.0,0.0,0.0,0.0,0.0,0.0,0.0,0.0,0.0,42301.0092,0.0,0.0,0.0,0.0,0.0,0.0,45494.5359,45476.1764,0.0,0.0,45480.9296,0.0,0.0,45489.248,0.0,0.0,0.0,0.0,0.0,0.0,45476.707200000004,0.0,0.0,0.0,0.0,0.0,0.0,0.0,0.0,45489.47549999999,0.0,0.0,0.0,0.0,457763.24610000034,2698124693
2016-02-08,46165.600000000006,0.0,46187.589499999995,0.0,0.0,0.0,0.0,0.0,0.0,46170.9734,0.0,0.0,0.0,0.0,0.0,0.0,0.0,0.0,0.0,46184.2668,0.0,0.0,0.0,46134.66,46145.15,21752.6925,0.0,0.0,0.0,0.0,46169.2308,0.0,0.0,0.0,0.0,0.0,46121.557799999995,0.0,0.0,0.0,46175.1184,16899.7821,0.0,0.0,0.0,0.0,0.0,46182.3208,0.0,0.0,0.0,0.0,0.0,0.0,0.0,46184.8,0.0,0.0,0.0,0.0,0.0,0.0,0.0,0.0,0.0,0.0,46174.815,0.0,330599.5214000003,2698124693
2016-03-07,0.0,0.0,48652.2924,48651.1248,0.0,0.0,0.0,48630.7941,48552.0,0.0,0.0,48643.608,0.0,0.0,0.0,0.0,48655.36,0.0,0.0,48654.0255,0.0,0.0,0.0,0.0,0.0,0.0,48653.8115,0.0,0.0,0.0,0.0,0.0,0.0,0.0,0.0,0.0,0.0,0.0,0.0,0.0,0.0,0.0,0.0,0.0,0.0,0.0,0.0,21613.9847,0.0,0.0,48657.068,48655.6792,48652.174999999996,0.0,0.0,0.0,0.0,48653.73,0.0,0.0,0.0,0.0,0.0,0.0,0.0,0.0,48656.3532,0.0,318542.2035000004,2698124693
2016-04-04,0.0,0.0,49420.437,0.0,0.0,438.4292,0.0,49424.2564,49410.9,0.0,0.0,0.0,0.0,49305.603200000005,0.0,0.0,0.0,0.0,0.0,0.0,24274.77,0.0,0.0,0.0,0.0,0.0,0.0,49383.33500000001,0.0,0.0,0.0,0.0,0.0,0.0,0.0,0.0,0.0,0.0,26159.392,0.0,0.0,0.0,0.0,0.0,0.0,49407.432,0.0,0.0,0.0,0.0,0.0,0.0,0.0,0.0,49419.590399999994,0.0,0.0,0.0,0.0,0.0,0.0,0.0,0.0,49424.2268,0.0,0.0,0.0,49207.418999999994,492757.7950000005,2698124693
2016-05-02,0.0,0.0,49523.8956,49529.4625,0.0,0.0,0.0,49490.0596,49501.92999999999,0.0,0.0,0.0,0.0,49487.7704,0.0,0.0,255.6,0.0,0.0,68.425,49455.315,0.0,0.0,0.0,49434.925,0.0,107.10000000000001,49513.2264,0.0,0.0,49491.693400000004,0.0,0.0,0.0,0.0,0.0,11294.0928,0.0,49488.7701,0.0,0.0,0.0,0.0,0.0,0.0,0.0,0.0,0.0,0.0,0.0,0.0,0.0,0.0,0.0,0.0,0.0,0.0,0.0,0.0,0.0,0.0,0.0,0.0,49514.633299999994,0.0,0.0,0.0,0.0,433985.6261000006,2698124693
2016-05-30,0.0,0.0,49705.3105,49707.53279999999,0.0,49709.580799999996,0.0,49686.28279999999,0.0,0.0,0.0,0.0,0.0,0.0,0.0,0.0,0.0,0.0,0.0,0.0,49708.932,0.0,12.68,25411.564799999996,46167.831,0.0,0.0,49673.192,0.0,0.0,49710.2858,0.0,0.0,0.0,0.0,49583.1573,49630.7595,49693.4536,49673.4712,0.0,0.0,0.0,0.0,0.0,0.0,0.0,49655.569,0.0,0.0,0.0,0.0,0.0,0.0,0.0,49695.322499999995,0.0,0.0,0.0,0.0,0.0,0.0,0.0,0.0,49701.0371,0.0,12.9406,0.0,49658.1696,176798.8016000006,2698124693
2016-06-27,47437.3239,0.0,0.0,0.0,0.0,0.0,0.0,0.0,0.0,47429.525200000004,0.0,0.0,47418.2208,44061.6462,0.0,47410.7205,47449.22,0.0,0.0,0.0,0.0,0.0,47449.05,0.0,0.0,0.0,47433.1221,0.0,0.0,0.0,0.0,0.0,0.0,0.0,0.0,0.0,0.0,0.0,0.0,0.0,47419.992,47434.047600000005,0.0,0.0,0.0,47440.0037,0.0,0.0,0.0,0.0,0.0,0.0,47448.2544,0.0,0.0,0.0,16421.5513,0.0,47354.382000000005,0.0,9.78,0.0,0.0,0.0,0.0,0.0,47434.951199999996,47401.2186,223733.42420000042,2698124693
2016-07-25,0.0,0.0,50463.899099999995,50464.6956,0.0,50461.9632,0.0,50444.1756,50448.99999999999,0.0,0.0,0.0,0.0,50390.759,0.0,0.0,50463.45,0.0,0.0,0.0,50433.552,0.0,0.0,0.0,50381.4208,0.0,0.0,50415.864199999996,0.0,0.0,0.0,0.0,0.0,0.0,0.0,50408.5492,50445.4522,0.0,50404.012200000005,0.0,0.0,5621.8912,0.0,0.0,0.0,0.0,50408.8592,0.0,0.0,0.0,0.0,0.0,0.0,0.0,50450.558,0.0,0.0,0.0,0.0,0.0,0.0,0.0,0.0,50459.865600000005,0.0,0.0,0.0,50445.4623,145640.2492000003,2698124693
2016-08-22,0.0,51573.28800000001,51583.1024,51581.1281,0.0,51572.3156,0.0,51553.63,51512.149999999994,0.0,0.0,0.0,0.0,51513.2878,0.0,0.0,51578.2,0.0,0.0,0.0,0.0,0.0,48688.64,74.1711,51496.7152,0.0,0.0,51559.222,0.0,0.0,0.0,0.0,0.0,0.0,0.0,51519.365,0.0,0.0,51561.0646,0.0,0.0,0.0,51575.67,0.0,0.0,0.0,43531.804000000004,0.0,0.0,0.0,51583.8492,0.0,0.0,0.0,51557.7132,0.0,51563.8656,0.0,0.0,0.0,0.0,0.0,0.0,51564.6216,0.0,0.0,0.0,51561.8136,10658.6975000003,2698124693
2016-09-19,0.0,0.0,43406.1485,51685.4404,0.0,51681.3339,0.0,51685.9218,0.0,0.0,0.0,0.0,0.0,0.0,0.0,15317.265599999999,51681.280000000006,0.0,0.0,0.0,0.0,0.0,51681.96,51546.0866,0.0,0.0,0.0,51644.752,0.0,51678.7726,0.0,0.0,0.0,0.0,0.0,51672.954000000005,0.0,0.0,0.0,0.0,0.0,0.0,0.0,0.0,0.0,0.0,0.0,0.0,0.0,0.0,0.0,0.0,0.0,0.0,51668.253,0.0,0.0,0.0,0.0,0.0,0.0,0.0,0.0,51683.273100000006,0.0,0.0,0.0,0.0,406025.0216000003,2698124693
2016-10-17,0.0,0.0,51242.2828,51240.5341,0.0,51241.0014,0.0,51201.419799999996,0.0,0.0,0.0,16907.7853,0.0,51155.6346,0.0,0.0,51235.200000000004,0.0,0.0,0.0,0.0,0.0,51242.52,0.0,0.0,0.0,0.0,51209.9168,0.0,51237.624899999995,0.0,0.0,0.0,0.0,0.0,0.0,0.0,0.0,0.0,0.0,0.0,0.0,0.0,0.0,0.0,0.0,0.0,0.0,0.0,0.0,0.0,0.0,0.0,0.0,0.0,0.0,0.0,0.0,0.0,0.0,0.0,0.0,0.0,51227.658899999995,0.0,0.0,0.0,0.0,495249.3261000002,2698124693
2016-11-14,0.0,0.0,27700.5024,53695.0043,0.0,0.0,0.0,643.2228,0.0,0.0,0.0,53681.6739,53673.6744,53097.7887,0.0,0.0,53695.240000000005,0.0,0.0,53688.3467,0.0,0.0,53682.280000000006,0.0,0.0,0.0,0.0,0.0,0.0,53689.9317,0.0,0.0,0.0,0.0,0.0,0.0,0.0,0.0,0.0,0.0,0.0,0.0,0.0,0.0,0.0,0.0,0.0,0.0,0.0,0.0,0.0,0.0,0.0,0.0,0.0,0.0,0.0,0.0,0.0,0.0,0.0,0.0,0.0,0.0,0.0,0.0,53680.8648,0.0,562553.9158000003,2698124693
2016-12-12,0.0,0.0,7847.2504,55104.412,0.0,55104.78080000001,0.0,55093.9807,54985.72,0.0,0.0,0.0,55060.7596,55053.8072,0.0,0.0,55107.54,0.0,0.0,0.0,0.0,0.0,55106.880000000005,0.0,55036.0712,0.0,0.0,55084.398499999996,0.0,0.0,0.0,0.0,0.0,0.0,0.0,0.0,55037.763,0.0,55052.585,0.0,0.0,55108.3372,0.0,0.0,0.0,0.0,0.0,0.0,0.0,0.0,0.0,0.0,12951.980800000001,0.0,0.0,0.0,55089.810600000004,0.0,0.0,0.0,58.67999999999999,0.0,0.0,0.0,0.0,0.0,0.0,55053.700800000006,254639.52910000028,2698124693
2017-01-09,0.0,55968.2796,0.0,19177.5472,0.0,0.0,0.0,55979.182,0.0,0.0,0.0,0.0,0.0,0.0,0.0,0.0,55969.52,0.0,0.0,0.0,0.0,0.0,55974.719999999994,55903.414500000006,0.0,0.0,0.0,0.0,0.0,0.0,0.0,0.0,55922.356499999994,20388.203400000002,55889.850000000006,0.0,0.0,55968.2631,55917.8122,55935.5592,55971.1922,0.0,0.0,0.0,0.0,55976.0448,0.0,0.0,0.0,55973.764800000004,0.0,0.0,0.0,0.0,55958.354400000004,55955.7184,0.0,0.0,55858.3376,0.0,107.58,0.0,55925.9584,0.0,55951.1478,0.0,0.0,0.0,72140.78040000016,2698124693
2017-02-06,0.0,0.0,0.0,56220.1956,0.0,0.0,56198.22,56215.2558,0.0,0.0,0.0,0.0,0.0,0.0,0.0,0.0,56230.799999999996,0.0,0.0,0.0,0.0,54.0224,56224.21000000001,0.0,0.0,0.0,0.0,44372.374800000005,0.0,0.0,0.0,0.0,56192.3252,56173.5579,0.0,0.0,0.0,0.0,56167.2072,0.0,0.0,0.0,0.0,0.0,0.0,0.0,0.0,0.0,0.0,56213.0315,0.0,13.6754,0.0,0.0,56208.908,0.0,0.0,0.0,0.0,0.0,9.78,0.0,56226.7566,0.0,0.0,14.2455,0.0,19733.817600000002,441496.29510000005,2698124693
2017-03-06,0.0,0.0,11959.5024,58229.556000000004,0.0,58228.229999999996,0.0,58223.8944,0.0,0.0,0.0,58226.844,0.0,58116.0779,0.0,58170.636000000006,58224.32,0.0,0.0,451.41499999999996,0.0,0.0,58211.53,0.0,0.0,0.0,0.0,58227.400799999996,0.0,58219.159,0.0,0.0,0.0,0.0,0.0,0.0,58221.45,0.0,58215.5408,0.0,0.0,0.0,0.0,0.0,0.0,0.0,0.0,0.0,0.0,0.0,0.0,0.0,0.0,0.0,0.0,0.0,0.0,0.0,0.0,0.0,0.0,0.0,0.0,0.0,0.0,0.0,0.0,0.0,453043.77920000005,2698124693
2017-04-03,0.0,0.0,58372.128000000004,58371.9652,0.0,58374.016200000005,0.0,58373.655399999996,0.0,0.0,0.0,58366.035,36134.7969,0.0,0.0,0.0,0.0,0.0,0.0,0.0,58368.141,0.0,58361.270000000004,0.0,58084.76,0.0,0.0,58373.0547,0.0,58366.652500000004,0.0,0.0,0.0,0.0,0.0,0.0,0.0,0.0,0.0,0.0,0.0,0.0,0.0,0.0,18485.379,0.0,0.0,0.0,0.0,0.0,0.0,0.0,0.0,0.0,0.0,0.0,0.0,0.0,0.0,0.0,0.0,0.0,0.0,0.0,0.0,0.0,0.0,0.0,529071.9642,2698124693
2017-05-01,0.0,174.9955,0.0,59897.30760000001,0.0,59900.1492,0.0,59841.4565,0.0,0.0,0.0,39707.0105,0.0,151.5785,0.0,0.0,59905.100000000006,0.0,0.0,0.0,0.0,0.0,59889.049999999996,0.0,0.0,0.0,0.0,0.0,0.0,59904.991700000006,0.0,0.0,0.0,0.0,0.0,0.0,0.0,0.0,0.0,0.0,0.0,0.0,0.0,0.0,0.0,0.0,0.0,59898.3576,0.0,0.0,0.0,59896.2987,59905.1028,0.0,0.0,0.0,59890.97380000001,59895.725999999995,0.0,0.0,0.0,0.0,0.0,0.0,0.0,0.0,0.0,0.0,498799.4261,2698124693
2017-05-29,0.0,0.0,26445.0987,59705.35079999999,0.0,59710.6968,0.0,59722.0608,59648.4,0.0,0.0,59717.725,44608.7481,0.0,0.0,0.0,59715.63,0.0,0.0,0.0,59708.688,0.0,59714.100000000006,0.0,59687.91,0.0,0.0,59690.720400000006,0.0,59722.0901,0.0,0.0,0.0,0.0,0.0,0.0,0.0,0.0,59667.4215,0.0,0.0,0.0,0.0,0.0,0.0,0.0,0.0,0.0,0.0,0.0,0.0,0.0,0.0,0.0,0.0,0.0,0.0,0.0,0.0,0.0,19.56,0.0,0.0,0.0,0.0,0.0,0.0,0.0,406386.8102,2698124693
2017-06-26,0.0,0.0,61217.0371,61218.58840000001,0.0,61221.0495,0.0,61225.7532,0.0,0.0,0.0,0.0,0.0,0.0,0.0,0.0,61218.450000000004,0.0,0.0,0.0,61194.159,0.0,61229.1,0.0,0.0,0.0,61220.42570000001,61179.256199999996,0.0,61222.89,0.0,0.0,0.0,0.0,0.0,0.0,0.0,0.0,0.0,0.0,0.0,0.0,0.0,0.0,0.0,0.0,0.0,0.0,0.0,0.0,0.0,0.0,0.0,0.0,61203.3408,0.0,0.0,0.0,0.0,0.0,0.0,0.0,0.0,9938.4285,0.0,0.0,0.0,0.0,540748.1377999999,2698124693
2017-07-24,32.923,893.5416,62634.2013,62628.33,0.0,62622.72,0.0,62574.9928,0.0,0.0,0.0,0.0,0.0,62573.2218,0.0,212.9226,62628.0,0.0,0.0,0.0,0.0,0.0,62629.08,0.0,0.0,0.0,0.0,62587.2366,0.0,50492.2096,0.0,0.0,62583.9504,61503.3966,0.0,0.0,0.0,0.0,62596.5345,0.0,0.0,0.0,0.0,0.0,0.0,0.0,0.0,62632.791999999994,0.0,0.0,0.0,0.0,0.0,0.0,0.0,0.0,0.0,0.0,0.0,0.0,0.0,0.0,0.0,0.0,0.0,0.0,0.0,0.0,450264.7983999999,2698124693
2017-08-21,0.0,0.0,0.0,61897.475999999995,0.0,61897.8024,0.0,61897.5875,42801.6,0.0,0.0,61893.37439999999,61822.3151,0.0,0.0,0.0,61905.47,0.0,0.0,0.0,0.0,0.0,61890.39,0.0,61827.0,0.0,0.0,61872.465599999996,0.0,61896.1818,0.0,0.0,0.0,0.0,0.0,0.0,61595.232,43984.066,61878.4551,0.0,0.0,0.0,0.0,0.0,0.0,0.0,61789.112,0.0,0.0,0.0,0.0,0.0,0.0,0.0,61859.84,0.0,0.0,22.524,0.0,0.0,9.78,0.0,0.0,0.0,0.0,0.0,0.0,0.0,284699.70589999977,2698124693
2017-09-18,35.6981,0.0,64079.5116,64070.9316,0.0,64085.624,63664.2,64070.24800000001,0.0,0.0,0.0,0.0,0.0,0.0,0.0,64012.88,64081.92,0.0,0.0,0.0,0.0,64079.82,64068.34,64071.603599999995,0.0,0.0,0.0,0.0,0.0,64086.854,0.0,0.0,0.0,0.0,64049.542100000006,0.0,0.0,0.0,64040.064,0.0,0.0,0.0,0.0,0.0,0.0,0.0,0.0,64073.9428,0.0,64051.4166,0.0,0.0,0.0,0.0,50684.9188,0.0,0.0,0.0,63983.661700000004,0.0,0.0,0.0,64087.2037,0.0,36832.95,0.0,0.0,64058.4728,40726.71929999988,2698124693
2017-10-16,0.0,0.0,65678.4044,65656.1915,0.0,65674.9938,52672.399999999994,65665.9008,0.0,0.0,0.0,0.0,0.0,0.0,0.0,0.0,65674.19,0.0,0.0,0.0,0.0,65657.592,65672.26,0.0,0.0,0.0,0.0,0.0,0.0,47369.2221,0.0,0.0,0.0,0.0,65601.5326,0.0,0.0,0.0,0.0,0.0,0.0,0.0,0.0,0.0,0.0,0.0,0.0,65674.287,0.0,65428.292,0.0,0.0,0.0,0.0,65656.192,0.0,0.0,0.0,65566.995,0.0,0.0,0.0,65581.85699999999,0.0,0.0,0.0,0.0,0.0,359693.32599999994,2698124693
2017-11-13,0.0,0.0,65249.536,65256.066,0.0,65261.759999999995,64883.34,65255.90549999999,0.0,0.0,0.0,0.0,0.0,0.0,0.0,0.0,65260.08,0.0,0.0,0.0,0.0,65238.561499999996,65255.25,65255.877,0.0,0.0,0.0,0.0,0.0,38928.9617,0.0,0.0,65234.28599999999,26730.1943,0.0,0.0,0.0,0.0,0.0,65215.1472,0.0,0.0,0.0,0.0,0.0,65218.5072,0.0,0.0,0.0,65226.2532,0.0,0.0,0.0,0.0,65227.8522,65232.976200000005,0.0,0.0,65139.113600000004,0.0,0.0,0.0,65204.79609999999,0.0,65234.356199999995,0.0,0.0,65255.81310000001,-153.47439999994822,2698124693
2017-12-11,0.0,0.0,67518.8727,67499.488,0.0,67516.996,67317.95,67497.12479999999,0.0,0.0,0.0,0.0,0.0,0.0,0.0,0.0,58653.0,0.0,0.0,0.0,0.0,67459.1654,67503.1,67503.2895,0.0,0.0,0.0,0.0,0.0,67513.373,0.0,0.0,0.0,67301.732,0.0,0.0,0.0,0.0,0.0,67495.248,0.0,0.0,0.0,0.0,0.0,67495.09939999999,0.0,0.0,0.0,67509.216,0.0,0.0,0.0,0.0,67493.0991,67486.23,0.0,0.0,67493.7555,0.0,0.0,0.0,67452.203,0.0,67501.9935,0.0,0.0,67482.076,9019.02400000015,2698124693
2018-01-08,0.0,0.0,70885.70790000001,70886.25600000001,0.0,70894.42079999999,0.0,70823.436,0.0,0.0,0.0,70881.7604,0.0,0.0,0.0,70833.141,70877.22,0.0,0.0,70889.235,0.0,1501.709,70876.7,0.0,0.0,0.0,0.0,0.0,0.0,70877.3265,0.0,0.0,0.0,0.0,0.0,0.0,0.0,0.0,0.0,0.0,0.0,0.0,0.0,0.0,0.0,0.0,0.0,0.0,0.0,0.0,0.0,9476.426,0.0,0.0,0.0,0.0,0.0,0.0,70844.084,0.0,19.56,0.0,0.0,0.0,0.0,0.0,0.0,0.0,626631.6096000001,2698124693
2018-02-05,0.0,0.0,70897.3644,0.0,0.0,70912.534,0.0,70765.7286,0.0,0.0,0.0,70746.9876,0.0,0.0,0.0,0.0,70893.95999999999,0.0,0.0,70906.26610000001,70904.06700000001,0.0,85.38,0.0,70688.31,0.0,0.0,70897.4459,0.0,70902.35609999999,0.0,0.0,0.0,0.0,0.0,0.0,70860.3484,0.0,0.0,0.0,0.0,0.0,0.0,0.0,70890.2404,0.0,0.0,0.0,0.0,0.0,0.0,0.0,0.0,0.0,70885.1808,0.0,0.0,0.0,0.0,0.0,0.0,0.0,0.0,0.0,0.0,0.0,0.0,0.0,496524.6247000002,2698124693
2018-03-05,9073.286600000001,0.0,72855.4062,0.0,0.0,72856.13709999999,0.0,72840.47,0.0,0.0,0.0,72345.8,0.0,72836.416,0.0,0.0,72845.70999999999,0.0,0.0,72864.1089,0.0,0.0,0.0,0.0,72865.8,0.0,0.0,0.0,0.0,0.0,0.0,0.0,0.0,0.0,0.0,72705.54,0.0,72832.2308,72838.8892,0.0,0.0,0.0,0.0,0.0,72859.4724,0.0,0.0,0.0,0.0,72858.62580000001,1866.2532,72863.96040000001,0.0,0.0,0.0,0.0,72849.9528,0.0,62413.6711,0.0,0.0,72727.2,72838.6769,0.0,0.0,72864.3868,72841.9136,0.0,-107.34809999965364,2698124693
2018-04-02,51230.4214,0.0,0.0,0.0,0.0,0.0,0.0,69298.1443,0.0,32854.3776,0.0,0.0,0.0,0.0,0.0,0.0,69289.95999999999,0.0,0.0,0.0,69273.672,0.0,0.0,0.0,0.0,0.0,0.0,0.0,0.0,0.0,0.0,0.0,0.0,0.0,0.0,0.0,0.0,69300.8878,0.0,0.0,0.0,69280.8315,0.0,0.0,0.0,0.0,0.0,69306.52230000001,0.0,0.0,0.0,0.0,0.0,0.0,0.0,0.0,0.0,0.0,0.0,0.0,0.0,0.0,0.0,0.0,0.0,0.0,0.0,0.0,885667.2238000004,2698124693
2018-04-30,0.0,70118.9186,0.0,0.0,0.0,70132.6764,0.0,70128.28600000001,70130.26,0.0,0.0,25898.5416,0.0,0.0,0.0,0.0,70123.11,0.0,0.0,70131.3696,70106.985,0.0,0.0,0.0,0.0,0.0,0.0,0.0,0.0,70116.75450000001,0.0,0.0,0.0,0.0,0.0,0.0,0.0,70083.36,0.0,0.0,0.0,0.0,70129.3112,0.0,0.0,0.0,70022.8737,0.0,0.0,0.0,0.0,0.0,0.0,0.0,0.0,0.0,0.0,0.0,0.0,0.0,0.0,0.0,0.0,0.0,0.0,0.0,0.0,0.0,605092.4163000004,2698124693
2018-05-28,188.02700000000002,70245.6476,71038.1295,0.0,0.0,71042.5485,0.0,71025.2462,0.0,0.0,0.0,71037.90000000001,71044.9372,71033.1296,0.0,0.0,71048.86,0.0,0.0,0.0,71048.99100000001,71045.8002,71043.56,0.0,35895.42,0.0,0.0,71026.9092,0.0,71033.6163,0.0,0.0,0.0,0.0,0.0,70807.5,71006.8374,71014.8768,70978.40250000001,0.0,0.0,0.0,0.0,0.0,71032.7256,0.0,0.0,0.0,0.0,0.0,0.0,0.0,0.0,0.0,0.0,0.0,0.0,0.0,0.0,36079.4588,0.0,71032.5,0.0,0.0,0.0,0.0,0.0,0.0,-406.31549999967683,2698124693
2018-06-25,0.0,0.0,72192.636,0.0,0.0,72188.37359999999,0.0,72142.9632,0.0,0.0,0.0,72190.3104,0.0,0.0,0.0,0.0,72188.8,0.0,0.0,0.0,72172.152,72154.2028,72200.3,0.0,72154.02,0.0,0.0,72192.5022,0.0,72181.779,0.0,0.0,0.0,0.0,0.0,0.0,43639.9488,72158.784,0.0,0.0,72199.1816,33586.484,0.0,0.0,67564.8075,0.0,72134.7679,72193.4913,0.0,0.0,12.6152,0.0,72194.5845,0.0,0.0,72174.6942,0.0,0.0,0.0,0.0,19.56,72118.15999999999,0.0,0.0,0.0,0.0,0.0,0.0,-743.5731999994605,2698124693
2018-07-23,0.0,0.0,74736.6832,43631.7,0.0,74730.95760000001,0.0,74691.0891,74589.45,0.0,0.0,74729.3814,74683.44,74625.9338,0.0,25219.8642,74726.40000000001,0.0,0.0,0.0,74708.322,0.0,74718.98999999999,0.0,74593.43,74704.7448,0.0,74708.4788,0.0,74716.19709999999,0.0,0.0,0.0,0.0,0.0,0.0,74708.60459999999,74710.989,74703.5128,0.0,0.0,0.0,0.0,0.0,74730.3904,0.0,0.0,0.0,0.0,0.0,0.0,0.0,0.0,0.0,0.0,0.0,0.0,0.0,0.0,74650.7664,0.0,0.0,0.0,0.0,0.0,0.0,0.0,0.0,5898.261600000667,2698124693
2018-08-20,0.0,22486.5837,18597.9393,74889.1824,0.0,632.9359999999999,0.0,74878.0956,0.0,0.0,0.0,74887.80350000001,0.0,0.0,0.0,0.0,74903.66,0.0,0.0,0.0,74889.477,0.0,74899.46,0.0,0.0,0.0,0.0,0.0,0.0,74900.42629999999,0.0,0.0,0.0,74845.1612,0.0,0.0,0.0,0.0,0.0,0.0,0.0,0.0,0.0,0.0,52.7084,0.0,0.0,0.0,0.0,0.0,0.0,0.0,0.0,0.0,0.0,0.0,0.0,0.0,0.0,0.0,19.56,0.0,0.0,0.0,0.0,0.0,0.0,0.0,856649.1164000004,2698124693
2018-09-17,75612.9399,0.0,22.3979,75596.3832,0.0,0.0,0.0,75579.7812,0.0,0.0,0.0,75610.2081,0.0,75543.2571,0.0,0.0,75609.05,0.0,0.0,0.0,75614.09700000001,75561.6654,0.0,0.0,0.0,0.0,75611.71800000001,75581.3352,0.0,75603.0609,0.0,0.0,0.0,0.0,0.0,0.0,0.0,75569.44499999999,43577.799999999996,75586.8366,0.0,0.0,0.0,0.0,75589.64,0.0,75616.4318,75603.3864,0.0,75583.327,0.0,0.0,0.0,0.0,0.0,0.0,75597.4332,0.0,0.0,0.0,0.0,0.0,75586.122,0.0,0.0,0.0,0.0,0.0,31898.31860000058,2698124693
2018-10-15,0.0,0.0,50685.648,0.0,0.0,0.0,0.0,71551.247,0.0,0.0,0.0,0.0,0.0,28553.2473,0.0,0.0,0.0,0.0,0.0,71573.37000000001,71556.225,71541.63,0.0,0.0,71455.92,0.0,0.0,71525.484,0.0,71577.88560000001,71545.58009999999,0.0,0.0,0.0,0.0,0.0,0.0,71544.2442,71480.2482,0.0,0.0,0.0,0.0,0.0,71550.2964,0.0,0.0,0.0,0.0,0.0,0.0,0.0,0.0,0.0,0.0,0.0,0.0,34.612,0.0,0.0,0.0,0.0,0.0,0.0,0.0,0.0,0.0,0.0,564699.8645000008,2698124693
2018-11-12,72422.89199999999,0.0,0.0,0.0,0.0,72423.5652,0.0,72382.7543,0.0,72420.1245,0.0,0.0,0.0,72292.2728,0.0,0.0,72398.64,0.0,0.0,72415.81749999999,0.0,0.0,0.0,0.0,0.0,0.0,0.0,0.0,0.0,0.0,0.0,0.0,72342.07819999999,0.0,0.0,34454.0,0.0,0.0,0.0,0.0,72397.0708,72421.87000000001,72421.3569,0.0,0.0,0.0,72415.6818,2749.3687,0.0,72389.0196,72425.90789999999,0.0,0.0,0.0,72390.08589999999,0.0,72397.22,72417.6987,0.0,0.0,35511.18,172.85,0.0,72426.042,0.0,0.0,0.0,72380.1792,-724.0844999992405,2698124693
2018-12-10,0.0,0.0,0.0,0.0,0.0,0.0,71755.47,71916.0027,0.0,71970.375,0.0,0.0,0.0,0.0,0.0,0.0,0.0,0.0,0.0,0.0,71954.766,0.0,71983.2,0.0,0.0,0.0,0.0,0.0,0.0,0.0,0.0,0.0,0.0,71790.244,0.0,0.0,0.0,0.0,0.0,0.0,71978.2092,71946.6228,0.0,0.0,0.0,0.0,0.0,0.0,0.0,71981.8116,0.0,0.0,71976.2675,0.0,0.0,71962.2882,0.0,71983.1381,38208.1536,0.0,19.6596,0.0,71955.3933,0.0,71948.5768,0.0,0.0,0.0,393536.24090000073,2698124693
2019-01-07,0.0,0.0,0.0,61638.8184,0.0,0.0,0.0,0.0,0.0,0.0,0.0,69639.71459999999,69544.4887,0.0,0.0,0.0,0.0,0.0,0.0,0.0,0.0,0.0,0.0,0.0,0.0,0.0,0.0,69612.6431,0.0,0.0,0.0,0.0,0.0,0.0,0.0,0.0,0.0,69650.8032,0.0,0.0,0.0,0.0,41215.902,0.0,0.0,0.0,0.0,0.0,0.0,0.0,0.0,0.0,0.0,0.0,69620.5262,0.0,0.0,0.0,0.0,0.0,0.0,0.0,0.0,0.0,0.0,0.0,0.0,0.0,941644.7307000007,2698124693
2019-02-04,70907.9926,0.0,70924.3392,13725.72,0.0,57967.0196,0.0,70882.265,70896.8,0.0,0.0,0.0,70845.2038,70836.6995,0.0,0.0,70924.62,0.0,0.0,70927.75,0.0,70918.4038,0.0,0.0,0.0,0.0,0.0,70912.80069999999,0.0,70910.2589,0.0,0.0,0.0,0.0,70863.656,0.0,70867.3884,0.0,0.0,0.0,0.0,70897.6905,0.0,0.0,70903.104,0.0,70938.55619999999,0.0,0.0,70914.6984,25.9582,0.0,70937.343,0.0,0.0,0.0,70933.155,0.0,0.0,0.0,0.0,0.0,0.0,0.0,0.0,0.0,0.0,0.0,-661.2935999993351,2698124693
2019-03-04,71607.03330000001,584.2186,71641.7856,0.0,0.0,71651.16179999999,0.0,71620.08,71642.55,0.0,0.0,0.0,71576.7134,71479.7328,0.0,0.0,0.0,0.0,0.0,71639.4405,0.0,27864.416,0.0,0.0,0.0,0.0,0.0,71624.1845,0.0,71643.3016,0.0,0.0,0.0,0.0,71628.9189,0.0,71574.7908,24439.2636,19200.288999999997,0.0,0.0,71626.2,0.0,0.0,71649.0768,0.0,71540.86600000001,71639.3124,0.0,71627.97,0.0,71651.1096,71636.3374,0.0,0.0,0.0,0.0,0.0,0.0,0.0,0.0,0.0,0.0,0.0,0.0,0.0,0.0,0.0,-594.3928999994532,2698124693
2019-04-01,48571.4406,0.0,73896.0216,0.0,0.0,73908.85740000001,73109.41,73845.1303,73800.0,0.0,0.0,0.0,0.0,73718.3079,0.0,0.0,0.0,0.0,0.0,73884.8927,0.0,17167.5537,0.0,0.0,0.0,0.0,0.0,73903.5913,0.0,73897.2299,0.0,0.0,73905.93209999999,0.0,73816.5566,0.0,73817.4024,9585.2428,0.0,73867.0192,73907.1872,0.0,0.0,0.0,73901.6741,73879.0879,0.0,73900.7076,0.0,0.0,13.7589,0.0,0.0,0.0,0.0,0.0,73894.31,0.0,0.0,0.0,9.9392,0.0,73900.3904,0.0,50.8897,0.0,0.0,0.0,-920.3399999996182,2698124693
2019-04-29,75975.5916,0.0,76008.016,49823.43,0.0,76014.932,0.0,75960.3684,0.0,0.0,0.0,0.0,0.0,0.0,0.0,0.0,76016.36,0.0,0.0,76004.0281,0.0,0.0,0.0,0.0,0.0,0.0,0.0,76012.53300000001,0.0,76002.6232,0.0,0.0,75922.356,0.0,0.0,0.0,0.0,0.0,0.0,75915.7152,0.0,0.0,0.0,0.0,75962.6738,0.0,0.0,0.0,0.0,76003.0208,0.0,76023.1976,76011.726,0.0,50313.9861,0.0,0.0,0.0,0.0,0.0,0.0,0.0,76006.3293,0.0,0.0,0.0,0.0,75980.13100000001,203707.0740000005,2698124693
2019-05-27,75692.6748,0.0,75732.804,0.0,0.0,75719.985,1052.19,75673.008,75633.75,0.0,0.0,0.0,45185.268,75533.2032,0.0,0.0,38.82,0.0,0.0,0.0,16159.715000000002,75705.9096,0.0,0.0,13603.580000000002,0.0,75732.1152,75703.302,0.0,0.0,0.0,0.0,0.0,0.0,75632.0004,0.0,0.0,75712.23,0.0,75668.2745,0.0,0.0,0.0,0.0,75673.30069999999,75723.06,0.0,75729.7748,0.0,75671.937,0.0,0.0,0.0,0.0,0.0,0.0,0.0,0.0,0.0,0.0,0.0,0.0,75680.3169,0.0,75729.3678,56.393699999999995,0.0,75721.6691,-216.5324999994482,2698124693
2019-06-24,79349.40239999999,0.0,79351.8876,0.0,0.0,79339.4469,0.0,79336.908,0.0,0.0,0.0,0.0,79352.3638,0.0,0.0,0.0,79338.16,0.0,0.0,0.0,79339.4811,79326.9568,79351.23999999999,0.0,0.0,0.0,0.0,79345.08750000001,0.0,50323.4952,0.0,0.0,0.0,0.0,79330.3278,0.0,79306.666,79355.02,59636.2728,79344.1476,0.0,0.0,0.0,0.0,79296.042,79341.7396,48902.778,0.0,0.0,79350.16140000001,0.0,0.0,0.0,0.0,0.0,0.0,0.0,0.0,0.0,0.0,0.0,0.0,0.0,0.0,79348.49339999999,0.0,0.0,0.0,-554.1117999996059,2698124693
2019-07-22,46798.7623,0.0,0.0,0.0,0.0,81375.81929999999,22328.04,81348.63660000001,0.0,0.0,0.0,0.0,0.0,81243.1433,0.0,81347.2004,0.0,0.0,0.0,81362.8827,0.0,0.0,0.0,0.0,0.0,0.0,0.0,81347.1407,0.0,0.0,0.0,0.0,0.0,0.0,0.0,0.0,0.0,0.0,0.0,0.0,0.0,0.0,81377.72959999999,0.0,0.0,81327.65999999999,0.0,0.0,0.0,81377.63140000001,0.0,10.2636,0.0,0.0,0.0,81379.0703,0.0,0.0,0.0,0.0,10.1482,0.0,524.4185,0.0,81364.85639999999,0.0,0.0,81338.8331,581137.2859000005,2698124693
2019-08-19,80771.5531,0.0,0.0,0.0,0.0,80754.9444,0.0,80750.1572,80576.94,80759.9926,0.0,80769.29460000001,0.0,80672.4632,0.0,0.0,80762.5,0.0,80759.937,0.0,0.0,0.0,0.0,0.0,0.0,0.0,0.0,0.0,0.0,0.0,0.0,0.0,0.0,0.0,0.0,0.0,0.0,0.0,0.0,0.0,0.0,0.0,77874.4068,0.0,0.0,0.0,0.0,80754.5284,0.0,0.0,0.0,0.0,0.0,0.0,0.0,0.0,0.0,0.0,80564.9877,0.0,0.0,80635.79000000001,0.0,0.0,0.0,0.0,0.0,0.0,568473.3819000006,2698124693
2019-09-16,0.0,0.0,81010.64229999999,0.0,0.0,0.0,0.0,80990.413,0.0,0.0,0.0,0.0,80952.69549999999,0.0,0.0,0.0,80985.06000000001,0.0,0.0,0.0,81006.8714,0.0,0.0,0.0,80886.51000000001,0.0,0.0,80966.2425,0.0,0.0,0.0,0.0,0.0,0.0,80988.44870000001,0.0,0.0,80989.536,21924.0432,80958.6529,80987.81599999999,80978.9152,0.0,0.0,81008.274,80989.514,0.0,0.0,0.0,80998.8884,0.0,0.0,0.0,0.0,0.0,0.0,80986.311,0.0,0.0,0.0,0.0,0.0,81005.862,0.0,80986.725,0.0,0.0,0.0,139923.21270000067,2698124693
2019-10-14,82428.4755,0.0,0.0,82429.1875,0.0,82453.2246,0.0,82386.216,59462.26,0.0,0.0,0.0,0.0,0.0,0.0,0.0,82419.88,0.0,0.0,82447.125,0.0,0.0,1048.32,0.0,0.0,0.0,20410.0164,82407.4335,0.0,0.0,0.0,0.0,0.0,0.0,82395.62819999999,0.0,82379.3637,82428.4835,0.0,82343.8125,0.0,82435.1268,0.0,0.0,0.0,82416.73439999999,0.0,82435.3275,0.0,82393.705,0.0,0.0,0.0,0.0,82405.526,0.0,82428.4814,0.0,0.0,1972.2184,0.0,0.0,82411.2867,0.0,82454.3904,0.0,0.0,0.0,-439.78069999907166,2698124693
2019-11-11,84376.56599999999,0.0,0.0,0.0,0.0,84400.766,83570.55,84352.7564,0.0,0.0,0.0,0.0,0.0,0.0,0.0,0.0,0.0,0.0,0.0,84400.6243,0.0,0.0,0.0,0.0,0.0,0.0,0.0,0.0,0.0,0.0,0.0,0.0,0.0,84257.8623,0.0,0.0,0.0,0.0,0.0,0.0,84407.54209999999,64029.9924,0.0,0.0,0.0,0.0,0.0,73891.4673,0.0,84337.7275,0.0,0.0,0.0,0.0,84361.62640000001,0.0,0.0,0.0,0.0,0.0,0.0,0.0,27517.8448,0.0,0.0,0.0,0.0,0.0,763665.5506000009,2698124693
2019-12-09,84340.80069999999,0.0,0.0,0.0,0.0,84352.85100000001,0.0,84337.4672,84345.78,0.0,0.0,0.0,84279.9,0.0,0.0,0.0,0.0,0.0,0.0,84360.0483,0.0,0.0,0.0,0.0,0.0,0.0,0.0,0.0,0.0,0.0,0.0,0.0,0.0,0.0,0.0,0.0,84303.9106,84337.1298,0.0,0.0,0.0,25137.151,0.0,0.0,0.0,84332.16350000001,84290.8938,0.0,0.0,0.0,0.0,0.0,0.0,0.0,84327.54119999999,0.0,0.0,0.0,0.0,0.0,0.0,0.0,0.0,84359.3312,0.0,0.0,0.0,0.0,649656.2327000007,2698124693
2020-01-06,16657.2321,0.0,0.0,0.0,0.0,0.0,85096.83,85298.14009999999,0.0,0.0,0.0,0.0,0.0,0.0,0.0,0.0,85317.40999999999,0.0,0.0,85301.3189,0.0,0.0,0.0,0.0,0.0,0.0,0.0,85271.778,0.0,0.0,0.0,0.0,0.0,0.0,0.0,0.0,0.0,0.0,0.0,70203.9252,85280.7692,0.0,0.0,0.0,0.0,0.0,0.0,0.0,0.0,85255.4807,0.0,0.0,0.0,0.0,85267.55040000001,0.0,0.0,782.6702,0.0,0.0,0.0,0.0,85248.999,85308.7428,0.0,0.0,0.0,0.0,765550.9919000008,2698124693
2020-02-03,86192.00259999999,0.0,0.0,86205.93,0.0,86207.7294,86136.90000000001,86221.36679999999,0.0,0.0,0.0,0.0,0.0,0.0,0.0,86174.91100000001,0.0,0.0,0.0,86206.7031,0.0,0.0,0.0,0.0,0.0,0.0,0.0,86194.098,0.0,86206.72899999999,0.0,0.0,86187.99840000001,0.0,86179.64159999999,0.0,0.0,0.0,0.0,86065.8135,0.0,8944.2423,0.0,0.0,86222.6164,86151.4056,0.0,0.0,0.0,86146.8093,0.0,0.0,0.0,0.0,86178.5232,292.3648,0.0,86216.0,86056.9086,0.0,0.0,0.0,86119.0281,0.0,0.0,0.0,0.0,0.0,77354.66710000078,2698124693
2020-03-02,0.0,0.0,0.0,0.0,0.0,0.0,0.0,0.0,0.0,0.0,0.0,0.0,0.0,71842.29980000001,0.0,0.0,0.0,0.0,0.0,0.0,0.0,0.0,85319.67,0.0,0.0,0.0,0.0,0.0,85330.9394,0.0,0.0,0.0,0.0,0.0,85262.57979999999,0.0,0.0,0.0,0.0,0.0,0.0,0.0,0.0,0.0,0.0,0.0,0.0,0.0,0.0,0.0,0.0,0.0,0.0,0.0,0.0,0.0,0.0,0.0,0.0,0.0,0.0,0.0,0.0,0.0,0.0,0.0,0.0,0.0,1378409.0698000006,2698124693
2020-03-30,0.0,0.0,0.0,0.0,0.0,0.0,0.0,0.0,0.0,70091.2756,0.0,0.0,0.0,0.0,0.0,0.0,0.0,0.0,0.0,0.0,0.0,0.0,0.0,0.0,0.0,0.0,0.0,0.0,0.0,0.0,0.0,0.0,0.0,0.0,0.0,0.0,0.0,0.0,0.0,0.0,0.0,0.0,0.0,0.0,0.0,0.0,0.0,0.0,0.0,0.0,0.0,0.0,0.0,0.0,0.0,0.0,0.0,0.0,0.0,0.0,0.0,0.0,0.0,0.0,0.0,0.0,0.0,0.0,1618917.6771000007,2698124693
2020-04-27,0.0,84335.694,84328.6139,0.0,0.0,0.0,0.0,84288.312,0.0,0.0,0.0,84319.24399999999,84200.4339,0.0,0.0,0.0,0.0,0.0,0.0,84326.4,84318.10119999999,0.0,84326.97,84324.4677,0.0,0.0,0.0,0.0,0.0,0.0,53816.8893,0.0,83889.9371,0.0,0.0,0.0,0.0,0.0,0.0,0.0,0.0,0.0,84210.3324,0.0,0.0,0.0,0.0,0.0,0.0,0.0,84311.176,84329.13829999999,84333.228,31272.045,0.0,84281.0668,0.0,84294.75,0.0,0.0,84333.6102,0.0,0.0,0.0,84298.9044,0.0,84328.28219999999,0.0,-316.8089999993099,2698124693
2020-05-25,0.0,0.0,0.0,87811.344,0.0,0.0,0.0,24981.606000000003,0.0,0.0,0.0,0.0,0.0,0.0,0.0,0.0,0.0,0.0,0.0,87797.6287,0.0,0.0,0.0,87787.9296,87615.0,0.0,0.0,0.0,0.0,87794.565,0.0,0.0,0.0,0.0,0.0,87496.23999999999,0.0,87796.2176,0.0,0.0,0.0,0.0,0.0,0.0,0.0,0.0,0.0,0.0,0.0,0.0,0.0,87817.5162,0.0,0.0,87780.83,0.0,0.0,0.0,0.0,0.0,87818.8918,0.0,0.0,0.0,0.0,0.0,87816.75839999999,0.0,765359.8153000006,2698124693
2020-06-22,0.0,93089.20180000001,93105.7024,93074.445,0.0,93107.8785,92314.08,0.0,0.0,0.0,0.0,0.0,93039.4794,0.0,0.0,93049.235,0.0,0.0,0.0,93105.265,93109.6166,0.0,0.0,0.0,0.0,93081.55780000001,229.6791,0.0,0.0,93094.8432,0.0,0.0,0.0,0.0,92964.431,0.0,0.0,0.0,0.0,0.0,93105.55709999999,93098.3304,47084.3725,0.0,0.0,0.0,0.0,0.0,0.0,0.0,0.0,93110.1115,93107.9136,0.0,0.0,0.0,45.3746,93068.352,45159.462999999996,0.0,93102.633,0.0,0.0,0.0,93103.6164,1667.4568000000002,0.0,0.0,-553.872099999222,2698124693
2020-07-20,0.0,0.0,0.0,0.0,0.0,0.0,0.0,0.0,0.0,96991.31,0.0,0.0,0.0,299.4186,0.0,0.0,50727.04,0.0,0.0,0.0,0.0,0.0,96972.8,0.0,0.0,0.0,33.5117,0.0,0.0,96992.57579999999,0.0,0.0,0.0,0.0,0.0,0.0,0.0,0.0,0.0,0.0,0.0,0.0,0.0,0.0,0.0,0.0,0.0,0.0,0.0,0.0,0.0,96987.771,0.0,0.0,0.0,0.0,0.0,96936.9705,0.0,0.0,96986.8952,0.0,0.0,96983.4008,0.0,96979.518,0.0,0.0,1112312.160200001,2698124693
2020-08-17,0.0,98134.92,98148.7388,0.0,0.0,98127.79899999998,97827.75,98153.00600000001,0.0,0.0,0.0,0.0,0.0,98100.8848,0.0,0.0,0.0,0.0,0.0,98159.36,0.0,0.0,0.0,0.0,0.0,0.0,98138.8915,98125.2207,0.0,0.0,0.0,0.0,0.0,97846.0812,98014.4428,0.0,0.0,0.0,0.0,98148.32299999999,98157.83039999999,0.0,0.0,0.0,98102.0388,0.0,98039.0625,0.0,0.0,0.0,0.0,0.0,0.0,0.0,53712.143,0.0,0.0,0.0,0.0,0.0,98156.2536,98034.71999999999,98079.901,0.0,0.0,0.0,0.0,0.0,143341.3369000007,2698124693
2020-09-14,0.0,99964.65400000001,99966.52380000001,0.0,0.0,0.0,0.0,99926.237,99852.76,0.0,0.0,0.0,0.0,0.0,0.0,0.0,0.0,0.0,0.0,99965.80230000001,99940.08200000001,0.0,99958.66,0.0,0.0,0.0,0.0,79781.5434,157.0625,99964.3665,0.0,0.0,0.0,0.0,0.0,0.0,99821.3706,0.0,0.0,99833.5803,0.0,0.0,99959.3728,0.0,0.0,0.0,99958.0506,0.0,0.0,0.0,0.0,99967.3744,0.0,0.0,0.0,99940.12000000001,0.0,99869.5362,0.0,0.0,99958.1824,0.0,99911.5604,0.0,0.0,0.0,99960.048,0.0,119884.6483000007,2698124693
2020-10-12,0.0,103319.3063,103344.9736,0.0,0.0,103333.2885,9152.48,0.0,0.0,0.0,0.0,0.0,103227.78110000001,0.0,0.0,0.0,0.0,0.0,0.0,103320.4151,0.0,0.0,0.0,0.0,0.0,0.0,0.0,0.0,0.0,103342.9998,0.0,0.0,0.0,103120.4944,0.0,0.0,0.0,0.0,0.0,0.0,0.0,0.0,0.0,0.0,0.0,103334.5929,103254.6975,94974.4644,0.0,103349.34959999999,103344.00959999999,103340.8162,103336.1226,0.0,0.0,0.0,0.0,103203.31,103151.6248,0.0,103342.4422,0.0,103304.022,0.0,0.0,103326.4655,103348.1631,0.0,-599.3064999991329,2698124693
2020-11-09,0.0,0.0,102847.19219999999,0.0,0.0,0.0,0.0,102805.2888,102776.0,0.0,0.0,0.0,102751.6281,0.0,0.0,0.0,0.0,0.0,0.0,102838.12,102828.1684,0.0,0.0,96416.4189,0.0,331.6311,0.0,0.0,25159.083,102838.70180000001,102693.4594,0.0,0.0,0.0,0.0,102465.44,0.0,102844.3849,0.0,0.0,102834.26640000001,0.0,0.0,0.0,0.0,0.0,0.0,0.0,0.0,0.0,102845.0124,0.0,0.0,0.0,102822.2468,102844.7559,0.0,0.0,102714.39360000001,0.0,0.0,0.0,102752.9442,0.0,0.0,0.0,102845.1298,102853.7258,84099.06890000077,2698124693
2020-12-07,0.0,0.0,111512.78600000001,0.0,0.0,111505.896,0.0,0.0,0.0,0.0,0.0,0.0,0.0,111470.1376,0.0,0.0,0.0,0.0,0.0,111505.9105,111503.9328,111509.18999999999,0.0,111511.67279999999,111364.08,0.0,0.0,0.0,0.0,111505.8528,0.0,0.0,111469.58760000001,0.0,0.0,0.0,0.0,63304.5204,0.0,0.0,0.0,0.0,0.0,0.0,0.0,83.6181,111489.25259999999,0.0,0.0,0.0,111520.6911,111527.9901,0.0,111520.95,0.0,111457.622,18501.308399999998,111452.31999999999,111362.685,0.0,111525.80040000001,0.0,30208.9612,0.0,0.0,0.0,111513.2374,0.0,-603.7264999995241,2698124693
2021-01-04,0.0,112686.7115,112716.63720000001,0.0,0.0,0.0,0.0,0.0,0.0,0.0,0.0,0.0,0.0,0.0,0.0,0.0,0.0,0.0,0.0,112718.6962,112714.30440000001,0.0,0.0,112721.5872,0.0,0.0,0.0,0.0,0.0,75972.235,0.0,112718.61379999999,0.0,0.0,0.0,0.0,35490.5047,0.0,0.0,0.0,0.0,0.0,0.0,0.0,112670.7594,0.0,0.0,0.0,0.0,0.0,112718.38269999999,112715.2145,112718.54759999999,0.0,0.0,0.0,0.0,112627.8521,0.0,0.0,112715.8698,0.0,0.0,0.0,0.0,481.6818,112715.7668,0.0,676662.5102000005,2698124693
2021-02-01,0.0,0.0,0.0,0.0,0.0,0.0,0.0,0.0,115118.64,0.0,0.0,115217.4672,115248.9155,0.0,0.0,115271.2064,0.0,0.0,0.0,115245.9,0.0,0.0,115255.14,115251.92899999999,0.0,0.0,0.0,115238.58780000001,0.0,0.0,0.0,0.0,0.0,0.0,0.0,0.0,0.0,115270.1817,115092.5425,0.0,115267.6512,0.0,0.0,0.0,0.0,0.0,0.0,115243.3895,0.0,0.0,115266.324,115269.9273,0.0,0.0,0.0,0.0,0.0,63825.567599999995,0.0,0.0,115257.67670000001,0.0,0.0,0.0,0.0,0.0,115240.5191,115254.16930000001,281871.0087000005,2698124693
2021-03-01,0.0,124452.1086,89517.7913,0.0,0.0,0.0,0.0,0.0,124355.79000000001,0.0,0.0,0.0,0.0,124384.86720000001,0.0,0.0,0.0,0.0,0.0,0.0,124444.5805,0.0,22.3,124487.16,0.0,0.0,0.0,124456.3664,0.0,0.0,0.0,0.0,124356.26819999999,124383.5201,124332.48000000001,0.0,0.0,0.0,0.0,124364.88070000001,0.0,0.0,0.0,0.0,124463.7709,0.0,16303.496,0.0,0.0,124443.97480000001,0.0,0.0,0.0,0.0,0.0,0.0,0.0,0.0,0.0,0.0,124472.89499999999,0.0,124473.711,0.0,0.0,27.9198,0.0,0.0,641241.6971000005,2698124693
2021-03-29,0.0,128661.9552,33107.9199,0.0,0.0,0.0,0.0,0.0,121127.76,0.0,0.0,0.0,0.0,0.0,0.0,0.0,0.0,0.0,0.0,128665.803,128681.8596,0.0,0.0,128641.5568,0.0,0.0,0.0,128665.0302,0.0,0.0,0.0,0.0,177.3017,0.0,128629.89000000001,0.0,0.0,0.0,0.0,0.0,0.0,0.0,0.0,0.0,128634.3086,0.0,0.0,0.0,0.0,0.0,0.0,0.0,0.0,0.0,0.0,0.0,0.0,0.0,0.0,0.0,128684.3715,0.0,0.0,0.0,0.0,0.0,0.0,0.0,1389450.5002000006,2698124693
2021-04-26,0.0,130898.50799999999,130922.23779999999,130926.7274,0.0,130903.76109999999,0.0,0.0,130554.52,0.0,0.0,0.0,112640.68400000001,0.0,0.0,1813.6426,0.0,0.0,0.0,0.0,130891.78199999999,0.0,0.0,130898.3904,0.0,0.0,0.0,130885.7176,0.0,130896.0126,0.0,0.0,0.0,130624.272,130785.6186,0.0,0.0,0.0,0.0,130756.8288,130917.7776,0.0,17574.8295,0.0,0.0,0.0,0.0,130928.0512,0.0,130836.616,0.0,0.0,0.0,0.0,0.0,0.0,130904.172,0.0,0.0,0.0,130912.14510000001,0.0,130826.784,0.0,0.0,0.0,0.0,130901.7696,-179.36609999951907,2698124693
2021-05-24,0.0,135356.0348,135369.345,135328.9608,0.0,61412.896499999995,0.0,0.0,0.0,0.0,0.0,0.0,0.0,0.0,0.0,0.0,0.0,0.0,0.0,0.0,135348.91389999999,135264.44210000001,0.0,135373.1045,0.0,0.0,0.0,135328.9314,48.0216,135326.4399,0.0,0.0,0.0,135131.9634,135288.9546,0.0,0.0,0.0,0.0,0.0,0.0,0.0,135366.1004,0.0,0.0,0.0,0.0,0.0,0.0,0.0,0.0,0.0,0.0,0.0,32179.275,0.0,0.0,0.0,0.0,0.0,135361.6677,0.0,0.0,0.0,0.0,0.0,0.0,135342.87960000001,853965.9080000003,2698124693
2021-06-21,0.0,137538.3072,137542.3932,137543.4432,0.0,0.0,137313.19999999998,0.0,0.0,0.0,0.0,0.0,0.0,0.0,0.0,0.0,0.0,0.0,0.0,0.0,137553.066,137555.27599999998,0.0,137540.9112,137212.72,0.0,0.0,137538.7835,116.05449999999999,137522.5408,0.0,0.0,0.0,137244.3456,137543.8856,0.0,0.0,0.0,137255.18159999998,137409.5584,0.0,0.0,16884.1284,0.0,0.0,137483.4308,25595.5544,0.0,0.0,0.0,0.0,0.0,0.0,0.0,137528.7072,0.0,0.0,0.0,0.0,0.0,137553.01559999998,0.0,0.0,0.0,0.0,0.0,0.0,137548.5056,233781.73740000022,2698124693
2021-07-19,103362.96,136162.1438,136184.4098,136206.045,0.0,136179.2457,0.0,136147.9158,0.0,0.0,0.0,0.0,0.0,135955.9944,0.0,0.0,25334.199999999997,0.0,0.0,0.0,136176.41749999998,0.0,65.2,136152.8858,0.0,0.0,0.0,136188.598,770.4839999999999,136208.6832,0.0,0.0,0.0,0.0,136040.1159,0.0,0.0,136172.5212,0.0,136141.3354,0.0,0.0,0.0,0.0,0.0,136101.57580000002,136076.54080000002,0.0,0.0,0.0,0.0,0.0,0.0,0.0,0.0,0.0,0.0,0.0,0.0,0.0,136202.2144,0.0,136206.9134,0.0,0.0,0.0,0.0,136193.6342,143170.87340000016,2698124693
2021-08-16,0.0,145434.4228,0.0,145459.984,0.0,0.0,0.0,145422.805,0.0,0.0,0.0,98147.9538,0.0,145068.05299999999,0.0,145418.8879,139.12,0.0,0.0,0.0,145458.82799999998,0.0,0.0,145458.5166,0.0,0.0,0.0,145420.2126,0.0,145416.81,0.0,0.0,145453.9176,145418.4522,145338.9278,0.0,0.0,0.0,0.0,145352.907,0.0,0.0,0.0,0.0,0.0,0.0,145464.624,0.0,0.0,0.0,0.0,0.0,0.0,0.0,0.0,0.0,0.0,0.0,0.0,0.0,145456.83,0.0,145347.935,0.0,0.0,0.0,0.0,145435.7278,338526.9195999999,2698124693
2021-09-13,145515.1924,43022.4,0.0,145519.3072,0.0,0.0,0.0,145525.5144,145558.4,0.0,0.0,0.0,0.0,145498.6224,0.0,145519.72329999998,0.0,0.0,0.0,0.0,145525.6332,0.0,0.0,145503.6714,103533.55,0.0,0.0,145537.569,0.0,0.0,0.0,0.0,145561.4864,0.0,145488.06089999998,0.0,145321.9976,0.0,0.0,145381.726,0.0,0.0,0.0,0.0,0.0,145437.64080000002,145315.08539999998,0.0,0.0,145535.4422,0.0,0.0,0.0,0.0,0.0,0.0,0.0,145380.3529,0.0,0.0,0.0,0.0,145488.0218,0.0,0.0,0.0,0.0,145554.354,-173.61749999946915,2698124693
2021-10-11,0.0,0.0,0.0,148036.956,148072.54,0.0,147319.03999999998,148042.572,0.0,0.0,0.0,0.0,0.0,141491.0143,0.0,148059.114,0.0,0.0,0.0,0.0,0.0,147979.4608,142718.62000000002,148025.0404,0.0,0.0,0.0,0.0,0.0,148065.7449,0.0,148055.1501,0.0,12335.6805,147997.9178,0.0,0.0,148067.5527,0.0,0.0,0.0,0.0,148037.5458,0.0,0.0,148003.145,0.0,0.0,0.0,0.0,148059.0815,0.0,0.0,0.0,0.0,148000.2544,148030.611,0.0,0.0,0.0,0.0,0.0,147950.642,0.0,0.0,0.0,0.0,148061.6559,326.8058000006713,2698124693
2021-11-08,0.0,159628.6825,78.3126,159592.1912,100835.68000000001,0.0,0.0,159633.32,0.0,0.0,0.0,0.0,0.0,0.0,0.0,159622.69439999998,0.0,0.0,41.9476,0.0,159626.3655,0.0,0.0,159605.0214,59328.82,0.0,0.0,159605.8464,0.0,159622.2144,0.0,0.0,0.0,159547.5636,159594.4798,0.0,0.0,0.0,159594.2334,0.0,0.0,159607.88,0.0,0.0,0.0,0.0,0.0,159595.8966,0.0,0.0,0.0,0.0,0.0,0.0,159549.19040000002,159557.7522,0.0,0.0,0.0,0.0,159635.79809999999,0.0,0.0,0.0,0.0,159627.1541,159598.8989,159631.7323,-862.8929999989923,2698124693
2021-12-06,0.0,0.0,153893.7764,0.0,0.0,1186.5609000000002,0.0,0.0,0.0,153889.7404,0.0,0.0,0.0,0.0,0.0,153833.4197,0.0,0.0,0.0,0.0,0.0,153751.3516,0.0,0.0,0.0,0.0,153888.38400000002,153898.4658,0.0,0.0,0.0,0.0,0.0,0.0,0.0,0.0,0.0,0.0,0.0,0.0,0.0,0.0,153893.644,153898.71920000002,0.0,153769.6999,0.0,153845.5125,0.0,0.0,0.0,0.0,153898.569,0.0,0.0,0.0,153899.408,0.0,0.0,0.0,0.0,0.0,0.0,0.0,0.0,0.0,0.0,0.0,1229673.6153000006,2698124693
2022-01-03,0.0,158198.2855,0.0,0.0,0.0,0.0,0.0,158218.01440000001,158215.54,0.0,0.0,0.0,192.4929,0.0,0.0,158185.8982,0.0,0.0,0.0,158214.114,158197.4576,61015.75,0.0,158152.67179999998,157754.28,0.0,0.0,158190.09480000002,0.0,0.0,0.0,0.0,158129.1525,0.0,112909.998,0.0,158210.78399999999,0.0,0.0,158025.6312,0.0,0.0,0.0,0.0,0.0,158118.45200000002,157943.7445,0.0,0.0,142811.26880000002,0.0,0.0,0.0,0.0,0.0,0.0,0.0,0.0,157934.337,0.0,0.0,0.0,158198.3478,0.0,158194.1088,0.0,0.0,158217.38499999998,466.5754000006709,2698124693
2022-01-31,0.0,158118.5616,0.0,0.0,0.0,158112.91780000002,0.0,158070.8965,158075.09999999998,158122.978,0.0,0.0,0.0,0.0,0.0,60536.818199999994,0.0,0.0,0.0,0.0,0.0,0.0,0.0,158084.855,157901.81,0.0,0.0,0.0,0.0,0.0,0.0,158126.34900000002,0.0,0.0,158038.5773,0.0,0.0,158127.1652,0.0,0.0,0.0,0.0,0.0,158129.49599999998,0.0,0.0,0.0,0.0,0.0,0.0,0.0,0.0,0.0,0.0,0.0,0.0,0.0,0.0,0.0,0.0,0.0,0.0,0.0,0.0,0.0,0.0,0.0,158121.40159999998,1204450.9131000007,2698124693
2022-02-28,0.0,0.0,0.0,0.0,0.0,0.0,0.0,0.0,0.0,0.0,0.0,0.0,0.0,0.0,0.0,0.0,0.0,0.0,160633.6542,0.0,0.0,0.0,160647.25,21105.9594,0.0,0.0,0.0,0.0,22.8185,0.0,0.0,160646.117,241.4245,0.0,0.0,0.0,0.0,160624.548,0.0,0.0,0.0,0.0,0.0,160637.45789999998,0.0,0.0,0.0,0.0,0.0,0.0,0.0,0.0,0.0,0.0,160637.5908,0.0,0.0,0.0,0.0,0.0,0.0,0.0,0.0,0.0,0.0,0.0,160611.0352,0.0,2066680.2331000005,2698124693
2022-03-28,2034.3192,166420.3486,0.0,0.0,0.0,0.0,0.0,0.0,0.0,166409.92169999998,0.0,0.0,166396.5866,0.0,0.0,0.0,166368.0,0.0,166406.205,0.0,166400.832,0.0,166409.25,0.0,0.0,0.0,0.0,0.0,0.0,0.0,0.0,166417.6752,0.0,0.0,0.0,0.0,0.0,0.0,0.0,0.0,0.0,0.0,0.0,166401.7565,0.0,0.0,166370.907,0.0,0.0,0.0,29018.5442,166415.473,0.0,166409.905,0.0,0.0,0.0,0.0,0.0,0.0,0.0,0.0,0.0,166409.2152,0.0,166417.22790000003,166420.2834,0.0,800722.0241000003,2698124693
2022-04-25,0.0,0.0,0.0,0.0,0.0,0.0,0.0,0.0,0.0,168155.324,0.0,0.0,0.0,0.0,168144.90350000001,168038.3264,0.0,0.0,168156.036,0.0,84058.1511,0.0,168148.08,0.0,0.0,0.0,0.0,0.0,0.0,0.0,0.0,168144.10799999998,0.0,0.0,0.0,0.0,0.0,168099.146,0.0,0.0,0.0,0.0,0.0,168138.7609,0.0,0.0,0.0,0.0,0.0,0.0,0.0,0.0,0.0,0.0,0.0,0.0,0.0,0.0,0.0,0.0,0.0,74712.0,0.0,0.0,0.0,0.0,0.0,0.0,1858782.6739,2698124693
2022-05-23,0.0,0.0,0.0,0.0,0.0,0.0,0.0,0.0,0.0,169301.72919999997,0.0,0.0,0.0,0.0,169290.9045,0.0,0.0,0.0,0.0,0.0,0.0,0.0,0.0,0.0,0.0,0.0,0.0,0.0,0.0,0.0,0.0,169305.2751,0.0,0.0,0.0,0.0,0.0,0.0,0.0,0.0,0.0,0.0,0.0,0.0,0.0,0.0,0.0,0.0,0.0,0.0,0.0,0.0,0.0,0.0,0.0,0.0,0.0,0.0,0.0,0.0,0.0,0.0,0.0,0.0,0.0,0.0,0.0,50404.848999999995,2827533.1686000004,2698124693
2022-06-20,0.0,0.0,0.0,0.0,0.0,0.0,0.0,0.0,0.0,169847.012,0.0,0.0,0.0,0.0,0.0,0.0,0.0,0.0,0.0,0.0,0.0,0.0,0.0,0.0,0.0,0.0,0.0,0.0,0.0,0.0,0.0,0.0,0.0,0.0,0.0,0.0,0.0,0.0,0.0,0.0,0.0,0.0,0.0,169861.2545,0.0,0.0,0.0,0.0,0.0,0.0,0.0,0.0,0.0,0.0,0.0,0.0,0.0,0.0,0.0,0.0,0.0,0.0,0.0,0.0,0.0,0.0,0.0,0.0,3057534.3081,2698124693
2022-07-18,0.0,0.0,0.0,0.0,0.0,0.0,0.0,168778.5192,0.0,73.2324,0.0,0.0,0.0,0.0,168835.8425,0.0,168807.6,0.0,168818.9952,0.0,0.0,136.1997,168828.39,0.0,0.0,0.0,0.0,0.0,0.0,0.0,168794.6624,0.0,168706.5761,0.0,0.0,0.0,0.0,168787.2492,0.0,0.0,168832.356,0.0,168813.89440000002,0.0,0.0,0.0,0.0,0.0,0.0,168748.7184,0.0,0.0,0.0,0.0,168724.233,0.0,0.0,0.0,37336.0064,0.0,0.0,168775.4,168705.35499999998,0.0,168812.97759999998,0.0,0.0,168826.7,638238.8190000001,2698124693
2022-08-15,0.0,160311.69999999998,0.0,0.0,0.0,0.0,0.0,180134.92740000002,0.0,0.0,0.0,0.0,0.0,180138.093,0.0,180132.5316,0.0,0.0,0.0,0.0,180128.3246,0.0,0.0,180146.1772,0.0,0.0,0.0,180099.46000000002,0.0,0.0,0.0,0.0,0.0,0.0,0.0,0.0,0.0,180087.043,0.0,0.0,0.0,0.0,0.0,0.0,0.0,0.0,0.0,0.0,0.0,0.0,0.0,0.0,0.0,0.0,0.0,0.0,0.0,0.0,0.0,0.0,0.0,0.0,0.0,0.0,0.0,0.0,0.0,180074.727,2001078.5823,2698124693
2022-09-12,0.0,0.0,0.0,0.0,0.0,0.0,0.0,181433.29049999997,0.0,0.0,0.0,0.0,0.0,0.0,0.0,0.0,0.0,0.0,0.0,0.0,0.0,0.0,0.0,14733.7048,0.0,0.0,0.0,0.0,0.0,0.0,0.0,0.0,0.0,0.0,0.0,0.0,0.0,181350.1152,0.0,0.0,0.0,0.0,0.0,0.0,0.0,0.0,0.0,0.0,0.0,0.0,0.0,0.0,0.0,0.0,0.0,0.0,0.0,0.0,0.0,0.0,0.0,0.0,0.0,0.0,0.0,0.0,0.0,0.0,3250983.2111,2698124693
2022-10-10,0.0,0.0,0.0,0.0,0.0,855.198,0.0,167546.2416,0.0,0.0,0.0,0.0,0.0,0.0,0.0,0.0,0.0,0.0,0.0,0.0,0.0,0.0,0.0,0.0,0.0,0.0,0.0,0.0,0.0,0.0,180208.35700000002,0.0,0.0,0.0,0.0,0.0,0.0,0.0,0.0,0.0,0.0,0.0,0.0,0.0,0.0,0.0,0.0,0.0,0.0,0.0,0.0,0.0,0.0,0.0,0.0,0.0,0.0,0.0,0.0,0.0,0.0,0.0,0.0,0.0,0.0,0.0,0.0,0.0,3260422.3655999997,2698124693
2022-11-07,0.0,0.0,0.0,0.0,0.0,182398.20169999998,0.0,182395.25079999998,0.0,182144.6415,182414.5084,0.0,0.0,0.0,182414.2011,182349.6948,182361.85,0.0,0.0,0.0,182377.932,182393.81939999998,182416.95,182281.48589999997,0.0,0.0,254.8152,0.0,0.0,0.0,0.0,182413.5621,0.0,0.0,0.0,181570.54,0.0,182308.077,0.0,0.0,0.0,182416.93159999998,0.0,182395.02399999998,0.0,0.0,0.0,0.0,0.0,0.0,21.7467,0.0,0.0,0.0,182317.7994,8110.9430999999995,0.0,0.0,0.0,21605.142,0.0,0.0,0.0,0.0,0.0,0.0,182406.24240000002,182276.481,153709.16179999942,2698124693
2022-12-05,176631.7344,176594.1096,0.0,0.0,0.0,0.0,0.0,176605.2801,0.0,0.0,0.0,0.0,0.0,141914.07989999998,21.6559,176650.17,176666.49,0.0,0.0,0.0,0.0,0.0,154.98,176554.7546,0.0,0.0,0.0,176604.2928,0.0,0.0,0.0,0.0,176410.388,0.0,0.0,0.0,176627.1218,176609.568,0.0,0.0,0.0,125269.1895,0.0,176645.2779,0.0,176647.4175,0.0,0.0,0.0,0.0,0.0,0.0,0.0,0.0,0.0,176585.17260000002,0.0,0.0,0.0,0.0,0.0,0.0,0.0,0.0,0.0,0.0,0.0,176638.086,792854.0307999996,2698124693
2023-01-02,0.0,0.0,0.0,0.0,0.0,0.0,0.0,176545.49990000002,176381.9,0.0,0.0,0.0,0.0,0.0,21.9598,176447.578,0.0,0.0,0.0,0.0,0.0,0.0,0.0,176540.7872,0.0,41.5292,0.0,0.0,0.0,0.0,0.0,0.0,113060.5226,0.0,0.0,0.0,0.0,176505.5831,0.0,233.6867,0.0,0.0,0.0,0.0,133181.8162,0.0,176333.16820000001,176543.81,0.0,0.0,0.0,0.0,0.0,0.0,0.0,176521.05060000002,0.0,0.0,0.0,0.0,0.0,0.0,176427.4148,0.0,0.0,0.0,0.0,176510.5586,1519420.8761,2698124693
2023-01-30,0.0,0.0,0.0,0.0,0.0,0.0,0.0,181622.6568,0.0,0.0,0.0,0.0,0.0,0.0,0.0,0.0,0.0,0.0,0.0,0.0,0.0,0.0,0.0,181599.57749999998,0.0,0.0,0.0,0.0,0.0,0.0,0.0,0.0,106889.1236,0.0,0.0,0.0,181664.05049999998,181637.2737,0.0,181397.6476,0.0,0.0,0.0,0.0,181635.258,0.0,0.0,0.0,0.0,0.0,0.0,0.0,0.0,0.0,0.0,181603.8147,0.0,0.0,0.0,0.0,0.0,181428.66,0.0,0.0,0.0,0.0,0.0,181625.71349999998,1891798.2111000002,2698124693
2023-02-27,182769.21600000001,0.0,0.0,0.0,0.0,0.0,182629.75,182742.7394,0.0,0.0,0.0,0.0,0.0,0.0,0.0,0.0,0.0,0.0,0.0,0.0,0.0,50819.88,0.0,182653.497,0.0,0.0,0.0,0.0,0.0,0.0,0.0,0.0,0.0,0.0,0.0,0.0,0.0,182759.654,0.0,0.0,0.0,182720.832,0.0,0.0,182703.0195,0.0,0.0,0.0,0.0,0.0,0.0,0.0,0.0,0.0,182646.463,0.0,0.0,0.0,0.0,0.0,0.0,0.0,0.0,0.0,0.0,0.0,0.0,182763.6453,1959738.2656999999,2698124693
2023-03-27,0.0,0.0,0.0,0.0,0.0,0.0,0.0,179650.13760000002,0.0,0.0,0.0,0.0,0.0,0.0,0.0,0.0,0.0,0.0,0.0,0.0,0.0,0.0,0.0,179628.0164,0.0,0.0,0.0,0.0,0.0,0.0,0.0,0.0,0.0,0.0,0.0,0.0,0.0,179597.3656,0.0,179540.823,0.0,107941.5726,0.0,0.0,179649.9135,0.0,0.0,0.0,0.0,0.0,0.0,0.0,0.0,802.23,0.0,179603.5102,179693.0616,0.0,0.0,0.0,0.0,0.0,0.0,0.0,0.0,0.0,0.0,0.0,2227710.3028999995,2698124693
2023-04-24,0.0,0.0,0.0,0.0,0.0,0.0,0.0,181507.7775,181283.80000000002,0.0,0.0,0.0,181346.9086,0.0,0.0,0.0,0.0,0.0,0.0,0.0,24426.5554,0.0,0.0,0.0,0.0,0.0,0.0,0.0,0.0,0.0,0.0,0.0,0.0,0.0,0.0,0.0,0.0,181472.535,0.0,0.0,0.0,0.0,0.0,0.0,0.0,0.0,0.0,0.0,0.0,0.0,0.0,0.0,0.0,0.0,181473.01859999998,0.0,0.0,0.0,0.0,0.0,0.0,0.0,0.0,0.0,0.0,0.0,0.0,0.0,2698744.7803999996,2698124693
2023-05-22,0.0,0.0,0.0,0.0,0.0,0.0,0.0,180363.96959999998,180363.24,0.0,0.0,27835.3908,0.0,0.0,0.0,0.0,0.0,0.0,23.1701,0.0,0.0,0.0,0.0,0.0,0.0,0.0,0.0,0.0,0.0,0.0,180331.7615,0.0,0.0,0.0,0.0,0.0,0.0,0.0,0.0,0.0,0.0,0.0,0.0,0.0,0.0,0.0,0.0,0.0,0.0,0.0,0.0,0.0,0.0,0.0,0.0,0.0,0.0,0.0,0.0,0.0,0.0,0.0,180303.4929,0.0,0.0,0.0,0.0,0.0,2857893.1941,2698124693
2023-06-19,0.0,0.0,0.0,0.0,0.0,0.0,0.0,181479.025,0.0,0.0,0.0,0.0,0.0,0.0,0.0,0.0,0.0,0.0,0.0,0.0,0.0,0.0,0.0,0.0,0.0,0.0,0.0,0.0,0.0,27052.7802,0.0,0.0,181316.912,0.0,0.0,0.0,0.0,0.0,0.0,0.0,0.0,0.0,0.0,0.0,0.0,0.0,0.0,0.0,0.0,0.0,0.0,0.0,0.0,0.0,0.0,0.0,0.0,0.0,181411.0804,0.0,0.0,0.0,181257.7365,0.0,0.0,0.0,0.0,0.0,2878264.6719000004,2698124693
2023-07-17,0.0,0.0,0.0,0.0,0.0,0.0,0.0,183231.5114,0.0,63.9892,0.0,0.0,0.0,0.0,0.0,0.0,0.0,0.0,0.0,0.0,0.0,0.0,0.0,0.0,0.0,255.9378,0.0,0.0,0.0,0.0,76111.72589999999,0.0,0.0,183314.124,0.0,0.0,0.0,0.0,0.0,0.0,0.0,0.0,0.0,0.0,0.0,0.0,0.0,0.0,0.0,183286.27800000002,0.0,38.198,0.0,0.0,0.0,0.0,0.0,0.0,0.0,0.0,0.0,183285.76,0.0,0.0,0.0,0.0,0.0,0.0,2856727.0669,2698124693
2023-08-14,0.0,0.0,0.0,0.0,0.0,0.0,0.0,183389.0108,0.0,0.0,0.0,0.0,0.0,0.0,0.0,0.0,0.0,0.0,0.0,0.0,0.0,183382.17169999998,0.0,0.0,0.0,0.0,183437.576,0.0,0.0,0.0,0.0,0.0,183456.54040000003,0.0,0.0,0.0,0.0,0.0,42643.9309,0.0,0.0,0.0,0.0,0.0,0.0,0.0,0.0,47.0233,0.0,0.0,0.0,0.0,32.1467,0.0,0.0,0.0,0.0,0.0,0.0,0.0,0.0,0.0,0.0,0.0,0.0,0.0,0.0,0.0,2892874.7221,2698124693
2023-09-11,0.0,216.4473,0.0,0.0,0.0,0.0,0.0,184084.6398,0.0,0.0,0.0,0.0,0.0,56556.979499999994,0.0,0.0,0.0,0.0,0.0,0.0,0.0,0.0,0.0,0.0,0.0,0.0,0.0,0.0,0.0,0.0,0.0,0.0,0.0,0.0,0.0,0.0,184014.61560000002,0.0,0.0,184007.031,184132.923,0.0,0.0,0.0,0.0,0.0,0.0,0.0,0.0,0.0,0.0,0.0,0.0,0.0,0.0,0.0,0.0,0.0,0.0,0.0,0.0,0.0,0.0,0.0,0.0,0.0,0.0,0.0,2889866.6481,2698124693
2023-10-09,0.0,0.0,0.0,0.0,0.0,0.0,0.0,183062.369,0.0,0.0,0.0,0.0,0.0,0.0,0.0,0.0,0.0,0.0,0.0,0.0,0.0,182998.6588,0.0,0.0,154753.86,0.0,0.0,0.0,0.0,0.0,0.0,0.0,0.0,0.0,0.0,0.0,0.0,0.0,0.0,0.0,0.0,0.0,0.0,0.0,0.0,0.0,0.0,0.0,0.0,0.0,0.0,0.0,0.0,0.0,0.0,183029.1777,183058.2984,0.0,0.0,0.0,0.0,0.0,0.0,0.0,0.0,0.0,0.0,0.0,2774262.3992999997,2698124693
2023-11-06,0.0,0.0,0.0,182787.4818,0.0,0.0,0.0,182716.965,0.0,0.0,0.0,0.0,0.0,0.0,0.0,182683.2944,0.0,0.0,0.0,0.0,0.0,0.0,0.0,0.0,0.0,0.0,0.0,0.0,0.0,0.0,0.0,0.0,0.0,0.0,182430.4989,0.0,52014.622599999995,568.9404,0.0,0.0,0.0,0.0,0.0,0.0,0.0,0.0,0.0,0.0,0.0,0.0,0.0,0.0,0.0,0.0,182747.721,0.0,0.0,0.0,0.0,0.0,0.0,0.0,0.0,0.0,0.0,0.0,0.0,0.0,2690015.4625,2698124693
2023-12-04,0.0,0.0,0.0,0.0,0.0,0.0,183823.59,184373.69019999998,0.0,0.0,0.0,0.0,0.0,0.0,0.0,0.0,0.0,0.0,0.0,0.0,0.0,0.0,0.0,0.0,0.0,0.0,0.0,0.0,0.0,0.0,0.0,0.0,0.0,0.0,0.0,0.0,184166.35600000003,0.0,0.0,0.0,0.0,0.0,0.0,638.7136,0.0,0.0,0.0,0.0,0.0,184323.49539999999,0.0,0.0,0.0,0.0,0.0,0.0,0.0,0.0,29798.9787,0.0,0.0,0.0,0.0,0.0,0.0,0.0,0.0,0.0,2921897.6954,2698124693
2024-01-01,0.0,0.0,0.0,0.0,0.0,0.0,186163.92,0.0,186176.52000000002,63.9044,0.0,0.0,0.0,0.0,0.0,0.0,0.0,0.0,0.0,0.0,0.0,0.0,0.0,0.0,0.0,0.0,0.0,0.0,0.0,0.0,0.0,0.0,0.0,0.0,0.0,0.0,1053.6117,0.0,0.0,0.0,0.0,0.0,0.0,0.0,0.0,0.0,0.0,0.0,0.0,0.0,0.0,0.0,0.0,0.0,0.0,0.0,0.0,0.0,0.0,0.0,0.0,0.0,186459.3944,0.0,0.0,0.0,0.0,0.0,3169359.4790000003,2698124693
2024-01-29,0.0,0.0,0.0,0.0,0.0,188221.7056,0.0,188111.10840000003,0.0,0.0,0.0,0.0,0.0,0.0,0.0,0.0,0.0,0.0,0.0,0.0,0.0,0.0,0.0,0.0,0.0,0.0,0.0,0.0,0.0,57170.9145,0.0,0.0,0.0,188201.0,187883.046,0.0,0.0,0.0,0.0,0.0,0.0,0.0,0.0,0.0,0.0,0.0,0.0,0.0,0.0,0.0,0.0,0.0,0.0,0.0,0.0,0.0,0.0,0.0,0.0,0.0,0.0,0.0,0.0,0.0,0.0,0.0,0.0,0.0,2955029.3274,2698124693
2024-02-26,0.0,0.0,0.0,0.0,0.0,189698.157,0.0,189643.464,0.0,0.0,0.0,0.0,0.0,0.0,0.0,0.0,0.0,0.0,0.0,0.0,0.0,0.0,0.0,0.0,0.0,0.0,0.0,189689.8504,0.0,0.0,0.0,0.0,0.0,0.0,0.0,0.0,0.0,0.0,0.0,0.0,0.0,0.0,189686.59500000003,0.0,0.0,0.0,0.0,0.0,0.0,0.0,0.0,0.0,0.0,0.0,0.0,75199.4824,0.0,0.0,0.0,0.0,0.0,0.0,0.0,0.0,0.0,0.0,0.0,0.0,2959927.5242,2698124693
2024-03-25,51.2552,0.0,0.0,0.0,0.0,0.0,0.0,190898.86549999999,190202.88,0.0,0.0,28887.964,190805.7222,0.0,0.0,0.0,0.0,0.0,0.0,0.0,0.0,0.0,0.0,0.0,0.0,0.0,0.0,0.0,0.0,0.0,0.0,0.0,0.0,0.0,0.0,0.0,0.0,0.0,0.0,0.0,0.0,0.0,0.0,0.0,0.0,0.0,0.0,0.0,0.0,190844.4922,0.0,0.0,0.0,0.0,0.0,0.0,0.0,0.0,0.0,0.0,0.0,0.0,0.0,0.0,0.0,0.0,0.0,0.0,3027024.4223999996,2698124693
2024-04-22,0.0,0.0,0.0,0.0,0.0,190316.1047,0.0,190313.4692,0.0,0.0,0.0,0.0,0.0,0.0,0.0,0.0,0.0,0.0,0.0,0.0,0.0,0.0,0.0,0.0,0.0,0.0,0.0,0.0,0.0,0.0,0.0,0.0,0.0,0.0,0.0,0.0,0.0,0.0,0.0,0.0,0.0,0.0,0.0,0.0,0.0,0.0,0.0,0.0,0.0,190242.117,0.0,0.0,0.0,72010.62,0.0,0.0,0.0,0.0,0.0,0.0,0.0,0.0,190228.55519999997,0.0,0.0,0.0,0.0,0.0,2973835.871,2698124693
2024-05-20,0.0,0.0,0.0,0.0,0.0,0.0,0.0,192273.26400000002,0.0,0.0,0.0,0.0,0.0,0.0,0.0,192146.6547,0.0,0.0,0.0,0.0,0.0,0.0,0.0,0.0,0.0,0.0,0.0,0.0,0.0,192247.786,0.0,0.0,0.0,62907.9454,0.0,0.0,0.0,0.0,0.0,0.0,0.0,0.0,0.0,0.0,192239.46099999998,0.0,0.0,0.0,0.0,0.0,0.0,0.0,33.4449,0.0,0.0,0.0,0.0,0.0,0.0,0.0,0.0,0.0,0.0,0.0,0.0,0.0,0.0,0.0,3013578.9762000004,2698124693
2024-06-17,0.0,0.0,0.0,0.0,0.0,0.0,0.0,192789.426,0.0,0.0,0.0,192798.3616,17218.255400000002,0.0,0.0,0.0,0.0,0.0,6259.3572,0.0,0.0,0.0,0.0,0.0,0.0,0.0,0.0,0.0,0.0,0.0,0.0,0.0,0.0,0.0,0.0,0.0,0.0,0.0,0.0,0.0,0.0,0.0,0.0,0.0,0.0,0.0,0.0,0.0,0.0,0.0,0.0,0.0,0.0,0.0,0.0,0.0,0.0,0.0,192356.8309,0.0,0.0,0.0,192693.6528,0.0,0.0,0.0,0.0,0.0,3061686.3001,2698124693
2024-07-15,0.0,0.0,0.0,0.0,0.0,194832.07020000002,0.0,194853.42,0.0,0.0,0.0,0.0,0.0,0.0,0.0,56081.1197,0.0,0.0,27.1444,0.0,0.0,0.0,0.0,0.0,0.0,0.0,0.0,0.0,0.0,0.0,0.0,0.0,0.0,0.0,0.0,0.0,0.0,0.0,0.0,0.0,0.0,0.0,194862.01719999997,0.0,194743.47749999998,0.0,0.0,0.0,0.0,0.0,0.0,0.0,0.0,0.0,0.0,0.0,0.0,0.0,0.0,0.0,0.0,0.0,0.0,0.0,0.0,0.0,0.0,0.0,3062428.4109,2698124693
2024-08-12,0.0,0.0,0.0,0.0,0.0,0.0,0.0,193646.18320000003,0.0,0.0,0.0,0.0,0.0,0.0,0.0,0.0,0.0,0.0,0.0,193608.25,0.0,0.0,0.0,0.0,0.0,0.0,0.0,0.0,0.0,0.0,0.0,0.0,0.0,0.0,0.0,0.0,0.0,0.0,0.0,0.0,0.0,0.0,193721.9328,0.0,0.0,0.0,0.0,0.0,0.0,172839.2147,0.0,0.0,0.0,0.0,0.0,0.0,0.0,0.0,0.0,0.0,0.0,0.0,193599.5988,0.0,0.0,0.0,0.0,0.0,2927149.5442,2698124693
2024-09-09,0.0,0.0,0.0,0.0,0.0,0.0,0.0,194919.3072,0.0,0.0,0.0,0.0,0.0,0.0,0.0,0.0,0.0,0.0,0.0,0.0,0.0,46509.116500000004,0.0,0.0,0.0,0.0,0.0,0.0,0.0,0.0,0.0,0.0,0.0,0.0,0.0,0.0,0.0,0.0,0.0,0.0,0.0,0.0,0.0,0.0,0.0,0.0,194835.32640000002,0.0,0.0,0.0,0.0,0.0,0.0,0.0,0.0,0.0,195055.96,0.0,0.0,0.0,0.0,0.0,0.0,0.0,195034.9598,0.0,0.0,0.0,3074524.4391,2698124693
2024-10-07,0.0,0.0,0.0,0.0,0.0,195353.472,0.0,195256.4,0.0,0.0,0.0,0.0,0.0,0.0,0.0,195240.8885,0.0,0.0,0.0,0.0,0.0,0.0,0.0,0.0,0.0,0.0,0.0,0.0,0.0,0.0,0.0,0.0,0.0,0.0,76910.784,0.0,0.0,0.0,0.0,0.0,0.0,0.0,0.0,0.0,195240.49920000002,0.0,0.0,0.0,0.0,0.0,0.0,0.0,0.0,0.0,0.0,0.0,0.0,0.0,0.0,0.0,0.0,0.0,0.0,0.0,0.0,0.0,0.0,0.0,3049041.1169000003,2698124693
2024-11-04,0.0,0.0,0.0,0.0,0.0,0.0,0.0,197027.3935,0.0,0.0,0.0,0.0,0.0,0.0,0.0,0.0,0.0,0.0,0.0,0.0,197041.448,197044.0972,68.58,0.0,0.0,0.0,0.0,0.0,0.0,0.0,0.0,0.0,0.0,0.0,0.0,0.0,0.0,0.0,0.0,0.0,0.0,0.0,0.0,0.0,0.0,0.0,0.0,0.0,0.0,0.0,0.0,197079.2536,0.0,0.0,0.0,111329.92880000001,0.0,0.0,0.0,0.0,0.0,0.0,0.0,0.0,0.0,0.0,0.0,0.0,3041790.1898,2698124693
2024-12-02,0.0,0.0,0.0,0.0,197882.78999999998,0.0,0.0,198144.1686,0.0,0.0,0.0,0.0,0.0,0.0,0.0,0.0,0.0,0.0,0.0,40178.1,0.0,0.0,0.0,198003.16700000002,0.0,0.0,0.0,0.0,0.0,197757.0816,0.0,0.0,0.0,0.0,0.0,0.0,0.0,0.0,0.0,0.0,0.0,0.0,0.0,0.0,0.0,0.0,0.0,0.0,0.0,0.0,0.0,222.8384,0.0,0.0,0.0,0.0,0.0,0.0,0.0,0.0,198063.3182,0.0,0.0,0.0,0.0,0.0,0.0,0.0,2932409.23,2698124693
